"D:/Kool/Saxion/Semester 4/Unreal/AE_Unreal/AE_Unreal.uproject" 1
"../../../Engine/Plugins/AudioGameplayVolume/AudioGameplayVolume.uplugin" 2
"../../../Engine/Plugins/BaseMaterial/BaseMaterial.uplugin" 3
"../../../Engine/Plugins/AudioInsights/AudioInsights.uplugin" 4
"../../../Engine/Plugins/Bridge/Bridge.uplugin" 5
"../../../Engine/Plugins/ChaosCloth/ChaosCloth.uplugin" 6
"../../../Engine/Plugins/AudioGameplay/AudioGameplay.uplugin" 7
"../../../Engine/Plugins/ChaosClothAsset/ChaosClothAsset.uplugin" 8
"../../../Engine/Plugins/BlueprintFileUtils/BlueprintFileUtils.uplugin" 9
"../../../Engine/Plugins/ChaosInsights/ChaosInsights.uplugin" 10
"../../../Engine/Plugins/ChaosVD/ChaosVD.uplugin" 11
"../../../Engine/Plugins/DiscoveryBeaconReceiver/DiscoveryBeaconReceiver.uplugin" 12
"../../../Engine/Plugins/FastBuildController/FastBuildController.uplugin" 13
"../../../Engine/Plugins/EnhancedInput/EnhancedInput.uplugin" 14
"../../../Engine/Plugins/CmdLinkServer/CmdLinkServer.uplugin" 15
"../../../Engine/Plugins/IoStoreInsights/IoStoreInsights.uplugin" 16
"../../../Engine/Plugins/Chooser/Chooser.uplugin" 17
"../../../Engine/Plugins/ChaosClothAssetEditor/ChaosClothAssetEditor.uplugin" 18
"../../../Engine/Plugins/MassInsights/MassInsights.uplugin" 19
"../../../Engine/Plugins/RenderGraphInsights/RenderGraphInsights.uplugin" 20
"../../../Engine/Plugins/Fab/Fab.uplugin" 21
"../../../Engine/Plugins/TextureGraph/TextureGraph.uplugin" 22
"../../../Engine/Plugins/ScriptPlugin/ScriptPlugin.uplugin" 23
"../../../Engine/Plugins/AI/HTNPlanner/HTNPlanner.uplugin" 24
"../../../Engine/Plugins/AI/MassAI/MassAI.uplugin" 25
"../../../Engine/Plugins/AI/EnvironmentQueryEditor/EnvironmentQueryEditor.uplugin" 26
"../../../Engine/Plugins/Cameras/EngineCameras/EngineCameras.uplugin" 27
"../../../Engine/Plugins/AI/MLAdapter/MLAdapter.uplugin" 28
"../../../Engine/Plugins/Cameras/GameplayCameras/GameplayCameras.uplugin" 29
"../../../Engine/Plugins/Compression/OodleNetwork/OodleNetwork.uplugin" 30
"../../../Engine/Plugins/Mutable/Mutable.uplugin" 31
"../../../Engine/Plugins/Interchange/Assets/InterchangeAssets.uplugin" 32
"../../../Engine/Plugins/JsonBlueprintUtilities/JsonBlueprintUtilities.uplugin" 33
"../../../Engine/Plugins/Interchange/Runtime/Interchange.uplugin" 34
"../../../Engine/Plugins/PCG/PCG.uplugin" 35
"../../../Engine/Plugins/Interchange/Editor/InterchangeEditor.uplugin" 36
"../../../Engine/Plugins/MetaHuman/MetaHumanAnimator/MetaHuman.uplugin" 37
"../../../Engine/Plugins/MeshPainting/MeshPainting.uplugin" 38
"../../../Engine/Plugins/Cameras/CameraShakePreviewer/CameraShakePreviewer.uplugin" 39
"../../../Engine/Plugins/UbaController/UbaController.uplugin" 40
"../../../Engine/Plugins/NNE/NNEDenoiser/NNEDenoiser.uplugin" 41
"../../../Engine/Plugins/NNE/NNERuntimeORT/NNERuntimeORT.uplugin" 42
"../../../Engine/Plugins/TraceUtilities/TraceUtilities.uplugin" 43
"../../../Engine/Plugins/Performance/PerformanceMonitor/PerformanceMonitor.uplugin" 44
"../../../Engine/Plugins/MetaHuman/MetaHumanSDK/MetaHumanSDK.uplugin" 45
"../../../Engine/Plugins/WorldMetrics/WorldMetrics.uplugin" 46
"../../../Engine/Plugins/LightWeightInstancesEditor/LightWeightInstancesEditor.uplugin" 47
"../../../Engine/Plugins/XGEController/XGEController.uplugin" 48
"../../../Engine/Plugins/Runtime/ActorLayerUtilities/ActorLayerUtilities.uplugin" 49
"../../../Engine/Plugins/Runtime/AndroidBackgroundService/AndroidBackgroundService.uplugin" 50
"../../../Engine/Plugins/Runtime/AnimationBudgetAllocator/AnimationBudgetAllocator.uplugin" 51
"../../../Engine/Plugins/Runtime/AndroidDeviceProfileSelector/AndroidDeviceProfileSelector.uplugin" 52
"../../../Engine/Plugins/Runtime/AndroidMoviePlayer/AndroidMoviePlayer.uplugin" 53
"../../../Engine/Plugins/MetaHuman/MetaHumanCharacter/MetaHumanCharacter.uplugin" 54
"../../../Engine/Plugins/AI/MassCrowd/MassCrowd.uplugin" 55
"../../../Engine/Plugins/Runtime/AssetTags/AssetTags.uplugin" 56
"../../../Engine/Plugins/Runtime/ArchVisCharacter/ArchVisCharacter.uplugin" 57
"../../../Engine/Plugins/Runtime/AudioSynesthesia/AudioSynesthesia.uplugin" 58
"../../../Engine/Plugins/Runtime/AndroidPermission/AndroidPermission.uplugin" 59
"../../../Engine/Plugins/Runtime/ComputeFramework/ComputeFramework.uplugin" 60
"../../../Engine/Plugins/Runtime/AppleMoviePlayer/AppleMoviePlayer.uplugin" 61
"../../../Engine/Plugins/Runtime/CustomMeshComponent/CustomMeshComponent.uplugin" 62
"../../../Engine/Plugins/Runtime/AudioCapture/AudioCapture.uplugin" 63
"../../../Engine/Plugins/Runtime/ChunkDownloader/ChunkDownloader.uplugin" 64
"../../../Engine/Plugins/MetaHuman/MetaHumanCalibrationProcessing/MetaHumanCalibrationProcessing.uplugin" 65
"../../../Engine/Plugins/Runtime/ExampleDeviceProfileSelector/ExampleDeviceProfileSelector.uplugin" 66
"../../../Engine/Plugins/Runtime/AudioMotorSim/AudioMotorSim.uplugin" 67
"../../../Engine/Plugins/Performance/AutomatedPerfTesting/AutomatedPerfTesting.uplugin" 68
"../../../Engine/Plugins/Runtime/Firebase/Firebase.uplugin" 69
"../../../Engine/Plugins/Runtime/GameFeatures/GameFeatures.uplugin" 70
"../../../Engine/Plugins/Runtime/CableComponent/CableComponent.uplugin" 71
"../../../Engine/Plugins/Runtime/GameInput/GameInput.uplugin" 72
"../../../Engine/Plugins/Runtime/AudioModulation/AudioModulation.uplugin" 73
"../../../Engine/Plugins/Runtime/GameplayAbilities/GameplayAbilities.uplugin" 74
"../../../Engine/Plugins/MetaHuman/MetaHumanCoreTechLib/MetaHumanCoreTech.uplugin" 75
"../../../Engine/Plugins/Runtime/GameplayInteractions/GameplayInteractions.uplugin" 76
"../../../Engine/Plugins/Runtime/AndroidFileServer/AndroidFileServer.uplugin" 77
"../../../Engine/Plugins/Runtime/GameplayStateTree/GameplayStateTree.uplugin" 78
"../../../Engine/Plugins/Runtime/DataRegistry/DataRegistry.uplugin" 79
"../../../Engine/Plugins/Runtime/GeometryCache/GeometryCache.uplugin" 80
"../../../Engine/Plugins/Runtime/GoogleCloudMessaging/GoogleCloudMessaging.uplugin" 81
"../../../Engine/Plugins/Runtime/GeometryScripting/GeometryScripting.uplugin" 82
"../../../Engine/Plugins/Runtime/GooglePAD/GooglePAD.uplugin" 83
"../../../Engine/Plugins/Runtime/Harmonix/Harmonix.uplugin" 84
"../../../Engine/Plugins/Runtime/AudioWidgets/AudioWidgets.uplugin" 85
"../../../Engine/Plugins/Runtime/HTTPChunkInstaller/HTTPChunkInstaller.uplugin" 86
"../../../Engine/Plugins/MetaHuman/MetaHumanLiveLink/MetaHumanLiveLink.uplugin" 87
"../../../Engine/Plugins/Runtime/InputDebugging/InputDebugging.uplugin" 88
"../../../Engine/Plugins/Runtime/CommonUI/CommonUI.uplugin" 89
"../../../Engine/Plugins/Runtime/GeoReferencing/GeoReferencing.uplugin" 90
"../../../Engine/Plugins/MemoryUsageQueries/MemoryUsageQueries.uplugin" 91
"../../../Engine/Plugins/Runtime/IOSReplayKit/IOSReplayKit.uplugin" 92
"../../../Engine/Plugins/AI/AISupport/AISupport.uplugin" 93
"../../../Engine/Plugins/Runtime/IOSDeviceProfileSelector/IOSDeviceProfileSelector.uplugin" 94
"../../../Engine/Plugins/Runtime/LevelStreamingPersistence/LevelStreamingPersistence.uplugin" 95
"../../../Engine/Plugins/Runtime/MassEntity/MassEntity.uplugin" 96
"../../../Engine/Plugins/Runtime/LocationServicesBPLibrary/LocationServicesBPLibrary.uplugin" 97
"../../../Engine/Plugins/Runtime/HairStrands/HairStrands.uplugin" 98
"../../../Engine/Plugins/Runtime/MassGameplay/MassGameplay.uplugin" 99
"../../../Engine/Plugins/Runtime/ExternalGPUStatistics/ExternalGPUStatistics.uplugin" 100
"../../../Engine/Plugins/Runtime/LocationServicesAndroidImpl/LocationServicesAndroidImpl.uplugin" 101
"../../../Engine/Plugins/Runtime/MeshModelingToolset/MeshModelingToolset.uplugin" 102
"../../../Engine/Plugins/Runtime/Metasound/Metasound.uplugin" 103
"../../../Engine/Plugins/Runtime/GameplayBehaviorSmartObjects/GameplayBehaviorSmartObjects.uplugin" 104
"../../../Engine/Plugins/Runtime/LocationServicesIOSImpl/LocationServicesIOSImpl.uplugin" 105
"../../../Engine/Plugins/Runtime/MixedRealityCaptureFramework/MixedRealityCaptureFramework.uplugin" 106
"../../../Engine/Plugins/Runtime/ModelViewViewModel/ModelViewViewModel.uplugin" 107
"../../../Engine/Plugins/Runtime/MobilePatchingUtils/MobilePatchingUtils.uplugin" 108
"../../../Engine/Plugins/Runtime/MIDIDevice/MIDIDevice.uplugin" 109
"../../../Engine/Plugins/Runtime/ModularGameplay/ModularGameplay.uplugin" 110
"../../../Engine/Plugins/Runtime/MsQuic/MsQuic.uplugin" 111
"../../../Engine/Plugins/Runtime/HPMotionController/HPMotionController.uplugin" 112
"../../../Engine/Plugins/Runtime/MusicEnvironment/MusicEnvironment.uplugin" 113
"../../../Engine/Plugins/Runtime/InstancedActors/InstancedActors.uplugin" 114
"../../../Engine/Plugins/Runtime/nDisplayModularFeatures/nDisplayModularFeatures.uplugin" 115
"../../../Engine/Plugins/Runtime/LiveLinkOvernDisplay/LiveLinkOverNDisplay.uplugin" 116
"../../../Engine/Plugins/Runtime/OpenCV/OpenCV.uplugin" 117
"../../../Engine/Plugins/Runtime/OpenXR/OpenXR.uplugin" 118
"../../../Engine/Plugins/Runtime/LinuxDeviceProfileSelector/LinuxDeviceProfileSelector.uplugin" 119
"../../../Engine/Plugins/Runtime/HDRIBackdrop/HDRIBackdrop.uplugin" 120
"../../../Engine/Plugins/Runtime/OptionalMobileFeaturesBPLibrary/OptionalMobileFeaturesBPLibrary.uplugin" 121
"../../../Engine/Plugins/Runtime/OpenXRHandTracking/OpenXRHandTracking.uplugin" 122
"../../../Engine/Plugins/Runtime/AppleImageUtils/AppleImageUtils.uplugin" 123
"../../../Engine/Plugins/Runtime/OSC/OSC.uplugin" 124
"../../../Engine/Plugins/Runtime/ApexDestruction/ApexDestruction.uplugin" 125
"../../../Engine/Plugins/Runtime/GeometryProcessing/GeometryProcessing.uplugin" 126
"../../../Engine/Plugins/Runtime/OpenXRViveTracker/OpenXRViveTracker.uplugin" 127
"../../../Engine/Plugins/Runtime/ProceduralMeshComponent/ProceduralMeshComponent.uplugin" 128
"../../../Engine/Plugins/Runtime/PropertyAccess/PropertyAccessEditor.uplugin" 129
"../../../Engine/Plugins/Runtime/OpenXRMsftHandInteraction/OpenXRMsftHandInteraction.uplugin" 130
"../../../Engine/Plugins/Runtime/RenderTrace/RenderTrace.uplugin" 131
"../../../Engine/Plugins/Runtime/NavCorridor/NavCorridor.uplugin" 132
"../../../Engine/Plugins/Runtime/ResonanceAudio/ResonanceAudio.uplugin" 133
"../../../Engine/Plugins/Runtime/PreLoadScreenMoviePlayer/PreLoadScreenMoviePlayer.uplugin" 134
"../../../Engine/Plugins/Runtime/ReplicationSystemTestPlugin/ReplicationSystemTestPlugin.uplugin" 135
"../../../Engine/Plugins/Runtime/PropertyBindingUtils/PropertyBindingUtils.uplugin" 136
"../../../Engine/Plugins/Runtime/NetworkPrediction/NetworkPrediction.uplugin" 137
"../../../Engine/Plugins/Runtime/ScriptableToolsFramework/ScriptableToolsFramework.uplugin" 138
"../../../Engine/Plugins/Runtime/SoundCueTemplates/SoundCueTemplates.uplugin" 139
"../../../Engine/Plugins/Runtime/ReplicationGraph/ReplicationGraph.uplugin" 140
"../../../Engine/Plugins/Runtime/RigVM/RigVM.uplugin" 141
"../../../Engine/Plugins/Runtime/SoundMod/SoundMod.uplugin" 142
"../../../Engine/Plugins/Runtime/MicrosoftSpatialAudio/MicroSoftSpatialSound.uplugin" 143
"../../../Engine/Plugins/Runtime/Soundscape/Soundscape.uplugin" 144
"../../../Engine/Plugins/Runtime/SignificanceManager/SignificanceManager.uplugin" 145
"../../../Engine/Plugins/Runtime/SoundUtilities/SoundUtilities.uplugin" 146
"../../../Engine/Plugins/Runtime/Spatialization/Spatialization.uplugin" 147
"../../../Engine/Plugins/Runtime/SmartObjects/SmartObjects.uplugin" 148
"../../../Engine/Plugins/Runtime/USDCore/USDCore.uplugin" 149
"../../../Engine/Plugins/Runtime/MultiServerReplication/MultiServerReplication.uplugin" 150
"../../../Engine/Plugins/Runtime/StateTree/StateTree.uplugin" 151
"../../../Engine/Plugins/Runtime/WebBrowserNativeProxy/WebBrowserNativeProxy.uplugin" 152
"../../../Engine/Plugins/Runtime/WindowsDeviceProfileSelector/WindowsDeviceProfileSelector.uplugin" 153
"../../../Engine/Plugins/Runtime/nDisplay/nDisplay.uplugin" 154
"../../../Engine/Plugins/Runtime/WindowsMoviePlayer/WindowsMoviePlayer.uplugin" 155
"../../../Engine/Plugins/Runtime/WebBrowserWidget/WebBrowserWidget.uplugin" 156
"../../../Engine/Plugins/Runtime/NetworkPredictionInsights/NetworkPredictionInsights.uplugin" 157
"../../../Engine/Plugins/Importers/AlembicImporter/AlembicImporter.uplugin" 158
"../../../Engine/Plugins/Runtime/XRBase/XRBase.uplugin" 159
"../../../Engine/Plugins/Runtime/ADM/ADM.uplugin" 160
"../../../Engine/Plugins/Runtime/WorldConditions/WorldConditions.uplugin" 161
"../../../Engine/Plugins/Runtime/SunPosition/SunPosition.uplugin" 162
"../../../Engine/Plugins/Runtime/NetworkPredictionExtras/NetworkPredictionExtras.uplugin" 163
"../../../Engine/Plugins/Online/OnlineFramework/OnlineFramework.uplugin" 164
"../../../Engine/Plugins/Importers/USDImporter/USDImporter.uplugin" 165
"../../../Engine/Plugins/Runtime/WarpUtils/WarpUtils.uplugin" 166
"../../../Engine/Plugins/Online/OnlineFrameworkCommon/OnlineFrameworkCommon.uplugin" 167
"../../../Engine/Plugins/Online/OnlineServices/OnlineServices.uplugin" 168
"../../../Engine/Plugins/Runtime/WaveTable/WaveTable.uplugin" 169
"../../../Engine/Plugins/Online/OnlineServicesEOSGS/OnlineServicesEOSGS.uplugin" 170
"../../../Engine/Plugins/Runtime/WebMMoviePlayer/WebMMoviePlayer.uplugin" 171
"../../../Engine/Plugins/Runtime/SkeletalMerging/SkeletalMerging.uplugin" 172
"../../../Engine/Plugins/Runtime/ZoneGraphAnnotations/ZoneGraphAnnotations.uplugin" 173
"../../../Engine/Plugins/Online/OnlineServicesEOS/OnlineServicesEOS.uplugin" 174
"../../../Engine/Plugins/Online/OnlineServicesNull/OnlineServicesNull.uplugin" 175
"../../../Engine/Plugins/Runtime/SoundFields/SoundFields.uplugin" 176
"../../../Engine/Plugins/Online/OnlineServicesEpicCommon/OnlineServicesEpicCommon.uplugin" 177
"../../../Engine/Plugins/Runtime/Synthesis/Synthesis.uplugin" 178
"../../../Engine/Plugins/Online/OnlineSubsystemApple/OnlineSubsystemApple.uplugin" 179
"../../../Engine/Plugins/Runtime/OpenXREyeTracker/OpenXREyeTracker.uplugin" 180
"../../../Engine/Plugins/Online/OnlineSubsystemAmazon/OnlineSubsystemAmazon.uplugin" 181
"../../../Engine/Plugins/Online/OnlineServicesOSSAdapter/OnlineServicesOSSAdapter.uplugin" 182
"../../../Engine/Plugins/Online/OnlineSubsystemFacebook/OnlineSubsystemFacebook.uplugin" 183
"../../../Engine/Plugins/Online/OnlineSubsystemSteam/OnlineSubsystemSteam.uplugin" 184
"../../../Engine/Plugins/Online/OnlineSubsystemTencent/OnlineSubsystemTencent.uplugin" 185
"../../../Engine/Plugins/Online/OnlineBase/OnlineBase.uplugin" 186
"../../../Engine/Plugins/Runtime/ZoneGraph/ZoneGraph.uplugin" 187
"../../../Engine/Plugins/Online/SocketSubsystemSteamIP/SocketSubsystemSteamIP.uplugin" 188
"../../../Engine/Plugins/Online/OnlineSubsystemEOS/OnlineSubsystemEOS.uplugin" 189
"../../../Engine/Plugins/Online/SocketSubsystemEOS/SocketSubsystemEOS.uplugin" 190
"../../../Engine/Plugins/Slate/SlateInsights/SlateInsights.uplugin" 191
"../../../Engine/Plugins/Importers/USDImporterMDL/USDImporterMDL.uplugin" 192
"../../../Engine/Plugins/Online/OnlineSubsystemUtils/OnlineSubsystemUtils.uplugin" 193
"../../../Engine/Plugins/Online/OnlineSubsystemNull/OnlineSubsystemNull.uplugin" 194
"../../../Engine/Plugins/Online/OnlineSubsystemGoogle/OnlineSubsystemGoogle.uplugin" 195
"../../../Engine/Plugins/Slate/SlateScripting/SlateScripting.uplugin" 196
"../../../Engine/Plugins/Online/OnlineSubsystem/OnlineSubsystem.uplugin" 197
"../../../Engine/Plugins/Tests/AudioCQTests/AudioCQTests.uplugin" 198
"../../../Engine/Plugins/Online/EOSShared/EOSShared.uplugin" 199
"../../../Engine/Plugins/Tests/RuntimeTests/RuntimeTests.uplugin" 200
"../../../Engine/Plugins/Importers/USDMultiUser/USDMultiUser.uplugin" 201
"../../../Engine/Plugins/Tests/RHITests/RHITests.uplugin" 202
"../../../Engine/Plugins/Tests/TestFramework/TestFramework.uplugin" 203
"../../../Engine/Plugins/Online/WebAuth/WebAuth.uplugin" 204
"../../../Engine/Plugins/Tests/FunctionalTestingEditor/FunctionalTestingEditor.uplugin" 205
"../../../Engine/Plugins/Developer/CodeLiteSourceCodeAccess/CodeLiteSourceCodeAccess.uplugin" 206
"../../../Engine/Plugins/Developer/CLionSourceCodeAccess/CLionSourceCodeAccess.uplugin" 207
"../../../Engine/Plugins/Tests/TestSamples/TestSamples.uplugin" 208
"../../../Engine/Plugins/Developer/GitSourceControl/GitSourceControl.uplugin" 209
"../../../Engine/Plugins/Tests/AutomationDriverTests/AutomationDriverTests.uplugin" 210
"../../../Engine/Plugins/Importers/AlembicHairImporter/AlembicHairImporter.uplugin" 211
"../../../Engine/Plugins/Tests/CQTestExperimental/CQTestExperimental.uplugin" 212
"../../../Engine/Plugins/Tests/PythonAutomationTest/PythonAutomationTest.uplugin" 213
"../../../Engine/Plugins/Developer/PixWinPlugin/PixWinPlugin.uplugin" 214
"../../../Engine/Plugins/Tests/CQTest/CQTest.uplugin" 215
"../../../Engine/Plugins/Developer/PerforceSourceControl/PerforceSourceControl.uplugin" 216
"../../../Engine/Plugins/Developer/PluginUtils/PluginUtils.uplugin" 217
"../../../Engine/Plugins/Developer/GPUReshape/GPUReshape.uplugin" 218
"../../../Engine/Plugins/Developer/PlasticSourceControl/PlasticSourceControl.uplugin" 219
"../../../Engine/Plugins/Developer/NamingTokens/NamingTokens.uplugin" 220
"../../../Engine/Plugins/Developer/ProjectLauncher/ProjectLauncher.uplugin" 221
"../../../Engine/Plugins/Developer/TextureFormatOodle/TextureFormatOodle.uplugin" 222
"../../../Engine/Plugins/Developer/DumpGPUServices/DumpGPUServices.uplugin" 223
"../../../Engine/Plugins/Tests/WidgetAutomationTests/WidgetAutomationTests.uplugin" 224
"../../../Engine/Plugins/Developer/PropertyAccessNode/PropertyAccessNode.uplugin" 225
"../../../Engine/Plugins/Developer/RenderDocPlugin/RenderDocPlugin.uplugin" 226
"../../../Engine/Plugins/Online/EOSOverlayInputProvider/EOSOverlayInputProvider.uplugin" 227
"../../../Engine/Plugins/Developer/NullSourceCodeAccess/NullSourceCodeAccess.uplugin" 228
"../../../Engine/Plugins/Tests/CQTestEnhancedInput/CQTestEnhancedInput.uplugin" 229
"../../../Engine/Plugins/Developer/XCodeSourceCodeAccess/XCodeSourceCodeAccess.uplugin" 230
"../../../Engine/Plugins/Developer/TraceSourceFiltering/TraceSourceFilters.uplugin" 231
"../../../Engine/Plugins/Developer/VisualStudioSourceCodeAccess/VisualStudioSourceCodeAccess.uplugin" 232
"../../../Engine/Plugins/Developer/OneSkyLocalizationService/OneSkyLocalizationService.uplugin" 233
"../../../Engine/Plugins/Enterprise/DataprepEditor/DataprepEditor.uplugin" 234
"../../../Engine/Plugins/Developer/SubversionSourceControl/SubversionSourceControl.uplugin" 235
"../../../Engine/Plugins/Developer/KDevelopSourceCodeAccess/KDevelopSourceCodeAccess.uplugin" 236
"../../../Engine/Plugins/Enterprise/DatasmithC4DImporter/DatasmithC4DImporter.uplugin" 237
"../../../Engine/Plugins/Tests/EditorTests/EditorTests.uplugin" 238
"../../../Engine/Plugins/Developer/N10XSourceCodeAccess/N10XSourceCodeAccess.uplugin" 239
"../../../Engine/Plugins/Enterprise/DatasmithContent/DatasmithContent.uplugin" 240
"../../../Engine/Plugins/Enterprise/DatasmithCADImporter/DatasmithCADImporter.uplugin" 241
"../../../Engine/Plugins/Developer/UObjectPlugin/UObjectPlugin.uplugin" 242
"../../../Engine/Plugins/FX/NiagaraFluids/NiagaraFluids.uplugin" 243
"../../../Engine/Plugins/Developer/XcodeGPUDebuggerPlugin/XcodeGPUDebuggerPlugin.uplugin" 244
"../../../Engine/Plugins/FX/Niagara/Niagara.uplugin" 245
"../../../Engine/Plugins/FX/ExampleCustomDataInterface/ExampleCustomDataInterface.uplugin" 246
"../../../Engine/Plugins/Developer/RiderSourceCodeAccess/RiderSourceCodeAccess.uplugin" 247
"../../../Engine/Plugins/Developer/BlankPlugin/BlankPlugin.uplugin" 248
"../../../Engine/Plugins/Tests/InterchangeTests/InterchangeTests.uplugin" 249
"../../../Engine/Plugins/FX/NiagaraMRQ/NiagaraMRQ.uplugin" 250
"../../../Engine/Plugins/FX/NiagaraPreviewContent/NiagaraPreviewContent.uplugin" 251
"../../../Engine/Plugins/Developer/AnimationSharing/AnimationSharing.uplugin" 252
"../../../Engine/Plugins/FX/NiagaraNanite/NiagaraNanite.uplugin" 253
"../../../Engine/Plugins/Developer/FieldNotificationTrace/FieldNotificationTrace.uplugin" 254
"../../../Engine/Plugins/FX/NiagaraSimCaching/NiagaraSimCaching.uplugin" 255
"../../../Engine/Plugins/Media/AndroidCamera/AndroidCamera.uplugin" 256
"../../../Engine/Plugins/Media/AjaMedia/AjaMedia.uplugin" 257
"../../../Engine/Plugins/FX/CascadeToNiagaraConverter/CascadeToNiagaraConverter.uplugin" 258
"../../../Engine/Plugins/Media/AndroidMedia/AndroidMedia.uplugin" 259
"../../../Engine/Plugins/Media/AppleProResDecoderElectra/AppleProResDecoderElectra.uplugin" 260
"../../../Engine/Plugins/Enterprise/AxFImporter/AxFImporter.uplugin" 261
"../../../Engine/Plugins/Media/BinkMedia/BinkMedia.uplugin" 262
"../../../Engine/Plugins/Media/AvfMedia/AvfMedia.uplugin" 263
"../../../Engine/Plugins/Media/D3D12VideoDecodersElectra/D3D12VideoDecodersElectra.uplugin" 264
"../../../Engine/Plugins/Enterprise/DatasmithFBXImporter/DatasmithFBXImporter.uplugin" 265
"../../../Engine/Plugins/Media/ElectraPlayer/ElectraPlayer.uplugin" 266
"../../../Engine/Plugins/Developer/DirectoryPlaceholder/DirectoryPlaceholder.uplugin" 267
"../../../Engine/Plugins/Media/AvidDNxHDDecoderElectra/AvidDNxHDDecoderElectra.uplugin" 268
"../../../Engine/Plugins/Media/ElectraCDM/ElectraCDM.uplugin" 269
"../../../Engine/Plugins/Enterprise/VariantManager/VariantManager.uplugin" 270
"../../../Engine/Plugins/Media/AppleProResMedia/AppleProResMedia.uplugin" 271
"../../../Engine/Plugins/Enterprise/MDLImporter/MDLImporter.uplugin" 272
"../../../Engine/Plugins/Media/HAPMedia/HAPMedia.uplugin" 273
"../../../Engine/Plugins/Enterprise/VariantManagerContent/VariantManagerContent.uplugin" 274
"../../../Engine/Plugins/Media/HAPDecoderElectra/HAPDecoderElectra.uplugin" 275
"../../../Engine/Plugins/Media/ElectraUtil/ElectraUtil.uplugin" 276
"../../../Engine/Plugins/Enterprise/LidarPointCloud/LidarPointCloud.uplugin" 277
"../../../Engine/Plugins/Media/MediaCompositing/MediaCompositing.uplugin" 278
"../../../Engine/Plugins/Media/FlacDecoderElectra/FlacDecoderElectra.uplugin" 279
"../../../Engine/Plugins/Enterprise/DatasmithImporter/DatasmithImporter.uplugin" 280
"../../../Engine/Plugins/Enterprise/GLTFExporter/GLTFExporter.uplugin" 281
"../../../Engine/Plugins/Media/MediaIOFramework/MediaIOFramework.uplugin" 282
"../../../Engine/Plugins/Media/LinearTimecode/LinearTimecode.uplugin" 283
"../../../Engine/Plugins/Media/OpusDecoderElectra/OpusDecoderElectra.uplugin" 284
"../../../Engine/Plugins/Media/MediaMovieStreamer/MediaMovieStreamer.uplugin" 285
"../../../Engine/Plugins/Media/AvidDNxMedia/AvidDNxMedia.uplugin" 286
"../../../Engine/Plugins/Media/MediaPlayerEditor/MediaPlayerEditor.uplugin" 287
"../../../Engine/Plugins/Media/ElectraCodecs/ElectraCodecs.uplugin" 288
"../../../Engine/Plugins/Media/NDIMedia/NDIMedia.uplugin" 289
"../../../Engine/Plugins/Media/HardwareEncoders/HardwareEncoders.uplugin" 290
"../../../Engine/Plugins/Media/WebMMedia/WebMMedia.uplugin" 291
"../../../Engine/Plugins/Media/ElectraSubtitles/ElectraSubtitles.uplugin" 292
"../../../Engine/Plugins/Media/MediaViewer/MediaViewer.uplugin" 293
"../../../Engine/Plugins/Media/PixelStreaming/PixelStreaming.uplugin" 294
"../../../Engine/Plugins/Media/ImgMedia/ImgMedia.uplugin" 295
"../../../Engine/Plugins/Tests/FbxAutomationTestBuilder/FbxAutomationTestBuilder.uplugin" 296
"../../../Engine/Plugins/MovieScene/CustomizableSequencerTracks/CustomizableSequencerTracks.uplugin" 297
"../../../Engine/Plugins/Media/TimecodeSynchronizer/TimecodeSynchronizer.uplugin" 298
"../../../Engine/Plugins/MovieScene/LevelSequenceEditor/LevelSequenceEditor.uplugin" 299
"../../../Engine/Plugins/Media/AudioCaptureTimecodeProvider/AudioCaptureTimecodeProvider.uplugin" 300
"../../../Engine/Plugins/MovieScene/MovieRenderPipeline/MovieRenderPipeline.uplugin" 301
"../../../Engine/Plugins/Media/WmfMedia/WmfMedia.uplugin" 302
"../../../Engine/Plugins/Media/MediaFrameworkUtilities/MediaFrameworkUtilities.uplugin" 303
"../../../Engine/Plugins/MovieScene/MovieSceneTextTrack/MovieSceneTextTrack.uplugin" 304
"../../../Engine/Plugins/Media/MfMedia/MfMedia.uplugin" 305
"../../../Engine/Plugins/Developer/VisualStudioCodeSourceCodeAccess/VisualStudioCodeSourceCodeAccess.uplugin" 306
"../../../Engine/Plugins/Web/HttpBlueprint/HttpBlueprint.uplugin" 307
"../../../Engine/Plugins/MovieScene/MoviePipelineMaskRenderPass/MoviePipelineMaskRenderPass.uplugin" 308
"../../../Engine/Plugins/Media/BlackmagicMedia/BlackmagicMedia.uplugin" 309
"../../../Engine/Plugins/Animation/ACLPlugin/ACLPlugin.uplugin" 310
"../../../Engine/Plugins/Portal/LauncherChunkInstaller/LauncherChunkInstaller.uplugin" 311
"../../../Engine/Plugins/MovieScene/SequencerScripting/SequencerScripting.uplugin" 312
"../../../Engine/Plugins/Media/PixelStreaming2/PixelStreaming2.uplugin" 313
"../../../Engine/Plugins/2D/Paper2D/Paper2D.uplugin" 314
"../../../Engine/Plugins/FX/Cascade/Cascade.uplugin" 315
"../../../Engine/Plugins/Animation/AnimationLocomotionLibrary/AnimationLocomotionLibrary.uplugin" 316
"../../../Engine/Plugins/Animation/AnimationWarping/AnimationWarping.uplugin" 317
"../../../Engine/Plugins/Animation/BlendSpaceMotionAnalysis/BlendSpaceMotionAnalysis.uplugin" 318
"../../../Engine/Plugins/Animation/AnimatorKit/AnimatorKit.uplugin" 319
"../../../Engine/Plugins/Media/PixelCapture/PixelCapture.uplugin" 320
"../../../Engine/Plugins/MovieScene/ReplayTracks/ReplayTracks.uplugin" 321
"../../../Engine/Plugins/Media/MediaPlate/MediaPlate.uplugin" 322
"../../../Engine/Plugins/Animation/AnimationModifierLibrary/AnimationModifierLibrary.uplugin" 323
"../../../Engine/Plugins/Animation/EaseCurveTool/EaseCurveTool.uplugin" 324
"../../../Engine/Plugins/Animation/DeformerGraph/DeformerGraph.uplugin" 325
"../../../Engine/Plugins/Animation/DNACalib/DNACalib.uplugin" 326
"../../../Engine/Plugins/Animation/ControlRig/ControlRig.uplugin" 327
"../../../Engine/Plugins/Animation/ControlRigSpline/ControlRigSpline.uplugin" 328
"../../../Engine/Plugins/Animation/GeneSplicer/GeneSplicer.uplugin" 329
"../../../Engine/Plugins/Animation/BlendStack/BlendStack.uplugin" 330
"../../../Engine/Plugins/Animation/IKRig/IKRig.uplugin" 331
"../../../Engine/Plugins/Animation/LiveLinkCurveDebugUI/LiveLinkCurveDebugUI.uplugin" 332
"../../../Engine/Plugins/Animation/LiveLinkHub/LiveLinkHub.uplugin" 333
"../../../Engine/Plugins/Animation/LiveLinkExampleDevice/LiveLinkExampleDevice.uplugin" 334
"../../../Engine/Plugins/Animation/MotionWarping/MotionWarping.uplugin" 335
"../../../Engine/Plugins/Animation/LiveLinkDevice/LiveLinkDevice.uplugin" 336
"../../../Engine/Plugins/Animation/PoseSearch/PoseSearch.uplugin" 337
"../../../Engine/Plugins/MovieScene/TemplateSequence/TemplateSequence.uplugin" 338
"../../../Engine/Plugins/Animation/LiveLink/LiveLink.uplugin" 339
"../../../Engine/Plugins/Animation/RigLogic/RigLogic.uplugin" 340
"../../../Engine/Plugins/Animation/LiveLinkUnrealDevice/LiveLinkUnrealDevice.uplugin" 341
"../../../Engine/Plugins/MovieScene/SequenceValidator/SequenceValidator.uplugin" 342
"../../../Engine/Plugins/Animation/TweeningUtils/TweeningUtils.uplugin" 343
"../../../Engine/Plugins/Compositing/Composite/Composite.uplugin" 344
"../../../Engine/Plugins/Animation/SkeletalMeshModelingTools/SkeletalMeshModelingTools.uplugin" 345
"../../../Engine/Plugins/Compositing/OpenColorIO/OpenColorIO.uplugin" 346
"../../../Engine/Plugins/Compositing/LensDistortion/LensDistortion.uplugin" 347
"../../../Engine/Plugins/Animation/GameplayInsights/GameplayInsights.uplugin" 348
"../../../Engine/Plugins/Compositing/Composure/Composure.uplugin" 349
"../../../Engine/Plugins/Editor/AssetRegistryExport/AssetRegistryExport.uplugin" 350
"../../../Engine/Plugins/Editor/BlueprintHeaderView/BlueprintHeaderView.uplugin" 351
"../../../Engine/Plugins/Editor/AssetSearch/AssetSearch.uplugin" 352
"../../../Engine/Plugins/Editor/AssetManagerEditor/AssetManagerEditor.uplugin" 353
"../../../Engine/Plugins/Compositing/HoldoutComposite/HoldoutComposite.uplugin" 354
"../../../Engine/Plugins/Compositing/OpenCVLensDistortion/OpenCVLensDistortion.uplugin" 355
"../../../Engine/Plugins/Editor/AssetReferenceRestrictions/AssetReferenceRestrictions.uplugin" 356
"../../../Engine/Plugins/Editor/CurveEditorTools/CurveEditorTools.uplugin" 357
"../../../Engine/Plugins/Editor/EngineAssetDefinitions/EngineAssetDefinitions.uplugin" 358
"../../../Engine/Plugins/Media/VPxDecoderElectra/VPxDecoderElectra.uplugin" 359
"../../../Engine/Plugins/Editor/GuidedTutorials/GuidedTutorials.uplugin" 360
"../../../Engine/Plugins/Editor/EditorSysConfigAssistant/EditorSysConfigAssistant.uplugin" 361
"../../../Engine/Plugins/Editor/DataValidation/DataValidation.uplugin" 362
"../../../Engine/Plugins/Media/MJPEGDecoderElectra/MJPEGDecoderElectra.uplugin" 363
"../../../Engine/Plugins/Editor/EditorDebugTools/EditorDebugTools.uplugin" 364
"../../../Engine/Plugins/Editor/LiveUpdateForSlate/LiveUpdateForSlate.uplugin" 365
"../../../Engine/Plugins/Editor/DisplayClusterLaunch/DisplayClusterLaunch.uplugin" 366
"../../../Engine/Plugins/Editor/GameplayTagsEditor/GameplayTagsEditor.uplugin" 367
"../../../Engine/Plugins/Editor/FacialAnimation/FacialAnimation.uplugin" 368
"../../../Engine/Plugins/Compositing/CompositeCore/CompositeCore.uplugin" 369
"../../../Engine/Plugins/Editor/MacGraphicsSwitching/MacGraphicsSwitching.uplugin" 370
"../../../Engine/Plugins/Animation/ControlRigModules/ControlRigModules.uplugin" 371
"../../../Engine/Plugins/Editor/MakeCookedEditorAsDLC/MakeCookedEditorAsDLC.uplugin" 372
"../../../Engine/Plugins/Editor/ModelingToolsEditorMode/ModelingToolsEditorMode.uplugin" 373
"../../../Engine/Plugins/Editor/ScriptableToolsEditorMode/ScriptableToolsEditorMode.uplugin" 374
"../../../Engine/Plugins/Editor/BlueprintMaterialTextureNodes/BlueprintMaterialTextureNodes.uplugin" 375
"../../../Engine/Plugins/Editor/SequencerAnimTools/SequencerAnimTools.uplugin" 376
"../../../Engine/Plugins/Editor/PluginBrowser/PluginBrowser.uplugin" 377
"../../../Engine/Plugins/MovieScene/ActorSequence/ActorSequence.uplugin" 378
"../../../Engine/Plugins/Editor/SampleToolsEditorMode/SampleToolsEditorMode.uplugin" 379
"../../../Engine/Plugins/Editor/GeometryMode/GeometryMode.uplugin" 380
"../../../Engine/Plugins/Editor/StaticMeshEditorModeling/StaticMeshEditorModeling.uplugin" 381
"../../../Engine/Plugins/Editor/ProxyLODPlugin/ProxyLODPlugin.uplugin" 382
"../../../Engine/Plugins/Editor/StylusInput/StylusInput.uplugin" 383
"../../../Engine/Plugins/Editor/SpeedTreeImporter/SpeedTreeImporter.uplugin" 384
"../../../Engine/Plugins/Editor/WaveformEditor/WaveformEditor.uplugin" 385
"../../../Engine/Plugins/Editor/UMGWidgetPreview/UMGWidgetPreview.uplugin" 386
"../../../Engine/Plugins/Experimental/AdvancedRenamer/AdvancedRenamer.uplugin" 387
"../../../Engine/Plugins/Experimental/AIAssistant/AIAssistant.uplugin" 388
"../../../Engine/Plugins/Experimental/AbilitySystemGameFeatureActions/AbilitySystemGameFeatureActions.uplugin" 389
"../../../Engine/Plugins/Editor/WorldPartitionHLODUtilities/WorldPartitionHLODUtilities.uplugin" 390
"../../../Engine/Plugins/Experimental/AnimToTexture/AnimToTexture.uplugin" 391
"../../../Engine/Plugins/Experimental/AsyncMessageSystemTests/AsyncMessageSystemTests.uplugin" 392
"../../../Engine/Plugins/Experimental/AutomationUtils/AutomationUtils.uplugin" 393
"../../../Engine/Plugins/Editor/LandscapePatch/LandscapePatch.uplugin" 394
"../../../Engine/Plugins/Experimental/AvalancheDisplayCluster/AvalancheDisplayCluster.uplugin" 395
"../../../Engine/Plugins/Experimental/ActorPalette/ActorPalette.uplugin" 396
"../../../Engine/Plugins/Experimental/BlueprintSnapNodes/BlueprintSnapNodes.uplugin" 397
"../../../Engine/Plugins/Editor/UVEditor/UVEditor.uplugin" 398
"../../../Engine/Plugins/Experimental/BlueprintStats/BlueprintStats.uplugin" 399
"../../../Engine/Plugins/Experimental/CelestialVault/CelestialVault.uplugin" 400
"../../../Engine/Plugins/Experimental/BackChannel/BackChannel.uplugin" 401
"../../../Engine/Plugins/Animation/PerformanceCaptureCore/PerformanceCaptureCore.uplugin" 402
"../../../Engine/Plugins/Experimental/ChaosCaching/ChaosCaching.uplugin" 403
"../../../Engine/Plugins/Editor/ColorGrading/ColorGrading.uplugin" 404
"../../../Engine/Plugins/Experimental/AvalancheSequenceNavigator/AvalancheSequenceNavigator.uplugin" 405
"../../../Engine/Plugins/Editor/ConsoleVariablesEditor/ConsoleVariables.uplugin" 406
"../../../Engine/Plugins/Experimental/ChaosModularVehicle/ChaosModularVehicle.uplugin" 407
"../../../Engine/Plugins/Experimental/ChaosEditor/ChaosEditor.uplugin" 408
"../../../Engine/Plugins/Experimental/ChaosModularVehicleExamples/ChaosModularVehicleExamples.uplugin" 409
"../../../Engine/Plugins/Editor/CryptoKeys/CryptoKeys.uplugin" 410
"../../../Engine/Plugins/Experimental/ChaosMover/ChaosMover.uplugin" 411
"../../../Engine/Plugins/Experimental/ChaosNiagara/ChaosNiagara.uplugin" 412
"../../../Engine/Plugins/Editor/ModelViewViewModelPreview/ModelViewViewModelPreview.uplugin" 413
"../../../Engine/Plugins/Experimental/ChaosVehiclesPlugin/ChaosVehiclesPlugin.uplugin" 414
"../../../Engine/Plugins/Experimental/ChaosCachingUSD/ChaosCachingUSD.uplugin" 415
"../../../Engine/Plugins/Experimental/ChaosOutfitAsset/ChaosOutfitAsset.uplugin" 416
"../../../Engine/Plugins/Editor/ChangelistReview/ChangelistReview.uplugin" 417
"../../../Engine/Plugins/Experimental/CinematicSequenceNavigator/CinematicSequenceNavigator.uplugin" 418
"../../../Engine/Plugins/Experimental/CommonConversation/CommonConversation.uplugin" 419
"../../../Engine/Plugins/Experimental/ChaosFlesh/ChaosFlesh.uplugin" 420
"../../../Engine/Plugins/Experimental/ControlFlows/ControlFlows.uplugin" 421
"../../../Engine/Plugins/Experimental/Dataflow/Dataflow.uplugin" 422
"../../../Engine/Plugins/Experimental/ControlRigPhysics/ControlRigPhysics.uplugin" 423
"../../../Engine/Plugins/Experimental/DaySequence/DaySequence.uplugin" 424
"../../../Engine/Plugins/Experimental/AsyncMessageSystem/AsyncMessageSystem.uplugin" 425
"../../../Engine/Plugins/Experimental/CodeEditor/CodeEditor.uplugin" 426
"../../../Engine/Plugins/Experimental/CodeView/CodeView.uplugin" 427
"../../../Engine/Plugins/Experimental/EditorDataStorage/EditorDataStorage.uplugin" 428
"../../../Engine/Plugins/Editor/MaterialAnalyzer/MaterialAnalyzer.uplugin" 429
"../../../Engine/Plugins/Experimental/DynamicWind/DynamicWind.uplugin" 430
"../../../Engine/Plugins/Experimental/EditorPerformance/EditorPerformance.uplugin" 431
"../../../Engine/Plugins/Experimental/ChaosRigidAsset/ChaosRigidAsset.uplugin" 432
"../../../Engine/Plugins/Experimental/DefaultInstallBundleManager/DefaultInstallBundleManager.uplugin" 433
"../../../Engine/Plugins/Editor/MobileLauncherProfileWizard/MobileLauncherProfileWizard.uplugin" 434
"../../../Engine/Plugins/Experimental/EvaluationNotifies/EvaluationNotifies.uplugin" 435
"../../../Engine/Plugins/Experimental/ColorCorrectRegions/ColorCorrectRegions.uplugin" 436
"../../../Engine/Plugins/Experimental/FullBodyIK/FullBodyIK.uplugin" 437
"../../../Engine/Plugins/Editor/MeshLODToolset/MeshLODToolset.uplugin" 438
"../../../Engine/Plugins/Experimental/EditorTelemetry/EditorTelemetry.uplugin" 439
"../../../Engine/Plugins/Experimental/FieldSystemPlugin/FieldSystemPlugin.uplugin" 440
"../../../Engine/Plugins/Experimental/GameplayBehaviors/GameplayBehaviors.uplugin" 441
"../../../Engine/Plugins/Animation/AnimationData/AnimationData.uplugin" 442
"../../../Engine/Plugins/Experimental/GameInputWindows/GameInputWindows.uplugin" 443
"../../../Engine/Plugins/Experimental/FastGeoStreaming/FastGeoStreaming.uplugin" 444
"../../../Engine/Plugins/Experimental/Fracture/Fracture.uplugin" 445
"../../../Engine/Plugins/Experimental/CharacterAI/CharacterAI.uplugin" 446
"../../../Engine/Plugins/Experimental/GameplayTargetingSystem/TargetingSystem.uplugin" 447
"../../../Engine/Plugins/Experimental/FloatingProperties/FloatingProperties.uplugin" 448
"../../../Engine/Plugins/Experimental/GeometryFlow/GeometryFlow.uplugin" 449
"../../../Engine/Plugins/Experimental/DynamicMaterialMediaStreamBridge/DynamicMaterialMediaStreamBridge.uplugin" 450
"../../../Engine/Plugins/Experimental/GeometryCacheAbcFile/GeometryCacheAbcFile.uplugin" 451
"../../../Engine/Plugins/Experimental/GameplayGraph/GameplayGraph.uplugin" 452
"../../../Engine/Plugins/Experimental/GeometryCollectionPlugin/GeometryCollectionPlugin.uplugin" 453
"../../../Engine/Plugins/Experimental/GeometryDataflow/GeometryDataflow.uplugin" 454
"../../../Engine/Plugins/Experimental/ImagePlate/ImagePlate.uplugin" 455
"../../../Engine/Plugins/Experimental/Gauntlet/Gauntlet.uplugin" 456
"../../../Engine/Plugins/Experimental/ChaosUserDataPT/ChaosUserDataPT.uplugin" 457
"../../../Engine/Plugins/Experimental/CinematicPrestreaming/CinematicPrestreaming.uplugin" 458
"../../../Engine/Plugins/Experimental/ImageWidgets/ImageWidgets.uplugin" 459
"../../../Engine/Plugins/Experimental/HairModelingToolset/HairModelingToolset.uplugin" 460
"../../../Engine/Plugins/Experimental/GeometryCacheLevelSequenceBaker/GeometryCacheLevelSequenceBaker.uplugin" 461
"../../../Engine/Plugins/Experimental/InEditorDocumentation/InEditorDocumentation.uplugin" 462
"../../../Engine/Plugins/Editor/EditorScriptingUtilities/EditorScriptingUtilities.uplugin" 463
"../../../Engine/Plugins/Experimental/InlineMaterialInstance/InlineMaterialInstance.uplugin" 464
"../../../Engine/Plugins/Experimental/ImpostorBaker/ImpostorBaker.uplugin" 465
"../../../Engine/Plugins/Experimental/GPULightmass/GPULightmass.uplugin" 466
"../../../Engine/Plugins/Experimental/HairCardGenerator/HairCardGenerator.uplugin" 467
"../../../Engine/Plugins/Experimental/Iris/Iris.uplugin" 468
"../../../Engine/Plugins/Experimental/InstanceDataObjectFixupTool/InstanceDataObjectFixupTool.uplugin" 469
"../../../Engine/Plugins/Experimental/HairStrandsMutable/HairStrandsMutable.uplugin" 470
"../../../Engine/Plugins/Experimental/ChaosClothEditor/ChaosClothEditor.uplugin" 471
"../../../Engine/Plugins/Experimental/LevelSequenceNavigatorBridge/LevelSequenceNavigatorBridge.uplugin" 472
"../../../Engine/Plugins/Experimental/GlobalConfigurationData/GlobalConfigurationData.uplugin" 473
"../../../Engine/Plugins/Experimental/LowLevelNetTrace/LowLevelNetTrace.uplugin" 474
"../../../Engine/Plugins/Experimental/DrawDebugLibrary/DrawDebugLibrary.uplugin" 475
"../../../Engine/Plugins/Experimental/LearningAgents/LearningAgents.uplugin" 476
"../../../Engine/Plugins/Experimental/LiveLinkOpenVR/LiveLinkOpenVR.uplugin" 477
"../../../Engine/Plugins/Experimental/Landmass/Landmass.uplugin" 478
"../../../Engine/Plugins/Experimental/MeshModelingToolsetExp/MeshModelingToolsetExp.uplugin" 479
"../../../Engine/Plugins/Experimental/MetasoundExperimental/MetasoundExperimental.uplugin" 480
"../../../Engine/Plugins/Experimental/ChaosSolverPlugin/ChaosSolverPlugin.uplugin" 481
"../../../Engine/Plugins/Experimental/Mover/Mover.uplugin" 482
"../../../Engine/Plugins/Experimental/MotorSimOutputMotoSynth/MotorSimOutputMotoSynth.uplugin" 483
"../../../Engine/Plugins/Experimental/InteractionInterface/InteractionInterface.uplugin" 484
"../../../Engine/Plugins/Experimental/MoverAnimNext/MoverAnimNext.uplugin" 485
"../../../Engine/Plugins/Experimental/JWT/JWT.uplugin" 486
"../../../Engine/Plugins/Experimental/MoverIntegrations/MoverIntegrations.uplugin" 487
"../../../Engine/Plugins/Experimental/MotoSynth/MotoSynth.uplugin" 488
"../../../Engine/Plugins/Experimental/LiveLinkControlRig/LiveLinkControlRig.uplugin" 489
"../../../Engine/Plugins/Experimental/MutableDataflow/MutableDataflow.uplugin" 490
"../../../Engine/Plugins/Experimental/MoverExamples/MoverExamples.uplugin" 491
"../../../Engine/Plugins/Experimental/Buoyancy/Buoyancy.uplugin" 492
"../../../Engine/Plugins/Experimental/MoverTests/MoverTests.uplugin" 493
"../../../Engine/Plugins/Experimental/MovieSceneAnimMixer/MovieSceneAnimMixer.uplugin" 494
"../../../Engine/Plugins/Experimental/MovieScenePoseSearchTracks/MovieScenePoseSearchTracks.uplugin" 495
"../../../Engine/Plugins/Experimental/MutableClothing/MutableClothing.uplugin" 496
"../../../Engine/Plugins/Experimental/CineCameraSceneCapture/CineCameraSceneCapture.uplugin" 497
"../../../Engine/Plugins/Experimental/NNERuntimeCoreML/NNERuntimeCoreML.uplugin" 498
"../../../Engine/Plugins/Experimental/GizmoFramework/GizmoFramework.uplugin" 499
"../../../Engine/Plugins/Experimental/PlainProps/PlainProps.uplugin" 500
"../../../Engine/Plugins/Experimental/LocalizableMessage/LocalizableMessage.uplugin" 501
"../../../Engine/Plugins/Experimental/PanoramicCapture/PanoramicCapture.uplugin" 502
"../../../Engine/Plugins/Experimental/PlainPropsEngine/PlainPropsEngine.uplugin" 503
"../../../Engine/Plugins/Experimental/PhysicsControl/PhysicsControl.uplugin" 504
"../../../Engine/Plugins/Experimental/MediaStream/MediaStream.uplugin" 505
"../../../Engine/Plugins/Experimental/PlainPropsUObject/PlainPropsUObject.uplugin" 506
"../../../Engine/Plugins/Experimental/PluginAudit/PluginAudit.uplugin" 507
"../../../Engine/Plugins/Experimental/PlatformCrypto/PlatformCrypto.uplugin" 508
"../../../Engine/Plugins/Experimental/PostProcessMaterialChainGraph/PostProcessMaterialChainGraph.uplugin" 509
"../../../Engine/Plugins/Experimental/EditorDataStorageFeatures/EditorDataStorageFeatures.uplugin" 510
"../../../Engine/Plugins/Experimental/PluginTemplateTool/PluginTemplateTool.uplugin" 511
"../../../Engine/Plugins/Experimental/MLflow/MLflow.uplugin" 512
"../../../Engine/Plugins/Experimental/ProceduralVegetationEditor/ProceduralVegetationEditor.uplugin" 513
"../../../Engine/Plugins/Experimental/PSDImporter/PSDImporter.uplugin" 514
"../../../Engine/Plugins/Experimental/PythonScriptPlugin/PythonScriptPlugin.uplugin" 515
"../../../Engine/Plugins/Experimental/PythonMLPackages/PythonMLPackages.uplugin" 516
"../../../Engine/Plugins/Experimental/QuicMessaging/QuicMessaging.uplugin" 517
"../../../Engine/Plugins/Experimental/PythonFoundationPackages/PythonFoundationPackages.uplugin" 518
"../../../Engine/Plugins/Experimental/LiveLinkFaceImporter/LiveLinkFaceImporter.uplugin" 519
"../../../Engine/Plugins/Experimental/PSDImporterMaterialDesignerBridge/PSDImporterMaterialDesignerBridge.uplugin" 520
"../../../Engine/Plugins/Experimental/RemoteControlComponents/RemoteControlComponents.uplugin" 521
"../../../Engine/Plugins/Experimental/CineCameraRigs/CineCameraRigs.uplugin" 522
"../../../Engine/Plugins/Experimental/RigLogicUAF/RigLogicUAF.uplugin" 523
"../../../Engine/Plugins/Experimental/RigLogicMutable/RigLogicMutable.uplugin" 524
"../../../Engine/Plugins/Experimental/MutablePopulation/MutablePopulation.uplugin" 525
"../../../Engine/Plugins/Experimental/RazerChromaDevices/RazerChromaDevices.uplugin" 526
"../../../Engine/Plugins/Experimental/RemoteControlActorModifierBridge/RemoteControlActorModifierBridge.uplugin" 527
"../../../Engine/Plugins/Experimental/RemoteSession/RemoteSession.uplugin" 528
"../../../Engine/Plugins/Experimental/NaniteDisplacedMesh/NaniteDisplacedMesh.uplugin" 529
"../../../Engine/Plugins/Experimental/RuntimeTelemetry/RuntimeTelemetry.uplugin" 530
"../../../Engine/Plugins/Experimental/PlanarCutPlugin/PlanarCut.uplugin" 531
"../../../Engine/Plugins/Experimental/GizmoEdMode/GizmoEdMode.uplugin" 532
"../../../Engine/Plugins/Experimental/ScreenReader/ScreenReader.uplugin" 533
"../../../Engine/Plugins/Experimental/PluginReferenceViewer/PluginReferenceViewer.uplugin" 534
"../../../Engine/Plugins/Experimental/SecuritySandbox/SecuritySandbox.uplugin" 535
"../../../Engine/Plugins/Experimental/NNERuntimeBasicCpu/NNERuntimeBasicCpu.uplugin" 536
"../../../Engine/Plugins/Experimental/SequenceNavigator/SequenceNavigator.uplugin" 537
"../../../Engine/Plugins/Experimental/RenderGrid/RenderGrid.uplugin" 538
"../../../Engine/Plugins/Experimental/SerializationUtils/SerializationUtils.uplugin" 539
"../../../Engine/Plugins/Experimental/SimpleHMD/SimpleHMD.uplugin" 540
"../../../Engine/Plugins/Experimental/NNERuntimeIREE/NNERuntimeIREE.uplugin" 541
"../../../Engine/Plugins/Experimental/Shotgrid/Shotgrid.uplugin" 542
"../../../Engine/Plugins/Experimental/SkeletalReduction/SkeletalReduction.uplugin" 543
"../../../Engine/Plugins/Experimental/SlateScreenReader/SlateScreenReader.uplugin" 544
"../../../Engine/Plugins/Experimental/NFORDenoise/NFORDenoise.uplugin" 545
"../../../Engine/Plugins/Experimental/SlateModelViewViewModel/SlateModelViewViewModel.uplugin" 546
"../../../Engine/Plugins/Experimental/StructUtils/StructUtils.uplugin" 547
"../../../Engine/Plugins/Experimental/SubmitToolEditor/SubmitToolEditor.uplugin" 548
"../../../Engine/Plugins/Experimental/StateGraph/StateGraph.uplugin" 549
"../../../Engine/Plugins/Experimental/NaniteAssemblyEditorUtils/NaniteAssemblyEditorUtils.uplugin" 550
"../../../Engine/Plugins/Experimental/NeuralRendering/NeuralRendering.uplugin" 551
"../../../Engine/Plugins/Experimental/TargetDeviceServicesScripting/TargetDeviceServicesScripting.uplugin" 552
"../../../Engine/Plugins/Experimental/Tensorboard/Tensorboard.uplugin" 553
"../../../Engine/Plugins/Experimental/TetMeshing/TetMeshing.uplugin" 554
"../../../Engine/Plugins/Experimental/SlateIM/SlateIM.uplugin" 555
"../../../Engine/Plugins/Experimental/TextToSpeech/TextToSpeech.uplugin" 556
"../../../Engine/Plugins/Experimental/NNERuntimeRDG/NNERuntimeRDG.uplugin" 557
"../../../Engine/Plugins/Experimental/TechAudioTools/TechAudioTools.uplugin" 558
"../../../Engine/Plugins/Experimental/ToolPresets/ToolPresets.uplugin" 559
"../../../Engine/Plugins/Experimental/UIFramework/UIFramework.uplugin" 560
"../../../Engine/Plugins/Experimental/UserToolBoxCore/UserToolBoxCore.uplugin" 561
"../../../Engine/Plugins/Experimental/VirtualHeightfieldMesh/VirtualHeightfieldMesh.uplugin" 562
"../../../Engine/Plugins/Experimental/SurfaceEffects/SurfaceEffects.uplugin" 563
"../../../Engine/Plugins/Experimental/OptiXDenoise/OptiXDenoise.uplugin" 564
"../../../Engine/Plugins/Experimental/WaveFunctionCollapse/WaveFunctionCollapse.uplugin" 565
"../../../Engine/Plugins/Experimental/MeshResizing/MeshResizing.uplugin" 566
"../../../Engine/Plugins/Experimental/WaterExtras/WaterExtras.uplugin" 567
"../../../Engine/Plugins/Experimental/Workspace/Workspace.uplugin" 568
"../../../Engine/Plugins/Experimental/PCGBiomeCore/PCGBiomeCore.uplugin" 569
"../../../Engine/Plugins/Experimental/XRCreativeFramework/XRCreativeFramework.uplugin" 570
"../../../Engine/Plugins/NetcodeUnitTest/NUTUnrealEngine/NUTUnrealEngine.uplugin" 571
"../../../Engine/Plugins/Experimental/WidgetEditorToolPalette/WidgetEditorToolPalette.uplugin" 572
"../../../Engine/Plugins/Experimental/PixelStreamingPlayer/PixelStreamingPlayer.uplugin" 573
"../../../Engine/Plugins/NetcodeUnitTest/NetcodeUnitTest/NetcodeUnitTest.uplugin" 574
"../../../Engine/Plugins/Messaging/UdpMessaging/UdpMessaging.uplugin" 575
"../../../Engine/Plugins/Experimental/RawInput/RawInput.uplugin" 576
"../../../Engine/Plugins/PCGInterops/PCGPythonInterop/PCGPythonInterop.uplugin" 577
"../../../Engine/Plugins/Experimental/WaterAdvanced/WaterAdvanced.uplugin" 578
"../../../Engine/Plugins/Messaging/MessagingDebugger/MessagingDebugger.uplugin" 579
"../../../Engine/Plugins/Experimental/Water/Water.uplugin" 580
"../../../Engine/Plugins/Experimental/Volumetrics/Volumetrics.uplugin" 581
"../../../Engine/Plugins/Protocols/MQTT/MQTT.uplugin" 582
"../../../Engine/Plugins/VirtualProduction/ActorModifierCore/ActorModifierCore.uplugin" 583
"../../../Engine/Plugins/VirtualProduction/AvalancheDataLink/AvalancheDataLink.uplugin" 584
"../../../Engine/Plugins/Experimental/PCGBiomeSample/PCGBiomeSample.uplugin" 585
"../../../Engine/Plugins/PCGInterops/PCGGeometryScriptInterop/PCGGeometryScriptInterop.uplugin" 586
"../../../Engine/Plugins/VirtualProduction/ActorModifier/ActorModifier.uplugin" 587
"../../../Engine/Plugins/VirtualProduction/CameraCalibration/CameraCalibration.uplugin" 588
"../../../Engine/Plugins/VirtualProduction/CaptureData/CaptureData.uplugin" 589
"../../../Engine/Plugins/Experimental/VirtualProductionUtilities/VirtualProductionUtilities.uplugin" 590
"../../../Engine/Plugins/VirtualProduction/CinematicAssemblyTools/CinematicAssemblyTools.uplugin" 591
"../../../Engine/Plugins/Experimental/WebSocketNetworking/WebSocketNetworking.uplugin" 592
"../../../Engine/Plugins/VirtualProduction/DataLink/DataLink.uplugin" 593
"../../../Engine/Plugins/Experimental/UserToolBoxBasicCommand/UserToolBoxBasicCommand.uplugin" 594
"../../../Engine/Plugins/VirtualProduction/CustomDetailsView/CustomDetailsView.uplugin" 595
"../../../Engine/Plugins/VirtualProduction/CompositePlane/CompositePlane.uplugin" 596
"../../../Engine/Plugins/Experimental/SpatialReadiness/SpatialReadiness.uplugin" 597
"../../../Engine/Plugins/VirtualProduction/DataLinkOAuth/DataLinkOAuth.uplugin" 598
"../../../Engine/Plugins/VirtualProduction/ICVFX/ICVFX.uplugin" 599
"../../../Engine/Plugins/VirtualProduction/DynamicMaterial/DynamicMaterial.uplugin" 600
"../../../Engine/Plugins/VirtualProduction/CameraCalibrationML/CameraCalibrationML.uplugin" 601
"../../../Engine/Plugins/Experimental/WebSocketMessaging/WebSocketMessaging.uplugin" 602
"../../../Engine/Plugins/VirtualProduction/GeometryMask/GeometryMask.uplugin" 603
"../../../Engine/Plugins/VirtualProduction/EpicStageApp/EpicStageApp.uplugin" 604
"../../../Engine/Plugins/VirtualProduction/ICVFXTesting/ICVFXTesting.uplugin" 605
"../../../Engine/Plugins/VirtualProduction/LevelSnapshots/LevelSnapshots.uplugin" 606
"../../../Engine/Plugins/PCGInterops/PCGExternalDataInterop/PCGExternalDataInterop.uplugin" 607
"../../../Engine/Plugins/VirtualProduction/LensComponent/LensComponent.uplugin" 608
"../../../Engine/Plugins/VirtualProduction/LiveLinkCamera/LiveLinkCamera.uplugin" 609
"../../../Engine/Plugins/VirtualProduction/LiveLinkMasterLockit/LiveLinkMasterLockit.uplugin" 610
"../../../Engine/Plugins/VirtualProduction/LiveLinkInputDevice/LiveLinkInputDevice.uplugin" 611
"../../../Engine/Plugins/VirtualProduction/LiveLinkVRPN/LiveLinkVRPN.uplugin" 612
"../../../Engine/Plugins/Experimental/OpenImageDenoise/OpenImageDenoise.uplugin" 613
"../../../Engine/Plugins/Messaging/TcpMessaging/TcpMessaging.uplugin" 614
"../../../Engine/Plugins/VirtualProduction/LiveLinkPrestonMDR/LiveLinkPrestonMDR.uplugin" 615
"../../../Engine/Plugins/Experimental/SubtitlesAndClosedCaptions/SubtitlesAndClosedCaptions.uplugin" 616
"../../../Engine/Plugins/VirtualProduction/MultiUserTakes/MultiUserTakes.uplugin" 617
"../../../Engine/Plugins/VirtualProduction/OperatorStack/OperatorStack.uplugin" 618
"../../../Engine/Plugins/VirtualProduction/PropertyAnimatorCore/PropertyAnimatorCore.uplugin" 619
"../../../Engine/Plugins/VirtualProduction/LiveLinkLens/LiveLinkLens.uplugin" 620
"../../../Engine/Plugins/VirtualProduction/RemoteControl/RemoteControl.uplugin" 621
"../../../Engine/Plugins/VirtualProduction/PropertyAnimator/PropertyAnimator.uplugin" 622
"../../../Engine/Plugins/VirtualProduction/PerformanceCaptureWorkflow/PerformanceCaptureWorkflow.uplugin" 623
"../../../Engine/Plugins/VirtualProduction/CameraCalibrationCore/CameraCalibrationCore.uplugin" 624
"../../../Engine/Plugins/VirtualProduction/RemoteControlProtocolDMX/RemoteControlProtocolDMX.uplugin" 625
"../../../Engine/Plugins/VirtualProduction/LiveLinkFreeD/LiveLinkFreeD.uplugin" 626
"../../../Engine/Plugins/VirtualProduction/LiveLinkXR/LiveLinkXR.uplugin" 627
"../../../Engine/Plugins/VirtualProduction/SceneStateDataLink/SceneStateDataLink.uplugin" 628
"../../../Engine/Plugins/VirtualProduction/Avalanche/Avalanche.uplugin" 629
"../../../Engine/Plugins/VirtualProduction/LiveLinkOpenTrackIO/LiveLinkOpenTrackIO.uplugin" 630
"../../../Engine/Plugins/VirtualProduction/ClonerEffector/ClonerEffector.uplugin" 631
"../../../Engine/Plugins/VirtualProduction/RemoteControlProtocolOSC/RemoteControlProtocolOSC.uplugin" 632
"../../../Engine/Plugins/VirtualProduction/RemoteControlWebInterface/RemoteControlWebInterface.uplugin" 633
"../../../Engine/Plugins/VirtualProduction/RemoteControlProtocolMIDI/RemoteControlProtocolMIDI.uplugin" 634
"../../../Engine/Plugins/VirtualProduction/StageMonitoring/StageMonitoring.uplugin" 635
"../../../Engine/Plugins/VirtualProduction/SceneState/SceneState.uplugin" 636
"../../../Engine/Plugins/VirtualProduction/StormSync/StormSync.uplugin" 637
"../../../Engine/Plugins/VirtualProduction/SVGImporter/SVGImporter.uplugin" 638
"../../../Engine/Plugins/VirtualProduction/TimedDataMonitor/TimedDataMonitor.uplugin" 639
"../../../Engine/Plugins/VirtualProduction/AvalancheSceneState/AvalancheSceneState.uplugin" 640
"../../../Engine/Plugins/VirtualProduction/VirtualCamera/VirtualCamera.uplugin" 641
"../../../Engine/Plugins/VirtualProduction/TextureShare/TextureShare.uplugin" 642
"../../../Engine/Plugins/VirtualProduction/Text3D/Text3D.uplugin" 643
"../../../Engine/Plugins/VirtualProduction/SequencerPlaylists/SequencerPlaylists.uplugin" 644
"../../../Engine/Plugins/Runtime/Database/ADOSupport/ADOSupport.uplugin" 645
"../../../Engine/Plugins/VirtualProduction/StormSyncAvalancheBridge/StormSyncAvalancheBridge.uplugin" 646
"../../../Engine/Plugins/Runtime/Database/DatabaseSupport/DatabaseSupport.uplugin" 647
"../../../Engine/Plugins/Runtime/Database/SQLiteCore/SQLiteCore.uplugin" 648
"../../../Engine/Plugins/Runtime/Nvidia/Reflex/Reflex.uplugin" 649
"../../../Engine/Plugins/VirtualProduction/RemoteControlInterception/RemoteControlInterception.uplugin" 650
"../../../Engine/Plugins/Runtime/Database/RemoteDatabaseSupport/RemoteDatabaseSupport.uplugin" 651
"../../../Engine/Plugins/Editor/ContentBrowser/ContentBrowserAliasDataSource/ContentBrowserAliasDataSource.uplugin" 652
"../../../Engine/Plugins/VirtualProduction/VirtualScouting/VirtualScouting.uplugin" 653
"../../../Engine/Plugins/Editor/ContentBrowser/ContentBrowserAssetDataSource/ContentBrowserAssetDataSource.uplugin" 654
"../../../Engine/Plugins/Runtime/Database/SQLiteSupport/SQLiteSupport.uplugin" 655
"../../../Engine/Plugins/Interchange/Extensions/OpenUSD/InterchangeOpenUSD.uplugin" 656
"../../../Engine/Plugins/Runtime/Analytics/Adjust/Adjust.uplugin" 657
"../../../Engine/Plugins/Runtime/Nvidia/GeForceNOWWrapper/GeForceNOWWrapper.uplugin" 658
"../../../Engine/Plugins/VirtualProduction/Rivermax/RivermaxSync/RivermaxSync.uplugin" 659
"../../../Engine/Plugins/Runtime/Analytics/AnalyticsBlueprintLibrary/AnalyticsBlueprintLibrary.uplugin" 660
"../../../Engine/Plugins/Runtime/Analytics/AnalyticsMulticast/AnalyticsMulticast.uplugin" 661
"../../../Engine/Plugins/Runtime/MeshReconstruction/DummyMeshReconstructor/DummyMeshReconstructor.uplugin" 662
"../../../Engine/Plugins/Runtime/XR/XRVisualization/XRVisualization.uplugin" 663
"../../../Engine/Plugins/Interchange/Extensions/OpenVDB/InterchangeOpenVDB.uplugin" 664
"../../../Engine/Plugins/VirtualProduction/VirtualCameraCore/VirtualCameraCore.uplugin" 665
"../../../Engine/Plugins/Runtime/Analytics/FileLogging/FileLogging.uplugin" 666
"../../../Engine/Plugins/Runtime/Steam/SteamController/SteamController.uplugin" 667
"../../../Engine/Plugins/Runtime/PacketHandlers/DTLSHandlerComponent/DTLSHandlerComponent.uplugin" 668
"../../../Engine/Plugins/VirtualProduction/Rivermax/RivermaxMedia/RivermaxMedia.uplugin" 669
"../../../Engine/Plugins/Runtime/PacketHandlers/AESHandlerComponent/AESHandlerComponent.uplugin" 670
"../../../Engine/Plugins/VirtualProduction/Switchboard/Switchboard.uplugin" 671
"../../../Engine/Plugins/Runtime/Steam/SteamShared/SteamShared.uplugin" 672
"../../../Engine/Plugins/Animation/MLDeformer/MLDeformerFramework/MLDeformerFramework.uplugin" 673
"../../../Engine/Plugins/Animation/MLDeformer/ChaosFleshGenerator/ChaosFleshGenerator.uplugin" 674
"../../../Engine/Plugins/Runtime/Steam/SteamSockets/SteamSockets.uplugin" 675
"../../../Engine/Plugins/Editor/ObjectMixer/LightMixer/LightMixer.uplugin" 676
"../../../Engine/Plugins/Animation/MLDeformer/NearestNeighborModel/NearestNeighborModel.uplugin" 677
"../../../Engine/Plugins/Runtime/PacketHandlers/AESGCMHandlerComponent/AESGCMHandlerComponent.uplugin" 678
"../../../Engine/Plugins/Experimental/Enterprise/DataprepGeometryOperations/DataprepGeometryOperations.uplugin" 679
"../../../Engine/Plugins/VirtualProduction/Rivermax/RivermaxCore/RivermaxCore.uplugin" 680
"../../../Engine/Plugins/Experimental/CharacterFXEditor/BaseCharacterFXEditor/BaseCharacterFXEditor.uplugin" 681
"../../../Engine/Plugins/Experimental/Enterprise/DatasmithInterchange/DatasmithInterchange.uplugin" 682
"../../../Engine/Plugins/Editor/ContentBrowser/ContentBrowserClassDataSource/ContentBrowserClassDataSource.uplugin" 683
"../../../Engine/Plugins/Editor/ObjectMixer/ObjectMixer/ObjectMixer.uplugin" 684
"../../../Engine/Plugins/Animation/MLDeformer/ChaosClothGenerator/ChaosClothGenerator.uplugin" 685
"../../../Engine/Plugins/Developer/Concert/ConcertMain/ConcertMain.uplugin" 686
"../../../Engine/Plugins/Editor/ContentBrowser/ContentBrowserFileDataSource/ContentBrowserFileDataSource.uplugin" 687
"../../../Engine/Plugins/Experimental/AVCodecs/AVCodecsCore/AVCodecsCore.uplugin" 688
"../../../Engine/Plugins/Experimental/AVCodecs/NVCodecs/NVCodecs.uplugin" 689
"../../../Engine/Plugins/Animation/MLDeformer/NeuralMorphModel/NeuralMorphModel.uplugin" 690
"../../../Engine/Plugins/Online/VoiceChat/VoiceChat/VoiceChat.uplugin" 691
"../../../Engine/Plugins/Experimental/AVCodecs/WMFCodecs/WMFCodecs.uplugin" 692
"../../../Engine/Plugins/Animation/MLDeformer/VertexDeltaModel/VertexDeltaModel.uplugin" 693
"../../../Engine/Plugins/Experimental/MetaHuman/MetaHumanCalibrationDiagnostics/MetaHumanCalibrationDiagnostics.uplugin" 694
"../../../Engine/Plugins/VirtualProduction/Takes/Takes.uplugin" 695
"../../../Engine/Plugins/Experimental/MetaHuman/MetaHumanCharacterUAF/MetaHumanCharacterUAF.uplugin" 696
"../../../Engine/Plugins/Experimental/VirtualProduction/VPSettings/VPSettings.uplugin" 697
"../../../Engine/Plugins/Experimental/VirtualProduction/LedWallCalibration/LedWallCalibration.uplugin" 698
"../../../Engine/Plugins/Experimental/VirtualProduction/VPRoles/VPRoles.uplugin" 699
"../../../Engine/Plugins/Experimental/UAF/UAFAnimGraph/UAFAnimGraph.uplugin" 700
"../../../Engine/Plugins/VirtualProduction/CaptureManager/CaptureManagerEditor/CaptureManagerEditor.uplugin" 701
"../../../Engine/Plugins/VirtualProduction/CaptureManager/CaptureManagerCore/CaptureManagerCore.uplugin" 702
"../../../Engine/Plugins/VirtualProduction/CaptureManager/CaptureManagerDevices/CaptureManagerDevices.uplugin" 703
"../../../Engine/Plugins/Experimental/UAF/UAFStateTree/UAFStateTree.uplugin" 704
"../../../Engine/Plugins/Online/Android/AndroidFetchBackgroundDownload/AndroidFetchBackgroundDownload.uplugin" 705
"../../../Engine/Plugins/Experimental/UAF/UAF/UAF.uplugin" 706
"../../../Engine/Plugins/Runtime/XR/XRScribe/XRScribe.uplugin" 707
"../../../Engine/Plugins/Online/Android/OnlineSubsystemGooglePlay/OnlineSubsystemGooglePlay.uplugin" 708
"../../../Engine/Plugins/Experimental/UAF/UAFPoseSearch/UAFPoseSearch.uplugin" 709
"../../../Engine/Plugins/Runtime/Steam/SteamAudio/SteamAudio.uplugin" 710
"../../../Engine/Plugins/Experimental/UAF/UAFControlRig/UAFControlRig.uplugin" 711
"../../../Engine/Plugins/Experimental/UAF/UAFTests/UAFTests.uplugin" 712
"../../../Engine/Plugins/Experimental/UAF/UAFChooser/UAFChooser.uplugin" 713
"../../../Engine/Plugins/Experimental/UAF/UAFWarping/UAFWarping.uplugin" 714
"../../../Engine/Plugins/Experimental/Animation/ContextualAnimation/ContextualAnimation.uplugin" 715
"../../../Engine/Plugins/Experimental/CharacterFXEditor/ExampleCharacterFXEditor/ExampleCharacterFXEditor.uplugin" 716
"../../../Engine/Plugins/Experimental/Animation/MotionTrajectory/MotionTrajectory.uplugin" 717
"../../../Engine/Plugins/Experimental/Animation/HierarchyTable/HierarchyTable.uplugin" 718
"../../../Engine/Plugins/Experimental/Animation/Locomotor/Locomotor.uplugin" 719
"../../../Engine/Plugins/Experimental/Animation/Optimus/Optimus.uplugin" 720
"../../../Engine/Plugins/VirtualProduction/CaptureManager/CaptureManagerApp/CaptureManagerApp.uplugin" 721
"../../../Engine/Plugins/VirtualProduction/DataCharts/DataCharts.uplugin" 722
"../../../Engine/Plugins/Experimental/Animation/CurveExpression/CurveExpression.uplugin" 723
"../../../Engine/Plugins/Experimental/Animation/RelativeIKOp/RelativeIKOp.uplugin" 724
"../../../Engine/Plugins/Experimental/Enterprise/DatasmithRuntime/DatasmithRuntime.uplugin" 725
"../../../Engine/Plugins/Experimental/AVCodecs/LibVpxCodecs/LibVpxCodecs.uplugin" 726
"../../../Engine/Plugins/Experimental/Animation/TrajectoryTools/TrajectoryTools.uplugin" 727
"../../../Engine/Plugins/Experimental/Animation/RigMapper/RigMapper.uplugin" 728
"../../../Engine/Plugins/Experimental/AVCodecs/VTCodecs/VTCodecs.uplugin" 729
"../../../Engine/Plugins/Experimental/Web/WebAPI/WebAPI.uplugin" 730
"../../../Engine/Plugins/VirtualProduction/DMX/DMXControlConsole/DMXControlConsole.uplugin" 731
"../../../Engine/Plugins/Experimental/Animation/SkeletalMeshMorphTargetEditingTools/SkeletalMeshMorphTargetEditingTools.uplugin" 732
"../../../Engine/Plugins/VirtualProduction/DMX/DMXDisplayCluster/DMXDisplayCluster.uplugin" 733
"../../../Engine/Plugins/VirtualProduction/DMX/DMXFixtures/DMXFixtures.uplugin" 734
"../../../Engine/Plugins/VirtualProduction/DMX/DMXGDTF/DMXGDTF.uplugin" 735
"../../../Engine/Plugins/Experimental/PCGInterops/PCGFastGeoInterop/PCGFastGeoInterop.uplugin" 736
"../../../Engine/Plugins/VirtualProduction/DMX/DMXPixelMapping/DMXPixelMapping.uplugin" 737
"../../../Engine/Plugins/VirtualProduction/DMX/DMXModularFeatures/DMXModularFeatures.uplugin" 738
"../../../Engine/Plugins/Experimental/PCGInterops/PCGInstancedActorsInterop/PCGInstancedActorsInterop.uplugin" 739
"../../../Engine/Plugins/Experimental/PCGInterops/PCGNaniteAssembliesInterop/PCGNaniteAssembliesInterop.uplugin" 740
"../../../Engine/Plugins/Experimental/UAF/UAFMirroring/UAFMirroring.uplugin" 741
"../../../Engine/Plugins/VirtualProduction/DMX/DMXProtocol/DMXProtocol.uplugin" 742
"../../../Engine/Plugins/Experimental/Animation/RigMapperOp/RigMapperOp.uplugin" 743
"../../../Engine/Plugins/Runtime/Windows/WinVirtualKeyboard/WinVirtualKeyboard.uplugin" 744
"../../../Engine/Plugins/Runtime/Advertising/IOSTapJoy/IOSTapJoy.uplugin" 745
"../../../Engine/Plugins/Runtime/AR/ARUtilities/ARUtilities.uplugin" 746
"../../../Engine/Plugins/Online/IOS/OnlineSubsystemIOS/OnlineSubsystemIOS.uplugin" 747
"../../../Engine/Plugins/Developer/Concert/ConcertApp/DisasterRecoveryClient/DisasterRecoveryClient.uplugin" 748
"../../../Engine/Plugins/Experimental/Animation/HierarchyTableAnimation/HierarchyTableAnimation.uplugin" 749
"../../../Engine/Plugins/Developer/Concert/ConcertInsights/ConcertInsightsServer/ConcertInsightsServer.uplugin" 750
"../../../Engine/Plugins/Developer/Concert/ConcertApp/MultiUserClient/MultiUserClient.uplugin" 751
"../../../Engine/Plugins/Experimental/PCGInterops/PCGNiagaraInterop/PCGNiagaraInterop.uplugin" 752
"../../../Engine/Plugins/Developer/Concert/ConcertInsights/ConcertInsightsVisualizer/ConcertInsightsVisualizer.uplugin" 753
"../../../Engine/Plugins/Developer/Concert/ConcertInsights/ConcertInsightsCore/ConcertInsightsCore.uplugin" 754
"../../../Engine/Plugins/Developer/Concert/ConcertApp/MultiUserServer/MultiUserServer.uplugin" 755
"../../../Engine/Plugins/Runtime/AR/Google/GoogleARCore/GoogleARCore.uplugin" 756
"../../../Engine/Plugins/Experimental/MetaHuman/MetaHumanRuntime/MetaHumanRuntime.uplugin" 757
"../../../Engine/Plugins/Runtime/AR/Google/GoogleARCoreServices/GoogleARCoreServices.uplugin" 758
"../../../Engine/Plugins/Developer/Concert/ConcertInsights/ConcertInsightsClient/ConcertInsightsClient.uplugin" 759
"../../../Engine/Plugins/Developer/Concert/ConcertSync/ConcertSyncServer/ConcertSyncServer.uplugin" 760
"../../../Engine/Plugins/Experimental/Animation/MLDeformer/DetailPoseModel/DetailPoseModel.uplugin" 761
"../../../Engine/Plugins/Runtime/AR/AppleAR/AppleARKit/AppleARKit.uplugin" 762
"../../../Engine/Plugins/Developer/Concert/ConcertSync/ConcertSyncTest/ConcertSyncTest.uplugin" 763
"../../../Engine/Plugins/VirtualProduction/DMX/DMXEngine/DMXEngine.uplugin" 764
"../../../Engine/Plugins/Developer/Concert/ConcertScripting/ConcertReplicationScripting/ConcertReplicationScripting.uplugin" 765
"../../../Engine/Plugins/Developer/Concert/ConcertUI/ConcertSharedSlate/ConcertSharedSlate.uplugin" 766
"../../../Engine/Plugins/Experimental/PCGInterops/PCGWaterInterop/PCGWaterInterop.uplugin" 767
"../../../Engine/Plugins/Runtime/AR/AppleAR/AppleARKitFaceSupport/AppleARKitFaceSupport.uplugin" 768
"../../../Engine/Plugins/Experimental/Animation/PackedAttributes/PackedAttributes.uplugin" 769
"../../../Engine/Plugins/Runtime/Windows/WinDualShock/WinDualShock.uplugin" 770
"../../../Engine/Plugins/Experimental/AVCodecs/AMFCodecs/AMFCodecs.uplugin" 771
"../../../Engine/Plugins/VirtualProduction/DMX/DatasmithMVR/DatasmithMVR.uplugin" 772
"../../../Engine/Plugins/Developer/Concert/ConcertSync/ConcertSyncClient/ConcertSyncClient.uplugin" 773
"../../../Engine/Plugins/Online/VoiceChat/EOSVoiceChat/EOSVoiceChat.uplugin" 774
"../../../Engine/Plugins/Developer/Concert/ConcertSync/ConcertSyncCore/ConcertSyncCore.uplugin" 775
"../../../Engine/Plugins/Editor/Localization/PortableObjectFileDataSource/PortableObjectFileDataSource.uplugin" 776
"../../../Engine/Plugins/Developer/Concert/ConcertUI/ConcertClientSharedSlate/ConcertClientSharedSlate.uplugin" 777
"../../../Engine/Plugins/Runtime/Windows/XInputDevice/XInputDevice.uplugin" 778
"../../../Engine/Platforms/Android/Plugins/Animation/ACLPlugin/ACLPlugin_Android.uplugin" 779
"../../../Engine/Platforms/Android/Plugins/Animation/RigLogic/RigLogic_Android.uplugin" 780
"../../../Engine/Platforms/IOS/Plugins/Animation/RigLogic/RigLogic_IOS.uplugin" 781
"../../../Engine/Content/Internationalization/icudt64l/cnvalias.icu" 782
"../../../Engine/Content/Internationalization/icudt64l/res_index.res" 783
"../../../Engine/Content/Internationalization/icudt64l/plurals.res" 784
"../../../Engine/Content/Internationalization/icudt64l/lang/en_150.res" 785
"../../../Engine/Content/Internationalization/icudt64l/lang/pool.res" 786
"../../../Engine/Content/Internationalization/icudt64l/lang/en_001.res" 787
"../../../Engine/Content/Internationalization/icudt64l/lang/en.res" 788
"../../../Engine/Content/Internationalization/icudt64l/lang/root.res" 789
"../../../Engine/Content/Internationalization/icudt64l/region/en_150.res" 790
"../../../Engine/Content/Internationalization/icudt64l/region/pool.res" 791
"../../../Engine/Content/Internationalization/icudt64l/region/en.res" 792
"../../../Engine/Content/Internationalization/icudt64l/region/root.res" 793
"../../../Engine/Content/Internationalization/icudt64l/windowsZones.res" 794
"../../../Engine/Content/Internationalization/icudt64l/zoneinfo64.res" 795
"../../../Engine/Content/Internationalization/icudt64l/keyTypeData.res" 796
"../../../Engine/Content/Internationalization/icudt64l/timezoneTypes.res" 797
"../../../Engine/Content/Internationalization/icudt64l/likelySubtags.res" 798
"../../../Engine/Content/Internationalization/icudt64l/en_US.res" 799
"../../../Engine/Content/Internationalization/icudt64l/pool.res" 800
"../../../Engine/Content/Internationalization/icudt64l/en.res" 801
"../../../Engine/Content/Internationalization/icudt64l/root.res" 802
"../../../Engine/Content/Internationalization/icudt64l/supplementalData.res" 803
"../../../Engine/Config/ConfigRedirects.ini" 804
"C:/Users/annie/AppData/Local/UnrealEngine/5.7/Saved/Config/WindowsEditor/Manifest.ini" 805
"../../../Engine/Config/BaseEngine.ini" 806
"../../../Engine/Config/Windows/BaseWindowsEngine.ini" 807
"../../../../../Kool/Saxion/Semester 4/Unreal/AE_Unreal/Config/DefaultEngine.ini" 808
"../../../Engine/Config/BaseGame.ini" 809
"../../../../../Kool/Saxion/Semester 4/Unreal/AE_Unreal/Config/DefaultGame.ini" 810
"../../../Engine/Config/Windows/WindowsGame.ini" 811
"D:/Kool/Saxion/Semester 4/Unreal/AE_Unreal/Saved/Config/WindowsEditor/Game.ini" 812
"../../../Engine/Config/BaseInput.ini" 813
"../../../Engine/Config/Windows/BaseWindowsInput.ini" 814
"../../../../../Kool/Saxion/Semester 4/Unreal/AE_Unreal/Config/DefaultInput.ini" 815
"../../../Engine/Config/Windows/WindowsInput.ini" 816
"../../../Engine/Config/BaseDeviceProfiles.ini" 817
"../../../Engine/Config/BaseGameUserSettings.ini" 818
"D:/Kool/Saxion/Semester 4/Unreal/AE_Unreal/Saved/Config/WindowsEditor/GameUserSettings.ini" 819
"../../../Engine/Config/BaseScalability.ini" 820
"../../../Engine/Config/BaseRuntimeOptions.ini" 821
"../../../Engine/Config/BaseInstallBundle.ini" 822
"../../../Engine/Config/BaseHardware.ini" 823
"../../../Engine/Config/BaseCompat.ini" 824
"../../../Engine/Config/BaseLightmass.ini" 825
"../../../Engine/Config/BaseEditor.ini" 826
"../../../../../Kool/Saxion/Semester 4/Unreal/AE_Unreal/Config/DefaultEditor.ini" 827
"D:/Kool/Saxion/Semester 4/Unreal/AE_Unreal/Saved/Config/WindowsEditor/Editor.ini" 828
"../../../Engine/Config/BaseMaterialExpressions.ini" 829
"../../../Engine/Config/BaseEditorPerProjectUserSettings.ini" 830
"../../../../../Kool/Saxion/Semester 4/Unreal/AE_Unreal/Config/DefaultEditorPerProjectUserSettings.ini" 831
"../../../Engine/Config/Windows/WindowsEditorPerProjectUserSettings.ini" 832
"D:/Kool/Saxion/Semester 4/Unreal/AE_Unreal/Saved/Config/WindowsEditor/EditorPerProjectUserSettings.ini" 833
"../../../Engine/Config/BaseEditorSettings.ini" 834
"../../../Engine/Config/Windows/WindowsEditorSettings.ini" 835
"C:/Users/annie/AppData/Local/UnrealEngine/5.7/Saved/Config/WindowsEditor/EditorSettings.ini" 836
"../../../Engine/Config/BaseEditorKeyBindings.ini" 837
"C:/Users/annie/AppData/Local/UnrealEngine/5.7/Saved/Config/WindowsEditor/EditorLayout.ini" 838
"../../../../../Kool/Saxion/Semester 4/Unreal/AE_Unreal/Intermediate/CachedAssetRegistryDiscovery.bin" 839
"../../../../../Kool/Saxion/Semester 4/Unreal/AE_Unreal/Binaries/Win64/AE_Unreal.target" 840
"../../../Engine/Config/IOS/BaseIOSEngine.ini" 841
"../../../Engine/Platforms/VisionOS/Config/BaseVisionOSEngine.ini" 842
"../../../Engine/Platforms/VisionOS/Config/VisionOSEngine.ini" 843
"../../../Engine/Binaries/Win64/BootstrapPackagedGame-Win64-Shipping.target" 844
"../../../Engine/Binaries/Win64/BuildPatchTool-Win64-Shipping.target" 845
"../../../Engine/Binaries/Win64/CrashReportClient-Win64-Shipping.target" 846
"../../../Engine/Config/Mac/BaseMacEngine.ini" 847
"../../../Engine/Config/Linux/BaseLinuxEngine.ini" 848
"../../../Engine/Config/Unix/UnixEngine.ini" 849
"../../../Engine/Binaries/Win64/CrashReportClientEditor-Win64-Shipping.target" 850
"../../../Engine/Binaries/Win64/DatasmithCADWorker.target" 851
"../../../Engine/Binaries/Win64/EpicWebHelper-Win64-Shipping.target" 852
"../../../Engine/Binaries/Win64/InterchangeWorker.target" 853
"../../../Engine/Binaries/Win64/LiveCodingConsole.target" 854
"../../../Engine/Config/Android/BaseAndroidEngine.ini" 855
"../../../Engine/Config/Linux/LinuxEngine.ini" 856
"../../../Engine/Config/IOS/BaseIOSGame.ini" 857
"../../../Engine/Config/Android/AndroidEngine.ini" 858
"../../../Engine/Config/TVOS/TVOSEngine.ini" 859
"../../../Engine/Binaries/Win64/LiveLinkHub.target" 860
"../../../Engine/Config/IOS/IOSGame.ini" 861
"../../../Engine/Config/Android/BaseAndroidGame.ini" 862
"../../../Engine/Config/Mac/MacGame.ini" 863
"../../../Engine/Config/Linux/LinuxGame.ini" 864
"../../../Engine/Config/IOS/BaseIOSInput.ini" 865
"../../../Engine/Config/Mac/BaseMacInput.ini" 866
"../../../Engine/Config/Android/BaseAndroidInput.ini" 867
"../../../Engine/Config/IOS/IOSScalability.ini" 868
"../../../Engine/Config/IOS/BaseIOSInstallBundle.ini" 869
"../../../Engine/Config/Android/AndroidScalability.ini" 870
"../../../Engine/Config/Android/BaseAndroidInstallBundle.ini" 871
"../../../Engine/Binaries/Win64/ShaderCompileWorker.target" 872
"../../../Engine/Binaries/Win64/SwitchboardListener.target" 873
"../../../Engine/Binaries/Win64/SwitchboardListenerHelper.target" 874
"../../../Engine/Binaries/Win64/UnrealEditor-Win64-DebugGame.target" 875
"../../../Engine/Binaries/Win64/UnrealEditor.target" 876
"../../../Engine/Config/PluginBase.ini" 877
"../../../Engine/Plugins/ChaosVD/Config/DefaultChaosVD.ini" 878
"../../../Engine/Plugins/EnhancedInput/Config/BaseEnhancedInput.ini" 879
"../../../Engine/Plugins/Fab/Config/BaseFab.ini" 880
"../../../Engine/Plugins/TraceUtilities/Config/BaseTraceUtilities.ini" 881
"../../../Engine/Plugins/Cameras/GameplayCameras/Config/BaseGameplayCameras.ini" 882
"../../../Engine/Plugins/Interchange/Assets/Config/BaseInterchangeAssets.ini" 883
"../../../Engine/Plugins/Interchange/Runtime/Config/BaseInterchange.ini" 884
"../../../Engine/Plugins/MetaHuman/MetaHumanSDK/Config/BaseMetaHumanSDK.ini" 885
"../../../Engine/Plugins/Runtime/GameplayStateTree/Config/BaseGameplayStateTree.ini" 886
"../../../Engine/Plugins/Runtime/HairStrands/Config/BaseHairStrands.ini" 887
"../../../Engine/Plugins/Runtime/Metasound/Config/BaseMetasound.ini" 888
"../../../Engine/Plugins/Runtime/Metasound/Config/DefaultMetasound.ini" 889
"../../../Engine/Plugins/Runtime/PropertyBindingUtils/Config/BasePropertyBindingUtils.ini" 890
"../../../Engine/Plugins/Runtime/RigVM/Config/BaseRigVM.ini" 891
"../../../Engine/Plugins/Runtime/StateTree/Config/BaseStateTree.ini" 892
"../../../Engine/Plugins/Runtime/Synthesis/Config/BaseSynthesis.ini" 893
"../../../Engine/Plugins/Enterprise/DatasmithContent/Config/BaseDatasmithContent.ini" 894
"../../../Engine/Plugins/Enterprise/VariantManagerContent/Config/BaseVariantManagerContent.ini" 895
"../../../Engine/Plugins/Enterprise/GLTFExporter/Config/BaseGLTFExporter.ini" 896
"../../../Engine/Plugins/Enterprise/GLTFExporter/Config/DefaultGLTFExporter.ini" 897
"../../../Engine/Plugins/FX/Niagara/Config/BaseNiagara.ini" 898
"../../../Engine/Plugins/2D/Paper2D/Config/BasePaper2D.ini" 899
"../../../Engine/Plugins/Animation/ControlRig/Config/BaseControlRig.ini" 900
"../../../Engine/Plugins/Animation/DeformerGraph/Config/BaseDeformerGraph.ini" 901
"../../../Engine/Plugins/Animation/IKRig/Config/BaseIKRig.ini" 902
"../../../Engine/Plugins/Compositing/CompositeCore/Config/BaseCompositeCore.ini" 903
"../../../Engine/Plugins/Editor/EditorScriptingUtilities/Config/BaseEditorScriptingUtilities.ini" 904
"../../../Engine/Plugins/Experimental/FullBodyIK/Config/BaseFullBodyIK.ini" 905
"../../../Engine/Plugins/Experimental/ToolPresets/Config/BaseToolPresets.ini" 906
"../../../Engine/Plugins/VirtualProduction/Takes/Config/BaseTakes.ini" 907
"../../../Engine/Plugins/ChaosVD/Config/Engine.ini" 908
"../../../Engine/Plugins/EnhancedInput/Config/Input.ini" 909
"../../../Engine/Plugins/Runtime/InputDebugging/Config/Input.ini" 910
"../../../Engine/Plugins/Runtime/Windows/XInputDevice/Config/Input.ini" 911
"../../../Engine/Plugins/NNE/NNEDenoiser/Config/Game.ini" 912
"../../../Engine/Plugins/Runtime/RigVM/Config/Editor.ini" 913
"../../../Engine/Plugins/Online/OnlineSubsystemUtils/Config/Editor.ini" 914
"../../../Engine/Plugins/Editor/ModelingToolsEditorMode/Binaries/Win64/UnrealEditor.modules" 915
"../../../Engine/Plugins/Runtime/MeshModelingToolset/Binaries/Win64/UnrealEditor.modules" 916
"../../../Engine/Plugins/Experimental/MeshModelingToolsetExp/Binaries/Win64/UnrealEditor.modules" 917
"../../../Engine/Plugins/Editor/MeshLODToolset/Binaries/Win64/UnrealEditor.modules" 918
"../../../Engine/Plugins/Experimental/ToolPresets/Binaries/Win64/UnrealEditor.modules" 919
"../../../Engine/Plugins/Editor/StylusInput/Binaries/Win64/UnrealEditor.modules" 920
"../../../Engine/Plugins/Runtime/GeometryProcessing/Binaries/Win64/UnrealEditor.modules" 921
"../../../Engine/Plugins/Editor/ProxyLODPlugin/Binaries/Win64/UnrealEditor.modules" 922
"../../../Engine/Plugins/Experimental/PlanarCutPlugin/Binaries/Win64/UnrealEditor.modules" 923
"../../../Engine/Plugins/Runtime/GeometryCache/Binaries/Win64/UnrealEditor.modules" 924
"../../../Engine/Plugins/Experimental/GeometryFlow/Binaries/Win64/UnrealEditor.modules" 925
"../../../Engine/Plugins/Editor/EditorScriptingUtilities/Binaries/Win64/UnrealEditor.modules" 926
"../../../Engine/Plugins/FX/Niagara/Binaries/Win64/UnrealEditor.modules" 927
"../../../Engine/Plugins/Experimental/PythonScriptPlugin/Binaries/Win64/UnrealEditor.modules" 928
"../../../Engine/Plugins/Editor/ContentBrowser/ContentBrowserFileDataSource/Binaries/Win64/UnrealEditor.modules" 929
"../../../Engine/Plugins/Runtime/GameplayStateTree/Binaries/Win64/UnrealEditor.modules" 930
"../../../Engine/Plugins/Runtime/StateTree/Binaries/Win64/UnrealEditor.modules" 931
"../../../Engine/Plugins/Animation/GameplayInsights/Binaries/Win64/UnrealEditor.modules" 932
"../../../Engine/Plugins/Runtime/PropertyAccess/Binaries/Win64/UnrealEditor.modules" 933
"../../../Engine/Plugins/Runtime/PropertyBindingUtils/Binaries/Win64/UnrealEditor.modules" 934
"../../../Engine/Plugins/AudioInsights/Binaries/Win64/UnrealEditor.modules" 935
"../../../Engine/Plugins/Runtime/AudioWidgets/Binaries/Win64/UnrealEditor.modules" 936
"../../../Engine/Plugins/Runtime/AudioSynesthesia/Binaries/Win64/UnrealEditor.modules" 937
"../../../Engine/Plugins/Bridge/Binaries/Win64/UnrealEditor.modules" 938
"../../../Engine/Plugins/MetaHuman/MetaHumanSDK/Binaries/Win64/UnrealEditor.modules" 939
"../../../Engine/Plugins/Animation/ControlRig/Binaries/Win64/UnrealEditor.modules" 940
"../../../Engine/Plugins/Runtime/HairStrands/Binaries/Win64/UnrealEditor.modules" 941
"../../../Engine/Plugins/Animation/RigLogic/Binaries/Win64/UnrealEditor.modules" 942
"../../../Engine/Plugins/Interchange/Runtime/Binaries/Win64/UnrealEditor.modules" 943
"../../../Engine/Plugins/Online/EOSShared/Binaries/Win64/UnrealEditor.modules" 944
"../../../Engine/Plugins/Runtime/RigVM/Binaries/Win64/UnrealEditor.modules" 945
"../../../Engine/Plugins/MovieScene/LevelSequenceEditor/Binaries/Win64/UnrealEditor.modules" 946
"../../../Engine/Plugins/MovieScene/SequencerScripting/Binaries/Win64/UnrealEditor.modules" 947
"../../../Engine/Plugins/Animation/TweeningUtils/Binaries/Win64/UnrealEditor.modules" 948
"../../../Engine/Plugins/Animation/DeformerGraph/Binaries/Win64/UnrealEditor.modules" 949
"../../../Engine/Plugins/Experimental/Dataflow/Binaries/Win64/UnrealEditor.modules" 950
"../../../Engine/Plugins/Runtime/ComputeFramework/Binaries/Win64/UnrealEditor.modules" 951
"../../../Engine/Plugins/Enterprise/VariantManagerContent/Binaries/Win64/UnrealEditor.modules" 952
"../../../Engine/Plugins/Enterprise/VariantManager/Binaries/Win64/UnrealEditor.modules" 953
"../../../Engine/Plugins/Interchange/Assets/Binaries/Win64/UnrealEditor.modules" 954
"../../../Engine/Plugins/Experimental/CharacterFXEditor/BaseCharacterFXEditor/Binaries/Win64/UnrealEditor.modules" 955
"../../../Engine/Plugins/Runtime/ProceduralMeshComponent/Binaries/Win64/UnrealEditor.modules" 956
"../../../Engine/Plugins/Experimental/ChaosCaching/Binaries/Win64/UnrealEditor.modules" 957
"../../../Engine/Plugins/Experimental/EditorDataStorage/Binaries/Win64/UnrealEditor.modules" 958
"../../../Engine/Plugins/Experimental/EditorDataStorageFeatures/Binaries/Win64/UnrealEditor.modules" 959
"../../../Engine/Plugins/Animation/SkeletalMeshModelingTools/Binaries/Win64/UnrealEditor.modules" 960
"../../../Engine/Plugins/VirtualProduction/Takes/Binaries/Win64/UnrealEditor.modules" 961
"../../../Engine/Plugins/Runtime/AudioCapture/Binaries/Win64/UnrealEditor.modules" 962
"../../../Engine/Plugins/Developer/NamingTokens/Binaries/Win64/UnrealEditor.modules" 963
"../../../Engine/Plugins/Editor/EngineAssetDefinitions/Binaries/Win64/UnrealEditor.modules" 964
"../../../Engine/Plugins/ChaosCloth/Binaries/Win64/UnrealEditor.modules" 965
"../../../Engine/Plugins/ChaosInsights/Binaries/Win64/UnrealEditor.modules" 966
"../../../Engine/Plugins/ChaosVD/Binaries/Win64/UnrealEditor.modules" 967
"../../../Engine/Plugins/CmdLinkServer/Binaries/Win64/UnrealEditor.modules" 968
"../../../Engine/Plugins/EnhancedInput/Binaries/Win64/UnrealEditor.modules" 969
"../../../Engine/Plugins/Editor/DataValidation/Binaries/Win64/UnrealEditor.modules" 970
"../../../Engine/Plugins/Fab/Binaries/Win64/UnrealEditor.modules" 971
"../../../Engine/Plugins/IoStoreInsights/Binaries/Win64/UnrealEditor.modules" 972
"../../../Engine/Plugins/MassInsights/Binaries/Win64/UnrealEditor.modules" 973
"../../../Engine/Plugins/MeshPainting/Binaries/Win64/UnrealEditor.modules" 974
"../../../Engine/Plugins/Interchange/Editor/Binaries/Win64/UnrealEditor.modules" 975
"../../../Engine/Plugins/RenderGraphInsights/Binaries/Win64/UnrealEditor.modules" 976
"../../../Engine/Plugins/TraceUtilities/Binaries/Win64/UnrealEditor.modules" 977
"../../../Engine/Plugins/UbaController/Binaries/Win64/UnrealEditor.modules" 978
"../../../Engine/Plugins/WorldMetrics/Binaries/Win64/UnrealEditor.modules" 979
"../../../Engine/Plugins/XGEController/Binaries/Win64/UnrealEditor.modules" 980
"../../../Engine/Plugins/AI/AISupport/Binaries/Win64/UnrealEditor.modules" 981
"../../../Engine/Plugins/AI/EnvironmentQueryEditor/Binaries/Win64/UnrealEditor.modules" 982
"../../../Engine/Plugins/Cameras/EngineCameras/Binaries/Win64/UnrealEditor.modules" 983
"../../../Engine/Plugins/MovieScene/TemplateSequence/Binaries/Win64/UnrealEditor.modules" 984
"../../../Engine/Plugins/Cameras/GameplayCameras/Binaries/Win64/UnrealEditor.modules" 985
"../../../Engine/Plugins/Compression/OodleNetwork/Binaries/Win64/UnrealEditor.modules" 986
"../../../Engine/Plugins/Cameras/CameraShakePreviewer/Binaries/Win64/UnrealEditor.modules" 987
"../../../Engine/Plugins/NNE/NNEDenoiser/Binaries/Win64/UnrealEditor.modules" 988
"../../../Engine/Plugins/NNE/NNERuntimeORT/Binaries/Win64/UnrealEditor.modules" 989
"../../../Engine/Plugins/Runtime/ActorLayerUtilities/Binaries/Win64/UnrealEditor.modules" 990
"../../../Engine/Plugins/Runtime/AndroidFileServer/Binaries/Win64/UnrealEditor.modules" 991
"../../../Engine/Plugins/Runtime/AndroidDeviceProfileSelector/Binaries/Win64/UnrealEditor.modules" 992
"../../../Engine/Plugins/Runtime/AndroidPermission/Binaries/Win64/UnrealEditor.modules" 993
"../../../Engine/Plugins/Runtime/AppleImageUtils/Binaries/Win64/UnrealEditor.modules" 994
"../../../Engine/Plugins/Runtime/ArchVisCharacter/Binaries/Win64/UnrealEditor.modules" 995
"../../../Engine/Plugins/Runtime/AssetTags/Binaries/Win64/UnrealEditor.modules" 996
"../../../Engine/Plugins/Runtime/CableComponent/Binaries/Win64/UnrealEditor.modules" 997
"../../../Engine/Plugins/Runtime/CustomMeshComponent/Binaries/Win64/UnrealEditor.modules" 998
"../../../Engine/Plugins/Runtime/ChunkDownloader/Binaries/Win64/UnrealEditor.modules" 999
"../../../Engine/Plugins/Runtime/ExampleDeviceProfileSelector/Binaries/Win64/UnrealEditor.modules" 1000
"../../../Engine/Plugins/Runtime/GooglePAD/Binaries/Win64/UnrealEditor.modules" 1001
"../../../Engine/Plugins/Runtime/InputDebugging/Binaries/Win64/UnrealEditor.modules" 1002
"../../../Engine/Plugins/Runtime/LocationServicesBPLibrary/Binaries/Win64/UnrealEditor.modules" 1003
"../../../Engine/Plugins/Runtime/Metasound/Binaries/Win64/UnrealEditor.modules" 1004
"../../../Engine/Plugins/Editor/ContentBrowser/ContentBrowserAssetDataSource/Binaries/Win64/UnrealEditor.modules" 1005
"../../../Engine/Plugins/Runtime/WaveTable/Binaries/Win64/UnrealEditor.modules" 1006
"../../../Engine/Plugins/Runtime/MobilePatchingUtils/Binaries/Win64/UnrealEditor.modules" 1007
"../../../Engine/Plugins/Runtime/MsQuic/Binaries/Win64/UnrealEditor.modules" 1008
"../../../Engine/Plugins/Runtime/ResonanceAudio/Binaries/Win64/UnrealEditor.modules" 1009
"../../../Engine/Plugins/Runtime/SoundFields/Binaries/Win64/UnrealEditor.modules" 1010
"../../../Engine/Plugins/Runtime/Synthesis/Binaries/Win64/UnrealEditor.modules" 1011
"../../../Engine/Plugins/Runtime/WebMMoviePlayer/Binaries/Win64/UnrealEditor.modules" 1012
"../../../Engine/Plugins/Media/WebMMedia/Binaries/Win64/UnrealEditor.modules" 1013
"../../../Engine/Plugins/Runtime/WindowsDeviceProfileSelector/Binaries/Win64/UnrealEditor.modules" 1014
"../../../Engine/Plugins/Runtime/WindowsMoviePlayer/Binaries/Win64/UnrealEditor.modules" 1015
"../../../Engine/Plugins/Importers/AlembicImporter/Binaries/Win64/UnrealEditor.modules" 1016
"../../../Engine/Plugins/Online/OnlineSubsystem/Binaries/Win64/UnrealEditor.modules" 1017
"../../../Engine/Plugins/Online/OnlineBase/Binaries/Win64/UnrealEditor.modules" 1018
"../../../Engine/Plugins/Online/OnlineSubsystemNull/Binaries/Win64/UnrealEditor.modules" 1019
"../../../Engine/Plugins/Online/OnlineSubsystemUtils/Binaries/Win64/UnrealEditor.modules" 1020
"../../../Engine/Plugins/Online/OnlineServices/Binaries/Win64/UnrealEditor.modules" 1021
"../../../Engine/Plugins/Tests/InterchangeTests/Binaries/Win64/UnrealEditor.modules" 1022
"../../../Engine/Plugins/Developer/CLionSourceCodeAccess/Binaries/Win64/UnrealEditor.modules" 1023
"../../../Engine/Plugins/Developer/AnimationSharing/Binaries/Win64/UnrealEditor.modules" 1024
"../../../Engine/Plugins/Runtime/SignificanceManager/Binaries/Win64/UnrealEditor.modules" 1025
"../../../Engine/Plugins/Developer/DumpGPUServices/Binaries/Win64/UnrealEditor.modules" 1026
"../../../Engine/Plugins/Developer/GitSourceControl/Binaries/Win64/UnrealEditor.modules" 1027
"../../../Engine/Plugins/Developer/GPUReshape/Binaries/Win64/UnrealEditor.modules" 1028
"../../../Engine/Plugins/Developer/N10XSourceCodeAccess/Binaries/Win64/UnrealEditor.modules" 1029
"../../../Engine/Plugins/Developer/PerforceSourceControl/Binaries/Win64/UnrealEditor.modules" 1030
"../../../Engine/Plugins/Developer/PixWinPlugin/Binaries/Win64/UnrealEditor.modules" 1031
"../../../Engine/Plugins/Developer/PluginUtils/Binaries/Win64/UnrealEditor.modules" 1032
"../../../Engine/Plugins/Developer/PlasticSourceControl/Binaries/Win64/UnrealEditor.modules" 1033
"../../../Engine/Plugins/Developer/PropertyAccessNode/Binaries/Win64/UnrealEditor.modules" 1034
"../../../Engine/Plugins/Developer/ProjectLauncher/Binaries/Win64/UnrealEditor.modules" 1035
"../../../Engine/Plugins/Developer/TextureFormatOodle/Binaries/Win64/UnrealEditor.modules" 1036
"../../../Engine/Plugins/Developer/SubversionSourceControl/Binaries/Win64/UnrealEditor.modules" 1037
"../../../Engine/Plugins/Developer/RenderDocPlugin/Binaries/Win64/UnrealEditor.modules" 1038
"../../../Engine/Plugins/Developer/VisualStudioCodeSourceCodeAccess/Binaries/Win64/UnrealEditor.modules" 1039
"../../../Engine/Plugins/Developer/RiderSourceCodeAccess/Binaries/Win64/UnrealEditor.modules" 1040
"../../../Engine/Plugins/Developer/VisualStudioSourceCodeAccess/Binaries/Win64/UnrealEditor.modules" 1041
"../../../Engine/Plugins/Developer/UObjectPlugin/Binaries/Win64/UnrealEditor.modules" 1042
"../../../Engine/Plugins/Enterprise/DatasmithContent/Binaries/Win64/UnrealEditor.modules" 1043
"../../../Engine/Plugins/Enterprise/GLTFExporter/Binaries/Win64/UnrealEditor.modules" 1044
"../../../Engine/Plugins/FX/Cascade/Binaries/Win64/UnrealEditor.modules" 1045
"../../../Engine/Plugins/FX/NiagaraPreviewContent/Binaries/Win64/UnrealEditor.modules" 1046
"../../../Engine/Plugins/FX/NiagaraSimCaching/Binaries/Win64/UnrealEditor.modules" 1047
"../../../Engine/Plugins/Media/AndroidMedia/Binaries/Win64/UnrealEditor.modules" 1048
"../../../Engine/Plugins/Media/AvfMedia/Binaries/Win64/UnrealEditor.modules" 1049
"../../../Engine/Plugins/Media/MediaCompositing/Binaries/Win64/UnrealEditor.modules" 1050
"../../../Engine/Plugins/Media/ImgMedia/Binaries/Win64/UnrealEditor.modules" 1051
"../../../Engine/Plugins/Media/MediaPlayerEditor/Binaries/Win64/UnrealEditor.modules" 1052
"../../../Engine/Plugins/Media/MediaPlate/Binaries/Win64/UnrealEditor.modules" 1053
"../../../Engine/Plugins/Compositing/CompositeCore/Binaries/Win64/UnrealEditor.modules" 1054
"../../../Engine/Plugins/MovieScene/ActorSequence/Binaries/Win64/UnrealEditor.modules" 1055
"../../../Engine/Plugins/Media/WmfMedia/Binaries/Win64/UnrealEditor.modules" 1056
"../../../Engine/Plugins/MovieScene/SequenceValidator/Binaries/Win64/UnrealEditor.modules" 1057
"../../../Engine/Plugins/Portal/LauncherChunkInstaller/Binaries/Win64/UnrealEditor.modules" 1058
"../../../Engine/Plugins/Animation/AnimationData/Binaries/Win64/UnrealEditor.modules" 1059
"../../../Engine/Plugins/Animation/ACLPlugin/Binaries/Win64/UnrealEditor.modules" 1060
"../../../Engine/Plugins/2D/Paper2D/Binaries/Win64/UnrealEditor.modules" 1061
"../../../Engine/Plugins/Animation/AnimationModifierLibrary/Binaries/Win64/UnrealEditor.modules" 1062
"../../../Engine/Plugins/Animation/BlendSpaceMotionAnalysis/Binaries/Win64/UnrealEditor.modules" 1063
"../../../Engine/Plugins/Animation/EaseCurveTool/Binaries/Win64/UnrealEditor.modules" 1064
"../../../Engine/Plugins/Animation/ControlRigSpline/Binaries/Win64/UnrealEditor.modules" 1065
"../../../Engine/Plugins/Animation/IKRig/Binaries/Win64/UnrealEditor.modules" 1066
"../../../Engine/Plugins/Experimental/FullBodyIK/Binaries/Win64/UnrealEditor.modules" 1067
"../../../Engine/Plugins/Editor/BlueprintHeaderView/Binaries/Win64/UnrealEditor.modules" 1068
"../../../Engine/Plugins/Editor/ColorGrading/Binaries/Win64/UnrealEditor.modules" 1069
"../../../Engine/Plugins/Editor/ObjectMixer/ObjectMixer/Binaries/Win64/UnrealEditor.modules" 1070
"../../../Engine/Plugins/Editor/AssetManagerEditor/Binaries/Win64/UnrealEditor.modules" 1071
"../../../Engine/Plugins/Editor/ChangelistReview/Binaries/Win64/UnrealEditor.modules" 1072
"../../../Engine/Plugins/Editor/CurveEditorTools/Binaries/Win64/UnrealEditor.modules" 1073
"../../../Engine/Plugins/Editor/CryptoKeys/Binaries/Win64/UnrealEditor.modules" 1074
"../../../Engine/Plugins/Editor/EditorDebugTools/Binaries/Win64/UnrealEditor.modules" 1075
"../../../Engine/Plugins/Editor/GameplayTagsEditor/Binaries/Win64/UnrealEditor.modules" 1076
"../../../Engine/Plugins/Editor/FacialAnimation/Binaries/Win64/UnrealEditor.modules" 1077
"../../../Engine/Plugins/Editor/MaterialAnalyzer/Binaries/Win64/UnrealEditor.modules" 1078
"../../../Engine/Plugins/Editor/MobileLauncherProfileWizard/Binaries/Win64/UnrealEditor.modules" 1079
"../../../Engine/Plugins/Editor/PluginBrowser/Binaries/Win64/UnrealEditor.modules" 1080
"../../../Engine/Plugins/Editor/SequencerAnimTools/Binaries/Win64/UnrealEditor.modules" 1081
"../../../Engine/Plugins/Editor/GeometryMode/Binaries/Win64/UnrealEditor.modules" 1082
"../../../Engine/Plugins/Editor/SpeedTreeImporter/Binaries/Win64/UnrealEditor.modules" 1083
"../../../Engine/Plugins/Editor/UMGWidgetPreview/Binaries/Win64/UnrealEditor.modules" 1084
"../../../Engine/Plugins/Editor/WorldPartitionHLODUtilities/Binaries/Win64/UnrealEditor.modules" 1085
"../../../Engine/Plugins/Experimental/AdvancedRenamer/Binaries/Win64/UnrealEditor.modules" 1086
"../../../Engine/Plugins/Experimental/AutomationUtils/Binaries/Win64/UnrealEditor.modules" 1087
"../../../Engine/Plugins/Editor/UVEditor/Binaries/Win64/UnrealEditor.modules" 1088
"../../../Engine/Plugins/Experimental/BackChannel/Binaries/Win64/UnrealEditor.modules" 1089
"../../../Engine/Plugins/Experimental/ChaosEditor/Binaries/Win64/UnrealEditor.modules" 1090
"../../../Engine/Plugins/Experimental/GeometryCollectionPlugin/Binaries/Win64/UnrealEditor.modules" 1091
"../../../Engine/Plugins/Experimental/Fracture/Binaries/Win64/UnrealEditor.modules" 1092
"../../../Engine/Plugins/Experimental/ChaosSolverPlugin/Binaries/Win64/UnrealEditor.modules" 1093
"../../../Engine/Plugins/Experimental/GeometryDataflow/Binaries/Win64/UnrealEditor.modules" 1094
"../../../Engine/Plugins/Experimental/ChaosNiagara/Binaries/Win64/UnrealEditor.modules" 1095
"../../../Engine/Plugins/Experimental/CharacterAI/Binaries/Win64/UnrealEditor.modules" 1096
"../../../Engine/Plugins/Experimental/ChaosUserDataPT/Binaries/Win64/UnrealEditor.modules" 1097
"../../../Engine/Plugins/Experimental/EditorPerformance/Binaries/Win64/UnrealEditor.modules" 1098
"../../../Engine/Plugins/Experimental/EditorTelemetry/Binaries/Win64/UnrealEditor.modules" 1099
"../../../Engine/Plugins/Experimental/GlobalConfigurationData/Binaries/Win64/UnrealEditor.modules" 1100
"../../../Engine/Plugins/Experimental/LevelSequenceNavigatorBridge/Binaries/Win64/UnrealEditor.modules" 1101
"../../../Engine/Plugins/Experimental/SequenceNavigator/Binaries/Win64/UnrealEditor.modules" 1102
"../../../Engine/Plugins/Experimental/LocalizableMessage/Binaries/Win64/UnrealEditor.modules" 1103
"../../../Engine/Plugins/Experimental/NFORDenoise/Binaries/Win64/UnrealEditor.modules" 1104
"../../../Engine/Plugins/Experimental/PlatformCrypto/Binaries/Win64/UnrealEditor.modules" 1105
"../../../Engine/Plugins/Experimental/RuntimeTelemetry/Binaries/Win64/UnrealEditor.modules" 1106
"../../../Engine/Plugins/Experimental/SkeletalReduction/Binaries/Win64/UnrealEditor.modules" 1107
"../../../Engine/Plugins/Messaging/UdpMessaging/Binaries/Win64/UnrealEditor.modules" 1108
"../../../Engine/Plugins/Messaging/TcpMessaging/Binaries/Win64/UnrealEditor.modules" 1109
"../../../Engine/Plugins/Editor/ContentBrowser/ContentBrowserClassDataSource/Binaries/Win64/UnrealEditor.modules" 1110
"../../../Engine/Plugins/Editor/Localization/PortableObjectFileDataSource/Binaries/Win64/UnrealEditor.modules" 1111
"../../../Engine/Plugins/Editor/ObjectMixer/LightMixer/Binaries/Win64/UnrealEditor.modules" 1112
"../../../Engine/Plugins/Runtime/Windows/XInputDevice/Binaries/Win64/UnrealEditor.modules" 1113
"../../../Engine/Config/BaseSourceControlSettings.ini" 1114
"../../../Engine/Content/Internationalization/icudt64l/coll/ucadata.icu" 1115
"../../../Engine/Content/Internationalization/icudt64l/coll/en_US.res" 1116
"../../../Engine/Content/Internationalization/icudt64l/coll/en.res" 1117
"../../../Engine/Content/Internationalization/icudt64l/coll/root.res" 1118
"../../../Engine/Content/Certificates/ThirdParty/cacert.pem" 1119
"../../../Engine/Config/ConsoleVariables.ini" 1120
"../../../Engine/Binaries/Win64/Android/UnrealEditor.modules" 1121
"../../../Engine/Binaries/Win64/IOS/UnrealEditor.modules" 1122
"../../../Engine/Binaries/Win64/Linux/UnrealEditor.modules" 1123
"../../../Engine/Content/Localization/Editor/en/Editor.locres" 1124
"../../../Engine/Content/Localization/Keywords/en/Keywords.locres" 1125
"../../../Engine/Content/Localization/Category/en/Category.locres" 1126
"../../../Engine/Content/Localization/ToolTips/en/ToolTips.locres" 1127
"../../../Engine/Content/Localization/PropertyNames/en/PropertyNames.locres" 1128
"../../../Engine/Content/Localization/Engine/en/Engine.locres" 1129
"../../../Engine/Plugins/MetaHuman/MetaHumanSDK/Content/Localization/MetaHumanSDK/en/MetaHumanSDK.locres" 1130
"../../../Engine/Plugins/MetaHuman/MetaHumanSDK/Content/Localization/MetaHumanSDK_Properties/en/MetaHumanSDK_Properties.locres" 1131
"../../../Engine/Plugins/MetaHuman/MetaHumanSDK/Content/Localization/MetaHumanSDK_Tooltips/en/MetaHumanSDK_Tooltips.locres" 1132
"../../../Engine/Plugins/Online/OnlineSubsystem/Content/Localization/OnlineSubsystem/en/OnlineSubsystem.locres" 1133
"../../../Engine/Plugins/Online/OnlineSubsystemUtils/Content/Localization/OnlineSubsystemUtils/en/OnlineSubsystemUtils.locres" 1134
"../../../Engine/Plugins/Online/Android/OnlineSubsystemGooglePlay/Content/Localization/OnlineSubsystemGooglePlay/en/OnlineSubsystemGooglePlay.locres" 1135
"../../../Engine/Plugins/Online/IOS/OnlineSubsystemIOS/Content/Localization/OnlineSubsystemIOS/en/OnlineSubsystemIOS.locres" 1136
"../../../Engine/Content/Internationalization/icudt64l/en_150.res" 1137
"../../../Engine/Content/Internationalization/icudt64l/en_001.res" 1138
"../../../Engine/Content/Internationalization/icudt64l/numberingSystems.res" 1139
"../../../Engine/Content/Internationalization/icudt64l/curr/supplementalData.res" 1140
"../../../Engine/Content/Internationalization/icudt64l/curr/en_150.res" 1141
"../../../Engine/Content/Internationalization/icudt64l/curr/pool.res" 1142
"../../../Engine/Content/Internationalization/icudt64l/curr/en_001.res" 1143
"../../../Engine/Content/Internationalization/icudt64l/curr/en.res" 1144
"../../../Engine/Content/Internationalization/icudt64l/curr/root.res" 1145
"../../../Engine/Content/Internationalization/icudt64l/lang/af.res" 1146
"../../../Engine/Content/Internationalization/icudt64l/region/af.res" 1147
"../../../Engine/Content/Internationalization/icudt64l/lang/agq.res" 1148
"../../../Engine/Content/Internationalization/icudt64l/region/agq.res" 1149
"../../../Engine/Content/Internationalization/icudt64l/lang/ak.res" 1150
"../../../Engine/Content/Internationalization/icudt64l/region/ak.res" 1151
"../../../Engine/Content/Internationalization/icudt64l/lang/am.res" 1152
"../../../Engine/Content/Internationalization/icudt64l/region/am.res" 1153
"../../../Engine/Content/Internationalization/icudt64l/lang/ar.res" 1154
"../../../Engine/Content/Internationalization/icudt64l/region/ar.res" 1155
"../../../Engine/Content/Internationalization/icudt64l/region/ar_AE.res" 1156
"../../../Engine/Content/Internationalization/icudt64l/lang/ar_EG.res" 1157
"../../../Engine/Content/Internationalization/icudt64l/lang/ar_LY.res" 1158
"../../../Engine/Content/Internationalization/icudt64l/region/ar_LY.res" 1159
"../../../Engine/Content/Internationalization/icudt64l/lang/ar_SA.res" 1160
"../../../Engine/Content/Internationalization/icudt64l/region/ar_SA.res" 1161
"../../../Engine/Content/Internationalization/icudt64l/lang/as.res" 1162
"../../../Engine/Content/Internationalization/icudt64l/region/as.res" 1163
"../../../Engine/Content/Internationalization/icudt64l/lang/asa.res" 1164
"../../../Engine/Content/Internationalization/icudt64l/region/asa.res" 1165
"../../../Engine/Content/Internationalization/icudt64l/lang/ast.res" 1166
"../../../Engine/Content/Internationalization/icudt64l/region/ast.res" 1167
"../../../Engine/Content/Internationalization/icudt64l/lang/az.res" 1168
"../../../Engine/Content/Internationalization/icudt64l/lang/az_Cyrl.res" 1169
"../../../Engine/Content/Internationalization/icudt64l/lang/az_AZ.res" 1170
"../../../Engine/Content/Internationalization/icudt64l/lang/az_Latn_AZ.res" 1171
"../../../Engine/Content/Internationalization/icudt64l/lang/az_Latn.res" 1172
"../../../Engine/Content/Internationalization/icudt64l/region/az_AZ.res" 1173
"../../../Engine/Content/Internationalization/icudt64l/region/az_Latn_AZ.res" 1174
"../../../Engine/Content/Internationalization/icudt64l/region/az_Latn.res" 1175
"../../../Engine/Content/Internationalization/icudt64l/region/az.res" 1176
"../../../Engine/Content/Internationalization/icudt64l/region/az_Cyrl.res" 1177
"../../../Engine/Content/Internationalization/icudt64l/lang/bas.res" 1178
"../../../Engine/Content/Internationalization/icudt64l/region/bas.res" 1179
"../../../Engine/Content/Internationalization/icudt64l/lang/be.res" 1180
"../../../Engine/Content/Internationalization/icudt64l/region/be.res" 1181
"../../../Engine/Content/Internationalization/icudt64l/lang/bem.res" 1182
"../../../Engine/Content/Internationalization/icudt64l/region/bem.res" 1183
"../../../Engine/Content/Internationalization/icudt64l/lang/bez.res" 1184
"../../../Engine/Content/Internationalization/icudt64l/region/bez.res" 1185
"../../../Engine/Content/Internationalization/icudt64l/lang/bg.res" 1186
"../../../Engine/Content/Internationalization/icudt64l/region/bg.res" 1187
"../../../Engine/Content/Internationalization/icudt64l/lang/bm.res" 1188
"../../../Engine/Content/Internationalization/icudt64l/region/bm.res" 1189
"../../../Engine/Content/Internationalization/icudt64l/lang/bn.res" 1190
"../../../Engine/Content/Internationalization/icudt64l/region/bn.res" 1191
"../../../Engine/Content/Internationalization/icudt64l/lang/bn_IN.res" 1192
"../../../Engine/Content/Internationalization/icudt64l/region/bn_IN.res" 1193
"../../../Engine/Content/Internationalization/icudt64l/lang/bo.res" 1194
"../../../Engine/Content/Internationalization/icudt64l/region/bo.res" 1195
"../../../Engine/Content/Internationalization/icudt64l/region/bo_IN.res" 1196
"../../../Engine/Content/Internationalization/icudt64l/lang/br.res" 1197
"../../../Engine/Content/Internationalization/icudt64l/region/br.res" 1198
"../../../Engine/Content/Internationalization/icudt64l/lang/brx.res" 1199
"../../../Engine/Content/Internationalization/icudt64l/region/brx.res" 1200
"../../../Engine/Content/Internationalization/icudt64l/lang/bs.res" 1201
"../../../Engine/Content/Internationalization/icudt64l/lang/bs_Cyrl.res" 1202
"../../../Engine/Content/Internationalization/icudt64l/lang/bs_BA.res" 1203
"../../../Engine/Content/Internationalization/icudt64l/lang/bs_Latn_BA.res" 1204
"../../../Engine/Content/Internationalization/icudt64l/lang/bs_Latn.res" 1205
"../../../Engine/Content/Internationalization/icudt64l/region/bs_BA.res" 1206
"../../../Engine/Content/Internationalization/icudt64l/region/bs_Latn_BA.res" 1207
"../../../Engine/Content/Internationalization/icudt64l/region/bs_Latn.res" 1208
"../../../Engine/Content/Internationalization/icudt64l/region/bs.res" 1209
"../../../Engine/Content/Internationalization/icudt64l/region/bs_Cyrl.res" 1210
"../../../Engine/Content/Internationalization/icudt64l/lang/ca.res" 1211
"../../../Engine/Content/Internationalization/icudt64l/region/ca.res" 1212
"../../../Engine/Content/Internationalization/icudt64l/lang/ccp.res" 1213
"../../../Engine/Content/Internationalization/icudt64l/region/ccp.res" 1214
"../../../Engine/Content/Internationalization/icudt64l/lang/ce.res" 1215
"../../../Engine/Content/Internationalization/icudt64l/region/ce.res" 1216
"../../../Engine/Content/Internationalization/icudt64l/lang/ceb.res" 1217
"../../../Engine/Content/Internationalization/icudt64l/region/ceb.res" 1218
"../../../Engine/Content/Internationalization/icudt64l/lang/cgg.res" 1219
"../../../Engine/Content/Internationalization/icudt64l/region/cgg.res" 1220
"../../../Engine/Content/Internationalization/icudt64l/lang/chr.res" 1221
"../../../Engine/Content/Internationalization/icudt64l/region/chr.res" 1222
"../../../Engine/Content/Internationalization/icudt64l/lang/ckb.res" 1223
"../../../Engine/Content/Internationalization/icudt64l/region/ckb.res" 1224
"../../../Engine/Content/Internationalization/icudt64l/lang/cs.res" 1225
"../../../Engine/Content/Internationalization/icudt64l/region/cs.res" 1226
"../../../Engine/Content/Internationalization/icudt64l/lang/cy.res" 1227
"../../../Engine/Content/Internationalization/icudt64l/region/cy.res" 1228
"../../../Engine/Content/Internationalization/icudt64l/lang/da.res" 1229
"../../../Engine/Content/Internationalization/icudt64l/region/da.res" 1230
"../../../Engine/Content/Internationalization/icudt64l/lang/dav.res" 1231
"../../../Engine/Content/Internationalization/icudt64l/region/dav.res" 1232
"../../../Engine/Content/Internationalization/icudt64l/lang/de.res" 1233
"../../../Engine/Content/Internationalization/icudt64l/lang/de_AT.res" 1234
"../../../Engine/Content/Internationalization/icudt64l/region/de_AT.res" 1235
"../../../Engine/Content/Internationalization/icudt64l/region/de.res" 1236
"../../../Engine/Content/Internationalization/icudt64l/lang/de_CH.res" 1237
"../../../Engine/Content/Internationalization/icudt64l/region/de_CH.res" 1238
"../../../Engine/Content/Internationalization/icudt64l/lang/de_LU.res" 1239
"../../../Engine/Content/Internationalization/icudt64l/lang/dje.res" 1240
"../../../Engine/Content/Internationalization/icudt64l/region/dje.res" 1241
"../../../Engine/Content/Internationalization/icudt64l/lang/dsb.res" 1242
"../../../Engine/Content/Internationalization/icudt64l/region/dsb.res" 1243
"../../../Engine/Content/Internationalization/icudt64l/lang/dua.res" 1244
"../../../Engine/Content/Internationalization/icudt64l/region/dua.res" 1245
"../../../Engine/Content/Internationalization/icudt64l/lang/dyo.res" 1246
"../../../Engine/Content/Internationalization/icudt64l/region/dyo.res" 1247
"../../../Engine/Content/Internationalization/icudt64l/lang/dz.res" 1248
"../../../Engine/Content/Internationalization/icudt64l/region/dz.res" 1249
"../../../Engine/Content/Internationalization/icudt64l/lang/ebu.res" 1250
"../../../Engine/Content/Internationalization/icudt64l/region/ebu.res" 1251
"../../../Engine/Content/Internationalization/icudt64l/lang/ee.res" 1252
"../../../Engine/Content/Internationalization/icudt64l/region/ee.res" 1253
"../../../Engine/Content/Internationalization/icudt64l/lang/el.res" 1254
"../../../Engine/Content/Internationalization/icudt64l/region/el.res" 1255
"../../../Engine/Content/Internationalization/icudt64l/lang/en_AG.res" 1256
"../../../Engine/Content/Internationalization/icudt64l/region/en_AG.res" 1257
"../../../Engine/Content/Internationalization/icudt64l/lang/en_AI.res" 1258
"../../../Engine/Content/Internationalization/icudt64l/region/en_AI.res" 1259
"../../../Engine/Content/Internationalization/icudt64l/lang/en_AT.res" 1260
"../../../Engine/Content/Internationalization/icudt64l/region/en_AT.res" 1261
"../../../Engine/Content/Internationalization/icudt64l/lang/en_AU.res" 1262
"../../../Engine/Content/Internationalization/icudt64l/region/en_AU.res" 1263
"../../../Engine/Content/Internationalization/icudt64l/lang/en_BB.res" 1264
"../../../Engine/Content/Internationalization/icudt64l/region/en_BB.res" 1265
"../../../Engine/Content/Internationalization/icudt64l/lang/en_BE.res" 1266
"../../../Engine/Content/Internationalization/icudt64l/region/en_BE.res" 1267
"../../../Engine/Content/Internationalization/icudt64l/lang/en_BM.res" 1268
"../../../Engine/Content/Internationalization/icudt64l/region/en_BM.res" 1269
"../../../Engine/Content/Internationalization/icudt64l/lang/en_BS.res" 1270
"../../../Engine/Content/Internationalization/icudt64l/region/en_BS.res" 1271
"../../../Engine/Content/Internationalization/icudt64l/lang/en_BW.res" 1272
"../../../Engine/Content/Internationalization/icudt64l/region/en_BW.res" 1273
"../../../Engine/Content/Internationalization/icudt64l/lang/en_BZ.res" 1274
"../../../Engine/Content/Internationalization/icudt64l/region/en_BZ.res" 1275
"../../../Engine/Content/Internationalization/icudt64l/lang/en_CA.res" 1276
"../../../Engine/Content/Internationalization/icudt64l/region/en_CA.res" 1277
"../../../Engine/Content/Internationalization/icudt64l/lang/en_CC.res" 1278
"../../../Engine/Content/Internationalization/icudt64l/region/en_CC.res" 1279
"../../../Engine/Content/Internationalization/icudt64l/lang/en_CH.res" 1280
"../../../Engine/Content/Internationalization/icudt64l/region/en_CH.res" 1281
"../../../Engine/Content/Internationalization/icudt64l/lang/en_CK.res" 1282
"../../../Engine/Content/Internationalization/icudt64l/region/en_CK.res" 1283
"../../../Engine/Content/Internationalization/icudt64l/lang/en_CM.res" 1284
"../../../Engine/Content/Internationalization/icudt64l/region/en_CM.res" 1285
"../../../Engine/Content/Internationalization/icudt64l/lang/en_CX.res" 1286
"../../../Engine/Content/Internationalization/icudt64l/region/en_CX.res" 1287
"../../../Engine/Content/Internationalization/icudt64l/lang/en_CY.res" 1288
"../../../Engine/Content/Internationalization/icudt64l/region/en_CY.res" 1289
"../../../Engine/Content/Internationalization/icudt64l/lang/en_DE.res" 1290
"../../../Engine/Content/Internationalization/icudt64l/region/en_DE.res" 1291
"../../../Engine/Content/Internationalization/icudt64l/lang/en_DG.res" 1292
"../../../Engine/Content/Internationalization/icudt64l/region/en_DG.res" 1293
"../../../Engine/Content/Internationalization/icudt64l/lang/en_DK.res" 1294
"../../../Engine/Content/Internationalization/icudt64l/region/en_DK.res" 1295
"../../../Engine/Content/Internationalization/icudt64l/lang/en_DM.res" 1296
"../../../Engine/Content/Internationalization/icudt64l/region/en_DM.res" 1297
"../../../Engine/Content/Internationalization/icudt64l/lang/en_ER.res" 1298
"../../../Engine/Content/Internationalization/icudt64l/region/en_ER.res" 1299
"../../../Engine/Content/Internationalization/icudt64l/lang/en_FI.res" 1300
"../../../Engine/Content/Internationalization/icudt64l/region/en_FI.res" 1301
"../../../Engine/Content/Internationalization/icudt64l/lang/en_FJ.res" 1302
"../../../Engine/Content/Internationalization/icudt64l/region/en_FJ.res" 1303
"../../../Engine/Content/Internationalization/icudt64l/lang/en_FK.res" 1304
"../../../Engine/Content/Internationalization/icudt64l/region/en_FK.res" 1305
"../../../Engine/Content/Internationalization/icudt64l/lang/en_FM.res" 1306
"../../../Engine/Content/Internationalization/icudt64l/region/en_FM.res" 1307
"../../../Engine/Content/Internationalization/icudt64l/lang/en_GB.res" 1308
"../../../Engine/Content/Internationalization/icudt64l/region/en_GB.res" 1309
"../../../Engine/Content/Internationalization/icudt64l/lang/en_GD.res" 1310
"../../../Engine/Content/Internationalization/icudt64l/region/en_GD.res" 1311
"../../../Engine/Content/Internationalization/icudt64l/lang/en_GG.res" 1312
"../../../Engine/Content/Internationalization/icudt64l/region/en_GG.res" 1313
"../../../Engine/Content/Internationalization/icudt64l/lang/en_GH.res" 1314
"../../../Engine/Content/Internationalization/icudt64l/region/en_GH.res" 1315
"../../../Engine/Content/Internationalization/icudt64l/lang/en_GI.res" 1316
"../../../Engine/Content/Internationalization/icudt64l/region/en_GI.res" 1317
"../../../Engine/Content/Internationalization/icudt64l/lang/en_GM.res" 1318
"../../../Engine/Content/Internationalization/icudt64l/region/en_GM.res" 1319
"../../../Engine/Content/Internationalization/icudt64l/lang/en_GY.res" 1320
"../../../Engine/Content/Internationalization/icudt64l/region/en_GY.res" 1321
"../../../Engine/Content/Internationalization/icudt64l/lang/en_HK.res" 1322
"../../../Engine/Content/Internationalization/icudt64l/region/en_HK.res" 1323
"../../../Engine/Content/Internationalization/icudt64l/lang/en_IE.res" 1324
"../../../Engine/Content/Internationalization/icudt64l/region/en_IE.res" 1325
"../../../Engine/Content/Internationalization/icudt64l/lang/en_IL.res" 1326
"../../../Engine/Content/Internationalization/icudt64l/region/en_IL.res" 1327
"../../../Engine/Content/Internationalization/icudt64l/lang/en_IM.res" 1328
"../../../Engine/Content/Internationalization/icudt64l/region/en_IM.res" 1329
"../../../Engine/Content/Internationalization/icudt64l/lang/en_IN.res" 1330
"../../../Engine/Content/Internationalization/icudt64l/region/en_IN.res" 1331
"../../../Engine/Content/Internationalization/icudt64l/lang/en_IO.res" 1332
"../../../Engine/Content/Internationalization/icudt64l/region/en_IO.res" 1333
"../../../Engine/Content/Internationalization/icudt64l/lang/en_JE.res" 1334
"../../../Engine/Content/Internationalization/icudt64l/region/en_JE.res" 1335
"../../../Engine/Content/Internationalization/icudt64l/lang/en_JM.res" 1336
"../../../Engine/Content/Internationalization/icudt64l/region/en_JM.res" 1337
"../../../Engine/Content/Internationalization/icudt64l/lang/en_KE.res" 1338
"../../../Engine/Content/Internationalization/icudt64l/region/en_KE.res" 1339
"../../../Engine/Content/Internationalization/icudt64l/lang/en_KI.res" 1340
"../../../Engine/Content/Internationalization/icudt64l/region/en_KI.res" 1341
"../../../Engine/Content/Internationalization/icudt64l/lang/en_KN.res" 1342
"../../../Engine/Content/Internationalization/icudt64l/region/en_KN.res" 1343
"../../../Engine/Content/Internationalization/icudt64l/lang/en_KY.res" 1344
"../../../Engine/Content/Internationalization/icudt64l/region/en_KY.res" 1345
"../../../Engine/Content/Internationalization/icudt64l/lang/en_LC.res" 1346
"../../../Engine/Content/Internationalization/icudt64l/region/en_LC.res" 1347
"../../../Engine/Content/Internationalization/icudt64l/lang/en_LR.res" 1348
"../../../Engine/Content/Internationalization/icudt64l/region/en_LR.res" 1349
"../../../Engine/Content/Internationalization/icudt64l/lang/en_LS.res" 1350
"../../../Engine/Content/Internationalization/icudt64l/region/en_LS.res" 1351
"../../../Engine/Content/Internationalization/icudt64l/lang/en_MG.res" 1352
"../../../Engine/Content/Internationalization/icudt64l/region/en_MG.res" 1353
"../../../Engine/Content/Internationalization/icudt64l/lang/en_MO.res" 1354
"../../../Engine/Content/Internationalization/icudt64l/region/en_MO.res" 1355
"../../../Engine/Content/Internationalization/icudt64l/lang/en_MS.res" 1356
"../../../Engine/Content/Internationalization/icudt64l/region/en_MS.res" 1357
"../../../Engine/Content/Internationalization/icudt64l/lang/en_MT.res" 1358
"../../../Engine/Content/Internationalization/icudt64l/region/en_MT.res" 1359
"../../../Engine/Content/Internationalization/icudt64l/lang/en_MU.res" 1360
"../../../Engine/Content/Internationalization/icudt64l/region/en_MU.res" 1361
"../../../Engine/Content/Internationalization/icudt64l/lang/en_MW.res" 1362
"../../../Engine/Content/Internationalization/icudt64l/region/en_MW.res" 1363
"../../../Engine/Content/Internationalization/icudt64l/lang/en_MY.res" 1364
"../../../Engine/Content/Internationalization/icudt64l/region/en_MY.res" 1365
"../../../Engine/Content/Internationalization/icudt64l/lang/en_NA.res" 1366
"../../../Engine/Content/Internationalization/icudt64l/region/en_NA.res" 1367
"../../../Engine/Content/Internationalization/icudt64l/lang/en_NF.res" 1368
"../../../Engine/Content/Internationalization/icudt64l/region/en_NF.res" 1369
"../../../Engine/Content/Internationalization/icudt64l/lang/en_NG.res" 1370
"../../../Engine/Content/Internationalization/icudt64l/region/en_NG.res" 1371
"../../../Engine/Content/Internationalization/icudt64l/lang/en_NL.res" 1372
"../../../Engine/Content/Internationalization/icudt64l/region/en_NL.res" 1373
"../../../Engine/Content/Internationalization/icudt64l/lang/en_NR.res" 1374
"../../../Engine/Content/Internationalization/icudt64l/region/en_NR.res" 1375
"../../../Engine/Content/Internationalization/icudt64l/lang/en_NU.res" 1376
"../../../Engine/Content/Internationalization/icudt64l/region/en_NU.res" 1377
"../../../Engine/Content/Internationalization/icudt64l/lang/en_NZ.res" 1378
"../../../Engine/Content/Internationalization/icudt64l/region/en_NZ.res" 1379
"../../../Engine/Content/Internationalization/icudt64l/lang/en_PG.res" 1380
"../../../Engine/Content/Internationalization/icudt64l/region/en_PG.res" 1381
"../../../Engine/Content/Internationalization/icudt64l/lang/en_PH.res" 1382
"../../../Engine/Content/Internationalization/icudt64l/region/en_PH.res" 1383
"../../../Engine/Content/Internationalization/icudt64l/lang/en_PK.res" 1384
"../../../Engine/Content/Internationalization/icudt64l/region/en_PK.res" 1385
"../../../Engine/Content/Internationalization/icudt64l/lang/en_PN.res" 1386
"../../../Engine/Content/Internationalization/icudt64l/region/en_PN.res" 1387
"../../../Engine/Content/Internationalization/icudt64l/lang/en_PW.res" 1388
"../../../Engine/Content/Internationalization/icudt64l/region/en_PW.res" 1389
"../../../Engine/Content/Internationalization/icudt64l/lang/en_RW.res" 1390
"../../../Engine/Content/Internationalization/icudt64l/region/en_RW.res" 1391
"../../../Engine/Content/Internationalization/icudt64l/lang/en_SB.res" 1392
"../../../Engine/Content/Internationalization/icudt64l/region/en_SB.res" 1393
"../../../Engine/Content/Internationalization/icudt64l/lang/en_SC.res" 1394
"../../../Engine/Content/Internationalization/icudt64l/region/en_SC.res" 1395
"../../../Engine/Content/Internationalization/icudt64l/lang/en_SD.res" 1396
"../../../Engine/Content/Internationalization/icudt64l/region/en_SD.res" 1397
"../../../Engine/Content/Internationalization/icudt64l/lang/en_SE.res" 1398
"../../../Engine/Content/Internationalization/icudt64l/region/en_SE.res" 1399
"../../../Engine/Content/Internationalization/icudt64l/lang/en_SG.res" 1400
"../../../Engine/Content/Internationalization/icudt64l/region/en_SG.res" 1401
"../../../Engine/Content/Internationalization/icudt64l/lang/en_SH.res" 1402
"../../../Engine/Content/Internationalization/icudt64l/region/en_SH.res" 1403
"../../../Engine/Content/Internationalization/icudt64l/lang/en_SI.res" 1404
"../../../Engine/Content/Internationalization/icudt64l/region/en_SI.res" 1405
"../../../Engine/Content/Internationalization/icudt64l/lang/en_SL.res" 1406
"../../../Engine/Content/Internationalization/icudt64l/region/en_SL.res" 1407
"../../../Engine/Content/Internationalization/icudt64l/lang/en_SS.res" 1408
"../../../Engine/Content/Internationalization/icudt64l/region/en_SS.res" 1409
"../../../Engine/Content/Internationalization/icudt64l/lang/en_SX.res" 1410
"../../../Engine/Content/Internationalization/icudt64l/region/en_SX.res" 1411
"../../../Engine/Content/Internationalization/icudt64l/lang/en_SZ.res" 1412
"../../../Engine/Content/Internationalization/icudt64l/region/en_SZ.res" 1413
"../../../Engine/Content/Internationalization/icudt64l/lang/en_TC.res" 1414
"../../../Engine/Content/Internationalization/icudt64l/region/en_TC.res" 1415
"../../../Engine/Content/Internationalization/icudt64l/lang/en_TK.res" 1416
"../../../Engine/Content/Internationalization/icudt64l/region/en_TK.res" 1417
"../../../Engine/Content/Internationalization/icudt64l/lang/en_TO.res" 1418
"../../../Engine/Content/Internationalization/icudt64l/region/en_TO.res" 1419
"../../../Engine/Content/Internationalization/icudt64l/lang/en_TT.res" 1420
"../../../Engine/Content/Internationalization/icudt64l/region/en_TT.res" 1421
"../../../Engine/Content/Internationalization/icudt64l/lang/en_TV.res" 1422
"../../../Engine/Content/Internationalization/icudt64l/region/en_TV.res" 1423
"../../../Engine/Content/Internationalization/icudt64l/lang/en_TZ.res" 1424
"../../../Engine/Content/Internationalization/icudt64l/region/en_TZ.res" 1425
"../../../Engine/Content/Internationalization/icudt64l/lang/en_UG.res" 1426
"../../../Engine/Content/Internationalization/icudt64l/region/en_UG.res" 1427
"../../../Engine/Content/Internationalization/icudt64l/lang/en_VC.res" 1428
"../../../Engine/Content/Internationalization/icudt64l/region/en_VC.res" 1429
"../../../Engine/Content/Internationalization/icudt64l/lang/en_VG.res" 1430
"../../../Engine/Content/Internationalization/icudt64l/region/en_VG.res" 1431
"../../../Engine/Content/Internationalization/icudt64l/lang/en_VU.res" 1432
"../../../Engine/Content/Internationalization/icudt64l/region/en_VU.res" 1433
"../../../Engine/Content/Internationalization/icudt64l/lang/en_WS.res" 1434
"../../../Engine/Content/Internationalization/icudt64l/region/en_WS.res" 1435
"../../../Engine/Content/Internationalization/icudt64l/lang/en_ZA.res" 1436
"../../../Engine/Content/Internationalization/icudt64l/region/en_ZA.res" 1437
"../../../Engine/Content/Internationalization/icudt64l/lang/en_ZM.res" 1438
"../../../Engine/Content/Internationalization/icudt64l/region/en_ZM.res" 1439
"../../../Engine/Content/Internationalization/icudt64l/lang/en_ZW.res" 1440
"../../../Engine/Content/Internationalization/icudt64l/region/en_ZW.res" 1441
"../../../Engine/Content/Internationalization/icudt64l/lang/eo.res" 1442
"../../../Engine/Content/Internationalization/icudt64l/region/eo.res" 1443
"../../../Engine/Content/Internationalization/icudt64l/lang/es.res" 1444
"../../../Engine/Content/Internationalization/icudt64l/lang/es_419.res" 1445
"../../../Engine/Content/Internationalization/icudt64l/region/es_419.res" 1446
"../../../Engine/Content/Internationalization/icudt64l/region/es.res" 1447
"../../../Engine/Content/Internationalization/icudt64l/lang/es_AR.res" 1448
"../../../Engine/Content/Internationalization/icudt64l/region/es_AR.res" 1449
"../../../Engine/Content/Internationalization/icudt64l/lang/es_BO.res" 1450
"../../../Engine/Content/Internationalization/icudt64l/region/es_BO.res" 1451
"../../../Engine/Content/Internationalization/icudt64l/lang/es_BR.res" 1452
"../../../Engine/Content/Internationalization/icudt64l/region/es_BR.res" 1453
"../../../Engine/Content/Internationalization/icudt64l/lang/es_BZ.res" 1454
"../../../Engine/Content/Internationalization/icudt64l/region/es_BZ.res" 1455
"../../../Engine/Content/Internationalization/icudt64l/lang/es_CL.res" 1456
"../../../Engine/Content/Internationalization/icudt64l/region/es_CL.res" 1457
"../../../Engine/Content/Internationalization/icudt64l/lang/es_CO.res" 1458
"../../../Engine/Content/Internationalization/icudt64l/region/es_CO.res" 1459
"../../../Engine/Content/Internationalization/icudt64l/lang/es_CR.res" 1460
"../../../Engine/Content/Internationalization/icudt64l/region/es_CR.res" 1461
"../../../Engine/Content/Internationalization/icudt64l/lang/es_CU.res" 1462
"../../../Engine/Content/Internationalization/icudt64l/region/es_CU.res" 1463
"../../../Engine/Content/Internationalization/icudt64l/lang/es_DO.res" 1464
"../../../Engine/Content/Internationalization/icudt64l/region/es_DO.res" 1465
"../../../Engine/Content/Internationalization/icudt64l/lang/es_EC.res" 1466
"../../../Engine/Content/Internationalization/icudt64l/region/es_EC.res" 1467
"../../../Engine/Content/Internationalization/icudt64l/lang/es_GT.res" 1468
"../../../Engine/Content/Internationalization/icudt64l/region/es_GT.res" 1469
"../../../Engine/Content/Internationalization/icudt64l/lang/es_HN.res" 1470
"../../../Engine/Content/Internationalization/icudt64l/region/es_HN.res" 1471
"../../../Engine/Content/Internationalization/icudt64l/lang/es_MX.res" 1472
"../../../Engine/Content/Internationalization/icudt64l/region/es_MX.res" 1473
"../../../Engine/Content/Internationalization/icudt64l/lang/es_NI.res" 1474
"../../../Engine/Content/Internationalization/icudt64l/region/es_NI.res" 1475
"../../../Engine/Content/Internationalization/icudt64l/lang/es_PA.res" 1476
"../../../Engine/Content/Internationalization/icudt64l/region/es_PA.res" 1477
"../../../Engine/Content/Internationalization/icudt64l/lang/es_PE.res" 1478
"../../../Engine/Content/Internationalization/icudt64l/region/es_PE.res" 1479
"../../../Engine/Content/Internationalization/icudt64l/lang/es_PR.res" 1480
"../../../Engine/Content/Internationalization/icudt64l/region/es_PR.res" 1481
"../../../Engine/Content/Internationalization/icudt64l/lang/es_PY.res" 1482
"../../../Engine/Content/Internationalization/icudt64l/region/es_PY.res" 1483
"../../../Engine/Content/Internationalization/icudt64l/lang/es_SV.res" 1484
"../../../Engine/Content/Internationalization/icudt64l/region/es_SV.res" 1485
"../../../Engine/Content/Internationalization/icudt64l/lang/es_US.res" 1486
"../../../Engine/Content/Internationalization/icudt64l/region/es_US.res" 1487
"../../../Engine/Content/Internationalization/icudt64l/lang/es_UY.res" 1488
"../../../Engine/Content/Internationalization/icudt64l/region/es_UY.res" 1489
"../../../Engine/Content/Internationalization/icudt64l/lang/es_VE.res" 1490
"../../../Engine/Content/Internationalization/icudt64l/region/es_VE.res" 1491
"../../../Engine/Content/Internationalization/icudt64l/lang/et.res" 1492
"../../../Engine/Content/Internationalization/icudt64l/region/et.res" 1493
"../../../Engine/Content/Internationalization/icudt64l/lang/eu.res" 1494
"../../../Engine/Content/Internationalization/icudt64l/region/eu.res" 1495
"../../../Engine/Content/Internationalization/icudt64l/lang/ewo.res" 1496
"../../../Engine/Content/Internationalization/icudt64l/region/ewo.res" 1497
"../../../Engine/Content/Internationalization/icudt64l/lang/fa.res" 1498
"../../../Engine/Content/Internationalization/icudt64l/lang/fa_AF.res" 1499
"../../../Engine/Content/Internationalization/icudt64l/region/fa_AF.res" 1500
"../../../Engine/Content/Internationalization/icudt64l/region/fa.res" 1501
"../../../Engine/Content/Internationalization/icudt64l/lang/ff.res" 1502
"../../../Engine/Content/Internationalization/icudt64l/lang/ff_Latn.res" 1503
"../../../Engine/Content/Internationalization/icudt64l/region/ff.res" 1504
"../../../Engine/Content/Internationalization/icudt64l/region/ff_Latn.res" 1505
"../../../Engine/Content/Internationalization/icudt64l/lang/ff_CM.res" 1506
"../../../Engine/Content/Internationalization/icudt64l/lang/ff_Latn_CM.res" 1507
"../../../Engine/Content/Internationalization/icudt64l/region/ff_CM.res" 1508
"../../../Engine/Content/Internationalization/icudt64l/region/ff_Latn_CM.res" 1509
"../../../Engine/Content/Internationalization/icudt64l/lang/ff_GN.res" 1510
"../../../Engine/Content/Internationalization/icudt64l/lang/ff_Latn_GN.res" 1511
"../../../Engine/Content/Internationalization/icudt64l/region/ff_GN.res" 1512
"../../../Engine/Content/Internationalization/icudt64l/region/ff_Latn_GN.res" 1513
"../../../Engine/Content/Internationalization/icudt64l/lang/ff_MR.res" 1514
"../../../Engine/Content/Internationalization/icudt64l/lang/ff_Latn_MR.res" 1515
"../../../Engine/Content/Internationalization/icudt64l/region/ff_MR.res" 1516
"../../../Engine/Content/Internationalization/icudt64l/region/ff_Latn_MR.res" 1517
"../../../Engine/Content/Internationalization/icudt64l/lang/ff_SN.res" 1518
"../../../Engine/Content/Internationalization/icudt64l/lang/ff_Latn_SN.res" 1519
"../../../Engine/Content/Internationalization/icudt64l/region/ff_SN.res" 1520
"../../../Engine/Content/Internationalization/icudt64l/region/ff_Latn_SN.res" 1521
"../../../Engine/Content/Internationalization/icudt64l/lang/fi.res" 1522
"../../../Engine/Content/Internationalization/icudt64l/region/fi.res" 1523
"../../../Engine/Content/Internationalization/icudt64l/lang/fil.res" 1524
"../../../Engine/Content/Internationalization/icudt64l/lang/fil_PH.res" 1525
"../../../Engine/Content/Internationalization/icudt64l/region/fil_PH.res" 1526
"../../../Engine/Content/Internationalization/icudt64l/region/fil.res" 1527
"../../../Engine/Content/Internationalization/icudt64l/lang/fo.res" 1528
"../../../Engine/Content/Internationalization/icudt64l/region/fo.res" 1529
"../../../Engine/Content/Internationalization/icudt64l/lang/fr.res" 1530
"../../../Engine/Content/Internationalization/icudt64l/lang/fr_BE.res" 1531
"../../../Engine/Content/Internationalization/icudt64l/region/fr_BE.res" 1532
"../../../Engine/Content/Internationalization/icudt64l/region/fr.res" 1533
"../../../Engine/Content/Internationalization/icudt64l/lang/fr_CA.res" 1534
"../../../Engine/Content/Internationalization/icudt64l/region/fr_CA.res" 1535
"../../../Engine/Content/Internationalization/icudt64l/lang/fr_CH.res" 1536
"../../../Engine/Content/Internationalization/icudt64l/lang/fur.res" 1537
"../../../Engine/Content/Internationalization/icudt64l/region/fur.res" 1538
"../../../Engine/Content/Internationalization/icudt64l/lang/fy.res" 1539
"../../../Engine/Content/Internationalization/icudt64l/region/fy.res" 1540
"../../../Engine/Content/Internationalization/icudt64l/lang/ga.res" 1541
"../../../Engine/Content/Internationalization/icudt64l/region/ga.res" 1542
"../../../Engine/Content/Internationalization/icudt64l/lang/gd.res" 1543
"../../../Engine/Content/Internationalization/icudt64l/region/gd.res" 1544
"../../../Engine/Content/Internationalization/icudt64l/lang/gl.res" 1545
"../../../Engine/Content/Internationalization/icudt64l/region/gl.res" 1546
"../../../Engine/Content/Internationalization/icudt64l/lang/gsw.res" 1547
"../../../Engine/Content/Internationalization/icudt64l/region/gsw.res" 1548
"../../../Engine/Content/Internationalization/icudt64l/lang/gu.res" 1549
"../../../Engine/Content/Internationalization/icudt64l/region/gu.res" 1550
"../../../Engine/Content/Internationalization/icudt64l/lang/guz.res" 1551
"../../../Engine/Content/Internationalization/icudt64l/region/guz.res" 1552
"../../../Engine/Content/Internationalization/icudt64l/lang/gv.res" 1553
"../../../Engine/Content/Internationalization/icudt64l/region/gv.res" 1554
"../../../Engine/Content/Internationalization/icudt64l/lang/ha.res" 1555
"../../../Engine/Content/Internationalization/icudt64l/region/ha.res" 1556
"../../../Engine/Content/Internationalization/icudt64l/lang/ha_NE.res" 1557
"../../../Engine/Content/Internationalization/icudt64l/region/ha_NE.res" 1558
"../../../Engine/Content/Internationalization/icudt64l/lang/haw.res" 1559
"../../../Engine/Content/Internationalization/icudt64l/region/haw.res" 1560
"../../../Engine/Content/Internationalization/icudt64l/lang/he.res" 1561
"../../../Engine/Content/Internationalization/icudt64l/lang/he_IL.res" 1562
"../../../Engine/Content/Internationalization/icudt64l/region/he_IL.res" 1563
"../../../Engine/Content/Internationalization/icudt64l/region/he.res" 1564
"../../../Engine/Content/Internationalization/icudt64l/lang/hi.res" 1565
"../../../Engine/Content/Internationalization/icudt64l/region/hi.res" 1566
"../../../Engine/Content/Internationalization/icudt64l/lang/hr.res" 1567
"../../../Engine/Content/Internationalization/icudt64l/region/hr.res" 1568
"../../../Engine/Content/Internationalization/icudt64l/lang/hsb.res" 1569
"../../../Engine/Content/Internationalization/icudt64l/region/hsb.res" 1570
"../../../Engine/Content/Internationalization/icudt64l/lang/hu.res" 1571
"../../../Engine/Content/Internationalization/icudt64l/region/hu.res" 1572
"../../../Engine/Content/Internationalization/icudt64l/lang/hy.res" 1573
"../../../Engine/Content/Internationalization/icudt64l/region/hy.res" 1574
"../../../Engine/Content/Internationalization/icudt64l/lang/ia.res" 1575
"../../../Engine/Content/Internationalization/icudt64l/region/ia.res" 1576
"../../../Engine/Content/Internationalization/icudt64l/lang/id.res" 1577
"../../../Engine/Content/Internationalization/icudt64l/lang/id_ID.res" 1578
"../../../Engine/Content/Internationalization/icudt64l/region/id_ID.res" 1579
"../../../Engine/Content/Internationalization/icudt64l/region/id.res" 1580
"../../../Engine/Content/Internationalization/icudt64l/lang/ig.res" 1581
"../../../Engine/Content/Internationalization/icudt64l/region/ig.res" 1582
"../../../Engine/Content/Internationalization/icudt64l/lang/ii.res" 1583
"../../../Engine/Content/Internationalization/icudt64l/region/ii.res" 1584
"../../../Engine/Content/Internationalization/icudt64l/lang/is.res" 1585
"../../../Engine/Content/Internationalization/icudt64l/region/is.res" 1586
"../../../Engine/Content/Internationalization/icudt64l/lang/it.res" 1587
"../../../Engine/Content/Internationalization/icudt64l/region/it.res" 1588
"../../../Engine/Content/Internationalization/icudt64l/lang/ja.res" 1589
"../../../Engine/Content/Internationalization/icudt64l/lang/ja_JP.res" 1590
"../../../Engine/Content/Internationalization/icudt64l/region/ja_JP.res" 1591
"../../../Engine/Content/Internationalization/icudt64l/region/ja.res" 1592
"../../../Engine/Content/Internationalization/icudt64l/lang/jgo.res" 1593
"../../../Engine/Content/Internationalization/icudt64l/region/jgo.res" 1594
"../../../Engine/Content/Internationalization/icudt64l/lang/jmc.res" 1595
"../../../Engine/Content/Internationalization/icudt64l/region/jmc.res" 1596
"../../../Engine/Content/Internationalization/icudt64l/lang/jv.res" 1597
"../../../Engine/Content/Internationalization/icudt64l/region/jv.res" 1598
"../../../Engine/Content/Internationalization/icudt64l/lang/ka.res" 1599
"../../../Engine/Content/Internationalization/icudt64l/region/ka.res" 1600
"../../../Engine/Content/Internationalization/icudt64l/lang/kab.res" 1601
"../../../Engine/Content/Internationalization/icudt64l/region/kab.res" 1602
"../../../Engine/Content/Internationalization/icudt64l/lang/kam.res" 1603
"../../../Engine/Content/Internationalization/icudt64l/region/kam.res" 1604
"../../../Engine/Content/Internationalization/icudt64l/lang/kde.res" 1605
"../../../Engine/Content/Internationalization/icudt64l/region/kde.res" 1606
"../../../Engine/Content/Internationalization/icudt64l/lang/kea.res" 1607
"../../../Engine/Content/Internationalization/icudt64l/region/kea.res" 1608
"../../../Engine/Content/Internationalization/icudt64l/lang/khq.res" 1609
"../../../Engine/Content/Internationalization/icudt64l/region/khq.res" 1610
"../../../Engine/Content/Internationalization/icudt64l/lang/ki.res" 1611
"../../../Engine/Content/Internationalization/icudt64l/region/ki.res" 1612
"../../../Engine/Content/Internationalization/icudt64l/lang/kk.res" 1613
"../../../Engine/Content/Internationalization/icudt64l/region/kk.res" 1614
"../../../Engine/Content/Internationalization/icudt64l/lang/kkj.res" 1615
"../../../Engine/Content/Internationalization/icudt64l/region/kkj.res" 1616
"../../../Engine/Content/Internationalization/icudt64l/lang/kl.res" 1617
"../../../Engine/Content/Internationalization/icudt64l/region/kl.res" 1618
"../../../Engine/Content/Internationalization/icudt64l/lang/kln.res" 1619
"../../../Engine/Content/Internationalization/icudt64l/region/kln.res" 1620
"../../../Engine/Content/Internationalization/icudt64l/lang/km.res" 1621
"../../../Engine/Content/Internationalization/icudt64l/region/km.res" 1622
"../../../Engine/Content/Internationalization/icudt64l/lang/kn.res" 1623
"../../../Engine/Content/Internationalization/icudt64l/region/kn.res" 1624
"../../../Engine/Content/Internationalization/icudt64l/lang/ko.res" 1625
"../../../Engine/Content/Internationalization/icudt64l/region/ko_KP.res" 1626
"../../../Engine/Content/Internationalization/icudt64l/region/ko.res" 1627
"../../../Engine/Content/Internationalization/icudt64l/lang/kok.res" 1628
"../../../Engine/Content/Internationalization/icudt64l/region/kok.res" 1629
"../../../Engine/Content/Internationalization/icudt64l/lang/ks.res" 1630
"../../../Engine/Content/Internationalization/icudt64l/region/ks.res" 1631
"../../../Engine/Content/Internationalization/icudt64l/lang/ksb.res" 1632
"../../../Engine/Content/Internationalization/icudt64l/region/ksb.res" 1633
"../../../Engine/Content/Internationalization/icudt64l/lang/ksf.res" 1634
"../../../Engine/Content/Internationalization/icudt64l/region/ksf.res" 1635
"../../../Engine/Content/Internationalization/icudt64l/lang/ksh.res" 1636
"../../../Engine/Content/Internationalization/icudt64l/region/ksh.res" 1637
"../../../Engine/Content/Internationalization/icudt64l/lang/ku.res" 1638
"../../../Engine/Content/Internationalization/icudt64l/region/ku.res" 1639
"../../../Engine/Content/Internationalization/icudt64l/lang/kw.res" 1640
"../../../Engine/Content/Internationalization/icudt64l/region/kw.res" 1641
"../../../Engine/Content/Internationalization/icudt64l/lang/ky.res" 1642
"../../../Engine/Content/Internationalization/icudt64l/region/ky.res" 1643
"../../../Engine/Content/Internationalization/icudt64l/lang/lag.res" 1644
"../../../Engine/Content/Internationalization/icudt64l/region/lag.res" 1645
"../../../Engine/Content/Internationalization/icudt64l/lang/lb.res" 1646
"../../../Engine/Content/Internationalization/icudt64l/region/lb.res" 1647
"../../../Engine/Content/Internationalization/icudt64l/lang/lg.res" 1648
"../../../Engine/Content/Internationalization/icudt64l/region/lg.res" 1649
"../../../Engine/Content/Internationalization/icudt64l/lang/lkt.res" 1650
"../../../Engine/Content/Internationalization/icudt64l/region/lkt.res" 1651
"../../../Engine/Content/Internationalization/icudt64l/lang/ln.res" 1652
"../../../Engine/Content/Internationalization/icudt64l/region/ln.res" 1653
"../../../Engine/Content/Internationalization/icudt64l/lang/lo.res" 1654
"../../../Engine/Content/Internationalization/icudt64l/region/lo.res" 1655
"../../../Engine/Content/Internationalization/icudt64l/lang/lrc.res" 1656
"../../../Engine/Content/Internationalization/icudt64l/region/lrc.res" 1657
"../../../Engine/Content/Internationalization/icudt64l/lang/lt.res" 1658
"../../../Engine/Content/Internationalization/icudt64l/region/lt.res" 1659
"../../../Engine/Content/Internationalization/icudt64l/lang/lu.res" 1660
"../../../Engine/Content/Internationalization/icudt64l/region/lu.res" 1661
"../../../Engine/Content/Internationalization/icudt64l/lang/luo.res" 1662
"../../../Engine/Content/Internationalization/icudt64l/region/luo.res" 1663
"../../../Engine/Content/Internationalization/icudt64l/lang/luy.res" 1664
"../../../Engine/Content/Internationalization/icudt64l/region/luy.res" 1665
"../../../Engine/Content/Internationalization/icudt64l/lang/lv.res" 1666
"../../../Engine/Content/Internationalization/icudt64l/region/lv.res" 1667
"../../../Engine/Content/Internationalization/icudt64l/lang/mas.res" 1668
"../../../Engine/Content/Internationalization/icudt64l/region/mas.res" 1669
"../../../Engine/Content/Internationalization/icudt64l/lang/mer.res" 1670
"../../../Engine/Content/Internationalization/icudt64l/region/mer.res" 1671
"../../../Engine/Content/Internationalization/icudt64l/lang/mfe.res" 1672
"../../../Engine/Content/Internationalization/icudt64l/region/mfe.res" 1673
"../../../Engine/Content/Internationalization/icudt64l/lang/mg.res" 1674
"../../../Engine/Content/Internationalization/icudt64l/region/mg.res" 1675
"../../../Engine/Content/Internationalization/icudt64l/lang/mgh.res" 1676
"../../../Engine/Content/Internationalization/icudt64l/region/mgh.res" 1677
"../../../Engine/Content/Internationalization/icudt64l/lang/mgo.res" 1678
"../../../Engine/Content/Internationalization/icudt64l/region/mgo.res" 1679
"../../../Engine/Content/Internationalization/icudt64l/lang/mi.res" 1680
"../../../Engine/Content/Internationalization/icudt64l/region/mi.res" 1681
"../../../Engine/Content/Internationalization/icudt64l/lang/mk.res" 1682
"../../../Engine/Content/Internationalization/icudt64l/region/mk.res" 1683
"../../../Engine/Content/Internationalization/icudt64l/lang/ml.res" 1684
"../../../Engine/Content/Internationalization/icudt64l/region/ml.res" 1685
"../../../Engine/Content/Internationalization/icudt64l/lang/mn.res" 1686
"../../../Engine/Content/Internationalization/icudt64l/region/mn.res" 1687
"../../../Engine/Content/Internationalization/icudt64l/lang/mr.res" 1688
"../../../Engine/Content/Internationalization/icudt64l/region/mr.res" 1689
"../../../Engine/Content/Internationalization/icudt64l/lang/ms.res" 1690
"../../../Engine/Content/Internationalization/icudt64l/region/ms.res" 1691
"../../../Engine/Content/Internationalization/icudt64l/lang/mt.res" 1692
"../../../Engine/Content/Internationalization/icudt64l/region/mt.res" 1693
"../../../Engine/Content/Internationalization/icudt64l/lang/mua.res" 1694
"../../../Engine/Content/Internationalization/icudt64l/region/mua.res" 1695
"../../../Engine/Content/Internationalization/icudt64l/lang/my.res" 1696
"../../../Engine/Content/Internationalization/icudt64l/region/my.res" 1697
"../../../Engine/Content/Internationalization/icudt64l/lang/mzn.res" 1698
"../../../Engine/Content/Internationalization/icudt64l/region/mzn.res" 1699
"../../../Engine/Content/Internationalization/icudt64l/lang/naq.res" 1700
"../../../Engine/Content/Internationalization/icudt64l/region/naq.res" 1701
"../../../Engine/Content/Internationalization/icudt64l/lang/nb.res" 1702
"../../../Engine/Content/Internationalization/icudt64l/lang/nb_NO.res" 1703
"../../../Engine/Content/Internationalization/icudt64l/region/nb_NO.res" 1704
"../../../Engine/Content/Internationalization/icudt64l/region/nb.res" 1705
"../../../Engine/Content/Internationalization/icudt64l/lang/nd.res" 1706
"../../../Engine/Content/Internationalization/icudt64l/region/nd.res" 1707
"../../../Engine/Content/Internationalization/icudt64l/lang/nds.res" 1708
"../../../Engine/Content/Internationalization/icudt64l/region/nds.res" 1709
"../../../Engine/Content/Internationalization/icudt64l/lang/ne.res" 1710
"../../../Engine/Content/Internationalization/icudt64l/region/ne.res" 1711
"../../../Engine/Content/Internationalization/icudt64l/lang/nl.res" 1712
"../../../Engine/Content/Internationalization/icudt64l/region/nl.res" 1713
"../../../Engine/Content/Internationalization/icudt64l/lang/nmg.res" 1714
"../../../Engine/Content/Internationalization/icudt64l/region/nmg.res" 1715
"../../../Engine/Content/Internationalization/icudt64l/lang/nn.res" 1716
"../../../Engine/Content/Internationalization/icudt64l/lang/nn_NO.res" 1717
"../../../Engine/Content/Internationalization/icudt64l/region/nn_NO.res" 1718
"../../../Engine/Content/Internationalization/icudt64l/region/nn.res" 1719
"../../../Engine/Content/Internationalization/icudt64l/lang/nnh.res" 1720
"../../../Engine/Content/Internationalization/icudt64l/region/nnh.res" 1721
"../../../Engine/Content/Internationalization/icudt64l/lang/nus.res" 1722
"../../../Engine/Content/Internationalization/icudt64l/region/nus.res" 1723
"../../../Engine/Content/Internationalization/icudt64l/lang/nyn.res" 1724
"../../../Engine/Content/Internationalization/icudt64l/region/nyn.res" 1725
"../../../Engine/Content/Internationalization/icudt64l/lang/om.res" 1726
"../../../Engine/Content/Internationalization/icudt64l/region/om.res" 1727
"../../../Engine/Content/Internationalization/icudt64l/lang/or.res" 1728
"../../../Engine/Content/Internationalization/icudt64l/region/or.res" 1729
"../../../Engine/Content/Internationalization/icudt64l/lang/os.res" 1730
"../../../Engine/Content/Internationalization/icudt64l/region/os.res" 1731
"../../../Engine/Content/Internationalization/icudt64l/lang/pa.res" 1732
"../../../Engine/Content/Internationalization/icudt64l/lang/pa_Arab.res" 1733
"../../../Engine/Content/Internationalization/icudt64l/lang/pa_PK.res" 1734
"../../../Engine/Content/Internationalization/icudt64l/lang/pa_Arab_PK.res" 1735
"../../../Engine/Content/Internationalization/icudt64l/region/pa_PK.res" 1736
"../../../Engine/Content/Internationalization/icudt64l/region/pa_Arab_PK.res" 1737
"../../../Engine/Content/Internationalization/icudt64l/region/pa_Arab.res" 1738
"../../../Engine/Content/Internationalization/icudt64l/lang/pa_Guru.res" 1739
"../../../Engine/Content/Internationalization/icudt64l/lang/pa_IN.res" 1740
"../../../Engine/Content/Internationalization/icudt64l/lang/pa_Guru_IN.res" 1741
"../../../Engine/Content/Internationalization/icudt64l/region/pa_IN.res" 1742
"../../../Engine/Content/Internationalization/icudt64l/region/pa_Guru_IN.res" 1743
"../../../Engine/Content/Internationalization/icudt64l/region/pa_Guru.res" 1744
"../../../Engine/Content/Internationalization/icudt64l/region/pa.res" 1745
"../../../Engine/Content/Internationalization/icudt64l/lang/pl.res" 1746
"../../../Engine/Content/Internationalization/icudt64l/region/pl.res" 1747
"../../../Engine/Content/Internationalization/icudt64l/lang/ps.res" 1748
"../../../Engine/Content/Internationalization/icudt64l/region/ps.res" 1749
"../../../Engine/Content/Internationalization/icudt64l/lang/ps_PK.res" 1750
"../../../Engine/Content/Internationalization/icudt64l/region/ps_PK.res" 1751
"../../../Engine/Content/Internationalization/icudt64l/lang/pt.res" 1752
"../../../Engine/Content/Internationalization/icudt64l/lang/pt_AO.res" 1753
"../../../Engine/Content/Internationalization/icudt64l/lang/pt_PT.res" 1754
"../../../Engine/Content/Internationalization/icudt64l/region/pt_AO.res" 1755
"../../../Engine/Content/Internationalization/icudt64l/region/pt_PT.res" 1756
"../../../Engine/Content/Internationalization/icudt64l/region/pt.res" 1757
"../../../Engine/Content/Internationalization/icudt64l/lang/pt_CH.res" 1758
"../../../Engine/Content/Internationalization/icudt64l/region/pt_CH.res" 1759
"../../../Engine/Content/Internationalization/icudt64l/lang/pt_CV.res" 1760
"../../../Engine/Content/Internationalization/icudt64l/region/pt_CV.res" 1761
"../../../Engine/Content/Internationalization/icudt64l/lang/pt_GQ.res" 1762
"../../../Engine/Content/Internationalization/icudt64l/region/pt_GQ.res" 1763
"../../../Engine/Content/Internationalization/icudt64l/lang/pt_GW.res" 1764
"../../../Engine/Content/Internationalization/icudt64l/region/pt_GW.res" 1765
"../../../Engine/Content/Internationalization/icudt64l/lang/pt_LU.res" 1766
"../../../Engine/Content/Internationalization/icudt64l/region/pt_LU.res" 1767
"../../../Engine/Content/Internationalization/icudt64l/lang/pt_MO.res" 1768
"../../../Engine/Content/Internationalization/icudt64l/region/pt_MO.res" 1769
"../../../Engine/Content/Internationalization/icudt64l/lang/pt_MZ.res" 1770
"../../../Engine/Content/Internationalization/icudt64l/region/pt_MZ.res" 1771
"../../../Engine/Content/Internationalization/icudt64l/lang/pt_ST.res" 1772
"../../../Engine/Content/Internationalization/icudt64l/region/pt_ST.res" 1773
"../../../Engine/Content/Internationalization/icudt64l/lang/pt_TL.res" 1774
"../../../Engine/Content/Internationalization/icudt64l/region/pt_TL.res" 1775
"../../../Engine/Content/Internationalization/icudt64l/lang/qu.res" 1776
"../../../Engine/Content/Internationalization/icudt64l/region/qu.res" 1777
"../../../Engine/Content/Internationalization/icudt64l/lang/rm.res" 1778
"../../../Engine/Content/Internationalization/icudt64l/region/rm.res" 1779
"../../../Engine/Content/Internationalization/icudt64l/lang/rn.res" 1780
"../../../Engine/Content/Internationalization/icudt64l/region/rn.res" 1781
"../../../Engine/Content/Internationalization/icudt64l/lang/ro.res" 1782
"../../../Engine/Content/Internationalization/icudt64l/lang/ro_MD.res" 1783
"../../../Engine/Content/Internationalization/icudt64l/region/ro_MD.res" 1784
"../../../Engine/Content/Internationalization/icudt64l/region/ro.res" 1785
"../../../Engine/Content/Internationalization/icudt64l/lang/rof.res" 1786
"../../../Engine/Content/Internationalization/icudt64l/region/rof.res" 1787
"../../../Engine/Content/Internationalization/icudt64l/lang/ru.res" 1788
"../../../Engine/Content/Internationalization/icudt64l/region/ru.res" 1789
"../../../Engine/Content/Internationalization/icudt64l/region/ru_UA.res" 1790
"../../../Engine/Content/Internationalization/icudt64l/lang/rw.res" 1791
"../../../Engine/Content/Internationalization/icudt64l/region/rw.res" 1792
"../../../Engine/Content/Internationalization/icudt64l/lang/rwk.res" 1793
"../../../Engine/Content/Internationalization/icudt64l/region/rwk.res" 1794
"../../../Engine/Content/Internationalization/icudt64l/lang/sah.res" 1795
"../../../Engine/Content/Internationalization/icudt64l/region/sah.res" 1796
"../../../Engine/Content/Internationalization/icudt64l/lang/saq.res" 1797
"../../../Engine/Content/Internationalization/icudt64l/region/saq.res" 1798
"../../../Engine/Content/Internationalization/icudt64l/lang/sbp.res" 1799
"../../../Engine/Content/Internationalization/icudt64l/region/sbp.res" 1800
"../../../Engine/Content/Internationalization/icudt64l/lang/sd.res" 1801
"../../../Engine/Content/Internationalization/icudt64l/region/sd.res" 1802
"../../../Engine/Content/Internationalization/icudt64l/lang/se.res" 1803
"../../../Engine/Content/Internationalization/icudt64l/lang/se_FI.res" 1804
"../../../Engine/Content/Internationalization/icudt64l/region/se_FI.res" 1805
"../../../Engine/Content/Internationalization/icudt64l/region/se.res" 1806
"../../../Engine/Content/Internationalization/icudt64l/lang/seh.res" 1807
"../../../Engine/Content/Internationalization/icudt64l/region/seh.res" 1808
"../../../Engine/Content/Internationalization/icudt64l/lang/ses.res" 1809
"../../../Engine/Content/Internationalization/icudt64l/region/ses.res" 1810
"../../../Engine/Content/Internationalization/icudt64l/lang/sg.res" 1811
"../../../Engine/Content/Internationalization/icudt64l/region/sg.res" 1812
"../../../Engine/Content/Internationalization/icudt64l/lang/shi.res" 1813
"../../../Engine/Content/Internationalization/icudt64l/lang/shi_Latn.res" 1814
"../../../Engine/Content/Internationalization/icudt64l/lang/shi_MA.res" 1815
"../../../Engine/Content/Internationalization/icudt64l/lang/shi_Tfng_MA.res" 1816
"../../../Engine/Content/Internationalization/icudt64l/lang/shi_Tfng.res" 1817
"../../../Engine/Content/Internationalization/icudt64l/region/shi_MA.res" 1818
"../../../Engine/Content/Internationalization/icudt64l/region/shi_Tfng_MA.res" 1819
"../../../Engine/Content/Internationalization/icudt64l/region/shi_Tfng.res" 1820
"../../../Engine/Content/Internationalization/icudt64l/region/shi.res" 1821
"../../../Engine/Content/Internationalization/icudt64l/region/shi_Latn.res" 1822
"../../../Engine/Content/Internationalization/icudt64l/lang/si.res" 1823
"../../../Engine/Content/Internationalization/icudt64l/region/si.res" 1824
"../../../Engine/Content/Internationalization/icudt64l/lang/sk.res" 1825
"../../../Engine/Content/Internationalization/icudt64l/region/sk.res" 1826
"../../../Engine/Content/Internationalization/icudt64l/lang/sl.res" 1827
"../../../Engine/Content/Internationalization/icudt64l/region/sl.res" 1828
"../../../Engine/Content/Internationalization/icudt64l/lang/smn.res" 1829
"../../../Engine/Content/Internationalization/icudt64l/region/smn.res" 1830
"../../../Engine/Content/Internationalization/icudt64l/lang/sn.res" 1831
"../../../Engine/Content/Internationalization/icudt64l/region/sn.res" 1832
"../../../Engine/Content/Internationalization/icudt64l/lang/so.res" 1833
"../../../Engine/Content/Internationalization/icudt64l/region/so.res" 1834
"../../../Engine/Content/Internationalization/icudt64l/lang/sq.res" 1835
"../../../Engine/Content/Internationalization/icudt64l/region/sq.res" 1836
"../../../Engine/Content/Internationalization/icudt64l/lang/sr.res" 1837
"../../../Engine/Content/Internationalization/icudt64l/lang/sr_Cyrl.res" 1838
"../../../Engine/Content/Internationalization/icudt64l/lang/sr_BA.res" 1839
"../../../Engine/Content/Internationalization/icudt64l/lang/sr_Cyrl_BA.res" 1840
"../../../Engine/Content/Internationalization/icudt64l/region/sr_BA.res" 1841
"../../../Engine/Content/Internationalization/icudt64l/region/sr_Cyrl_BA.res" 1842
"../../../Engine/Content/Internationalization/icudt64l/region/sr_Cyrl.res" 1843
"../../../Engine/Content/Internationalization/icudt64l/region/sr.res" 1844
"../../../Engine/Content/Internationalization/icudt64l/lang/sr_ME.res" 1845
"../../../Engine/Content/Internationalization/icudt64l/lang/sr_Latn_ME.res" 1846
"../../../Engine/Content/Internationalization/icudt64l/lang/sr_Latn.res" 1847
"../../../Engine/Content/Internationalization/icudt64l/region/sr_ME.res" 1848
"../../../Engine/Content/Internationalization/icudt64l/region/sr_Latn_ME.res" 1849
"../../../Engine/Content/Internationalization/icudt64l/region/sr_Latn.res" 1850
"../../../Engine/Content/Internationalization/icudt64l/lang/sr_Cyrl_ME.res" 1851
"../../../Engine/Content/Internationalization/icudt64l/region/sr_Cyrl_ME.res" 1852
"../../../Engine/Content/Internationalization/icudt64l/lang/sr_RS.res" 1853
"../../../Engine/Content/Internationalization/icudt64l/lang/sr_Cyrl_RS.res" 1854
"../../../Engine/Content/Internationalization/icudt64l/region/sr_RS.res" 1855
"../../../Engine/Content/Internationalization/icudt64l/region/sr_Cyrl_RS.res" 1856
"../../../Engine/Content/Internationalization/icudt64l/lang/sr_XK.res" 1857
"../../../Engine/Content/Internationalization/icudt64l/lang/sr_Cyrl_XK.res" 1858
"../../../Engine/Content/Internationalization/icudt64l/region/sr_XK.res" 1859
"../../../Engine/Content/Internationalization/icudt64l/region/sr_Cyrl_XK.res" 1860
"../../../Engine/Content/Internationalization/icudt64l/lang/sr_Latn_BA.res" 1861
"../../../Engine/Content/Internationalization/icudt64l/region/sr_Latn_BA.res" 1862
"../../../Engine/Content/Internationalization/icudt64l/lang/sr_Latn_RS.res" 1863
"../../../Engine/Content/Internationalization/icudt64l/region/sr_Latn_RS.res" 1864
"../../../Engine/Content/Internationalization/icudt64l/lang/sr_Latn_XK.res" 1865
"../../../Engine/Content/Internationalization/icudt64l/region/sr_Latn_XK.res" 1866
"../../../Engine/Content/Internationalization/icudt64l/lang/sv.res" 1867
"../../../Engine/Content/Internationalization/icudt64l/region/sv.res" 1868
"../../../Engine/Content/Internationalization/icudt64l/lang/sv_FI.res" 1869
"../../../Engine/Content/Internationalization/icudt64l/lang/sw.res" 1870
"../../../Engine/Content/Internationalization/icudt64l/lang/sw_CD.res" 1871
"../../../Engine/Content/Internationalization/icudt64l/region/sw_CD.res" 1872
"../../../Engine/Content/Internationalization/icudt64l/region/sw.res" 1873
"../../../Engine/Content/Internationalization/icudt64l/lang/sw_KE.res" 1874
"../../../Engine/Content/Internationalization/icudt64l/region/sw_KE.res" 1875
"../../../Engine/Content/Internationalization/icudt64l/lang/ta.res" 1876
"../../../Engine/Content/Internationalization/icudt64l/region/ta.res" 1877
"../../../Engine/Content/Internationalization/icudt64l/lang/te.res" 1878
"../../../Engine/Content/Internationalization/icudt64l/region/te.res" 1879
"../../../Engine/Content/Internationalization/icudt64l/lang/teo.res" 1880
"../../../Engine/Content/Internationalization/icudt64l/region/teo.res" 1881
"../../../Engine/Content/Internationalization/icudt64l/lang/tg.res" 1882
"../../../Engine/Content/Internationalization/icudt64l/region/tg.res" 1883
"../../../Engine/Content/Internationalization/icudt64l/lang/th.res" 1884
"../../../Engine/Content/Internationalization/icudt64l/lang/th_TH.res" 1885
"../../../Engine/Content/Internationalization/icudt64l/region/th_TH.res" 1886
"../../../Engine/Content/Internationalization/icudt64l/region/th.res" 1887
"../../../Engine/Content/Internationalization/icudt64l/lang/ti.res" 1888
"../../../Engine/Content/Internationalization/icudt64l/region/ti.res" 1889
"../../../Engine/Content/Internationalization/icudt64l/lang/tk.res" 1890
"../../../Engine/Content/Internationalization/icudt64l/region/tk.res" 1891
"../../../Engine/Content/Internationalization/icudt64l/lang/to.res" 1892
"../../../Engine/Content/Internationalization/icudt64l/region/to.res" 1893
"../../../Engine/Content/Internationalization/icudt64l/lang/tr.res" 1894
"../../../Engine/Content/Internationalization/icudt64l/region/tr.res" 1895
"../../../Engine/Content/Internationalization/icudt64l/lang/tt.res" 1896
"../../../Engine/Content/Internationalization/icudt64l/region/tt.res" 1897
"../../../Engine/Content/Internationalization/icudt64l/lang/twq.res" 1898
"../../../Engine/Content/Internationalization/icudt64l/region/twq.res" 1899
"../../../Engine/Content/Internationalization/icudt64l/lang/tzm.res" 1900
"../../../Engine/Content/Internationalization/icudt64l/region/tzm.res" 1901
"../../../Engine/Content/Internationalization/icudt64l/lang/ug.res" 1902
"../../../Engine/Content/Internationalization/icudt64l/region/ug.res" 1903
"../../../Engine/Content/Internationalization/icudt64l/lang/uk.res" 1904
"../../../Engine/Content/Internationalization/icudt64l/region/uk.res" 1905
"../../../Engine/Content/Internationalization/icudt64l/lang/ur.res" 1906
"../../../Engine/Content/Internationalization/icudt64l/lang/ur_IN.res" 1907
"../../../Engine/Content/Internationalization/icudt64l/region/ur_IN.res" 1908
"../../../Engine/Content/Internationalization/icudt64l/region/ur.res" 1909
"../../../Engine/Content/Internationalization/icudt64l/lang/uz.res" 1910
"../../../Engine/Content/Internationalization/icudt64l/lang/uz_Arab.res" 1911
"../../../Engine/Content/Internationalization/icudt64l/lang/uz_AF.res" 1912
"../../../Engine/Content/Internationalization/icudt64l/lang/uz_Arab_AF.res" 1913
"../../../Engine/Content/Internationalization/icudt64l/region/uz_AF.res" 1914
"../../../Engine/Content/Internationalization/icudt64l/region/uz_Arab_AF.res" 1915
"../../../Engine/Content/Internationalization/icudt64l/region/uz_Arab.res" 1916
"../../../Engine/Content/Internationalization/icudt64l/lang/uz_Cyrl.res" 1917
"../../../Engine/Content/Internationalization/icudt64l/lang/uz_UZ.res" 1918
"../../../Engine/Content/Internationalization/icudt64l/lang/uz_Latn_UZ.res" 1919
"../../../Engine/Content/Internationalization/icudt64l/lang/uz_Latn.res" 1920
"../../../Engine/Content/Internationalization/icudt64l/region/uz_UZ.res" 1921
"../../../Engine/Content/Internationalization/icudt64l/region/uz_Latn_UZ.res" 1922
"../../../Engine/Content/Internationalization/icudt64l/region/uz_Latn.res" 1923
"../../../Engine/Content/Internationalization/icudt64l/region/uz.res" 1924
"../../../Engine/Content/Internationalization/icudt64l/region/uz_Cyrl.res" 1925
"../../../Engine/Content/Internationalization/icudt64l/lang/vai.res" 1926
"../../../Engine/Content/Internationalization/icudt64l/lang/vai_Latn.res" 1927
"../../../Engine/Content/Internationalization/icudt64l/lang/vai_LR.res" 1928
"../../../Engine/Content/Internationalization/icudt64l/lang/vai_Vaii_LR.res" 1929
"../../../Engine/Content/Internationalization/icudt64l/lang/vai_Vaii.res" 1930
"../../../Engine/Content/Internationalization/icudt64l/region/vai_LR.res" 1931
"../../../Engine/Content/Internationalization/icudt64l/region/vai_Vaii_LR.res" 1932
"../../../Engine/Content/Internationalization/icudt64l/region/vai_Vaii.res" 1933
"../../../Engine/Content/Internationalization/icudt64l/region/vai.res" 1934
"../../../Engine/Content/Internationalization/icudt64l/region/vai_Latn.res" 1935
"../../../Engine/Content/Internationalization/icudt64l/lang/vi.res" 1936
"../../../Engine/Content/Internationalization/icudt64l/region/vi.res" 1937
"../../../Engine/Content/Internationalization/icudt64l/lang/vun.res" 1938
"../../../Engine/Content/Internationalization/icudt64l/region/vun.res" 1939
"../../../Engine/Content/Internationalization/icudt64l/lang/wae.res" 1940
"../../../Engine/Content/Internationalization/icudt64l/region/wae.res" 1941
"../../../Engine/Content/Internationalization/icudt64l/lang/wo.res" 1942
"../../../Engine/Content/Internationalization/icudt64l/region/wo.res" 1943
"../../../Engine/Content/Internationalization/icudt64l/lang/xh.res" 1944
"../../../Engine/Content/Internationalization/icudt64l/region/xh.res" 1945
"../../../Engine/Content/Internationalization/icudt64l/lang/xog.res" 1946
"../../../Engine/Content/Internationalization/icudt64l/region/xog.res" 1947
"../../../Engine/Content/Internationalization/icudt64l/lang/yav.res" 1948
"../../../Engine/Content/Internationalization/icudt64l/region/yav.res" 1949
"../../../Engine/Content/Internationalization/icudt64l/lang/yi.res" 1950
"../../../Engine/Content/Internationalization/icudt64l/region/yi.res" 1951
"../../../Engine/Content/Internationalization/icudt64l/lang/yo.res" 1952
"../../../Engine/Content/Internationalization/icudt64l/lang/yo_BJ.res" 1953
"../../../Engine/Content/Internationalization/icudt64l/region/yo_BJ.res" 1954
"../../../Engine/Content/Internationalization/icudt64l/region/yo.res" 1955
"../../../Engine/Content/Internationalization/icudt64l/lang/yue.res" 1956
"../../../Engine/Content/Internationalization/icudt64l/lang/yue_Hans.res" 1957
"../../../Engine/Content/Internationalization/icudt64l/lang/yue_CN.res" 1958
"../../../Engine/Content/Internationalization/icudt64l/lang/yue_Hans_CN.res" 1959
"../../../Engine/Content/Internationalization/icudt64l/region/yue_CN.res" 1960
"../../../Engine/Content/Internationalization/icudt64l/region/yue_Hans_CN.res" 1961
"../../../Engine/Content/Internationalization/icudt64l/region/yue_Hans.res" 1962
"../../../Engine/Content/Internationalization/icudt64l/lang/yue_Hant.res" 1963
"../../../Engine/Content/Internationalization/icudt64l/lang/yue_HK.res" 1964
"../../../Engine/Content/Internationalization/icudt64l/lang/yue_Hant_HK.res" 1965
"../../../Engine/Content/Internationalization/icudt64l/region/yue_HK.res" 1966
"../../../Engine/Content/Internationalization/icudt64l/region/yue_Hant_HK.res" 1967
"../../../Engine/Content/Internationalization/icudt64l/region/yue_Hant.res" 1968
"../../../Engine/Content/Internationalization/icudt64l/region/yue.res" 1969
"../../../Engine/Content/Internationalization/icudt64l/lang/zgh.res" 1970
"../../../Engine/Content/Internationalization/icudt64l/region/zgh.res" 1971
"../../../Engine/Content/Internationalization/icudt64l/lang/zh.res" 1972
"../../../Engine/Content/Internationalization/icudt64l/lang/zh_Hans.res" 1973
"../../../Engine/Content/Internationalization/icudt64l/lang/zh_CN.res" 1974
"../../../Engine/Content/Internationalization/icudt64l/lang/zh_Hans_CN.res" 1975
"../../../Engine/Content/Internationalization/icudt64l/region/zh_CN.res" 1976
"../../../Engine/Content/Internationalization/icudt64l/region/zh_Hans_CN.res" 1977
"../../../Engine/Content/Internationalization/icudt64l/region/zh_Hans.res" 1978
"../../../Engine/Content/Internationalization/icudt64l/region/zh.res" 1979
"../../../Engine/Content/Internationalization/icudt64l/lang/zh_HK.res" 1980
"../../../Engine/Content/Internationalization/icudt64l/lang/zh_Hant_HK.res" 1981
"../../../Engine/Content/Internationalization/icudt64l/lang/zh_Hant.res" 1982
"../../../Engine/Content/Internationalization/icudt64l/region/zh_HK.res" 1983
"../../../Engine/Content/Internationalization/icudt64l/region/zh_Hant_HK.res" 1984
"../../../Engine/Content/Internationalization/icudt64l/region/zh_Hant.res" 1985
"../../../Engine/Content/Internationalization/icudt64l/lang/zh_MO.res" 1986
"../../../Engine/Content/Internationalization/icudt64l/lang/zh_Hant_MO.res" 1987
"../../../Engine/Content/Internationalization/icudt64l/region/zh_MO.res" 1988
"../../../Engine/Content/Internationalization/icudt64l/region/zh_Hant_MO.res" 1989
"../../../Engine/Content/Internationalization/icudt64l/lang/zh_SG.res" 1990
"../../../Engine/Content/Internationalization/icudt64l/lang/zh_Hans_SG.res" 1991
"../../../Engine/Content/Internationalization/icudt64l/region/zh_SG.res" 1992
"../../../Engine/Content/Internationalization/icudt64l/region/zh_Hans_SG.res" 1993
"../../../Engine/Content/Internationalization/icudt64l/lang/zh_TW.res" 1994
"../../../Engine/Content/Internationalization/icudt64l/lang/zh_Hant_TW.res" 1995
"../../../Engine/Content/Internationalization/icudt64l/region/zh_TW.res" 1996
"../../../Engine/Content/Internationalization/icudt64l/region/zh_Hant_TW.res" 1997
"../../../Engine/Content/Internationalization/icudt64l/lang/zu.res" 1998
"../../../Engine/Content/Internationalization/icudt64l/region/zu.res" 1999
"../../../Engine/Content/Internationalization/icudt64l/lang/no.res" 2000
"../../../Engine/Content/Internationalization/icudt64l/lang/tl.res" 2001
"../../../Engine/Config/Android/DataDrivenPlatformInfo.ini" 2002
"../../../Engine/Config/IOS/DataDrivenPlatformInfo.ini" 2003
"../../../Engine/Config/Linux/DataDrivenPlatformInfo.ini" 2004
"../../../Engine/Config/Mac/DataDrivenPlatformInfo.ini" 2005
"../../../Engine/Config/TVOS/DataDrivenPlatformInfo.ini" 2006
"../../../Engine/Config/Unix/DataDrivenPlatformInfo.ini" 2007
"../../../Engine/Config/VulkanPC/DataDrivenPlatformInfo.ini" 2008
"../../../Engine/Config/Windows/DataDrivenPlatformInfo.ini" 2009
"../../../Engine/Platforms/VisionOS/Config/DataDrivenPlatformInfo.ini" 2010
"../../../Engine/Content/Renderer/TessellationTable.bin" 2011
"../../../Engine/DerivedDataCache/Compressed.ddp" 2012
"C:/Users/annie/AppData/Local/UnrealEngine/5.7/Saved/Zen/zen.version" 2013
"C:/Users/annie/AppData/Local/UnrealEngine/Common/Zen/Install/zen.version" 2014
"C:/Users/annie/AppData/Local/UnrealEngine/Common/Zen/Install/zenserver.runcontext" 2015
"C:/Users/annie/AppData/Local/UnrealEngine/Common/DerivedDataCache/TestData/0/TestData_4kb.dat" 2016
"C:/Users/annie/AppData/Local/UnrealEngine/Common/DerivedDataCache/TestData/1/TestData_4kb.dat" 2017
"C:/Users/annie/AppData/Local/UnrealEngine/Common/DerivedDataCache/TestData/0/TestData_8kb.dat" 2018
"C:/Users/annie/AppData/Local/UnrealEngine/Common/DerivedDataCache/TestData/1/TestData_8kb.dat" 2019
"C:/Users/annie/AppData/Local/UnrealEngine/Common/DerivedDataCache/TestData/0/TestData_16kb.dat" 2020
"C:/Users/annie/AppData/Local/UnrealEngine/Common/DerivedDataCache/TestData/1/TestData_16kb.dat" 2021
"C:/Users/annie/AppData/Local/UnrealEngine/Common/DerivedDataCache/TestData/0/TestData_64kb.dat" 2022
"C:/Users/annie/AppData/Local/UnrealEngine/Common/DerivedDataCache/TestData/1/TestData_64kb.dat" 2023
"C:/Users/annie/AppData/Local/UnrealEngine/Common/DerivedDataCache/TestData/0/TestData_128kb.dat" 2024
"C:/Users/annie/AppData/Local/UnrealEngine/Common/DerivedDataCache/TestData/1/TestData_128kb.dat" 2025
"C:/Users/annie/AppData/Local/UnrealEngine/Common/DerivedDataCache/TestData/0/TestData_256kb.dat" 2026
"C:/Users/annie/AppData/Local/UnrealEngine/Common/DerivedDataCache/TestData/1/TestData_256kb.dat" 2027
"C:/Users/annie/AppData/Roaming/Unreal Engine/UnrealBuildTool/BuildConfiguration.xml" 2028
"../../../../../Kool/Saxion/Semester 4/Unreal/AE_Unreal/Intermediate/ShaderAutogen/PCD3D_SM6/AutogenShaderHeaders.ush" 2029
"../../../Engine/Shaders/Private/HairStrands/HairStrandsVertexFactory.ush" 2030
"../../../Engine/Shaders/Private/VertexFactoryCommon.ush" 2031
"../../../Engine/Shaders/Private/Common.ush" 2032
"../../../Engine/Shaders/Public/Platform.ush" 2033
"../../../Engine/Shaders/Public/FP16Math.ush" 2034
"../../../Engine/Shaders/Public/Platform/D3D/D3DCommon.ush" 2035
"../../../Engine/Shaders/Shared/HLSLReservedSpaces.h" 2036
"../../../Engine/Shaders/Public/BindlessResources.ush" 2037
"../../../Engine/Shaders/Public/Platform/D3D/PlatformBindlessResources.ush" 2038
"../../../Engine/Shaders/Shared/RayTracingBuiltInResources.h" 2039
"../../../Engine/Shaders/Shared/RayTracingDefinitions.h" 2040
"../../../Engine/Shaders/Shared/MaterialCacheDefinitions.h" 2041
"../../../Engine/Shaders/Shared/HLSLTypeAliases.h" 2042
"../../../Engine/Shaders/Public/IndirectVirtualTexture.ush" 2043
"../../../Engine/Shaders/Shared/IndirectVirtualTextureDefinitions.h" 2044
"../../../Engine/Shaders/Public/OverloadMacros.ush" 2045
"../../../Engine/Shaders/Public/ShaderVersion.ush" 2046
"../../../Engine/Shaders/Shared/ThirdParty/NVIDIA/nvHLSLExtns.h" 2047
"../../../Engine/Shaders/Shared/ThirdParty/NVIDIA/nvHLSLExtnsInternal.h" 2048
"../../../Engine/Shaders/Shared/ThirdParty/NVIDIA/nvShaderExtnEnums.h" 2049
"../../../Engine/Shaders/Private/PackUnpack.ush" 2050
"../../../Engine/Shaders/Private/GeneratedUniformBufferTypes.ush" 2051
"../../../Engine/Shaders/Private/Nanite/NanitePackedNaniteView.ush" 2052
"../../../Engine/Shaders/Private/HairStrands/HairStrandsVisibilityCommonStruct.ush" 2053
"../../../Engine/Shaders/Private/HairStrands/HairStrandsVoxelPageCommonStruct.ush" 2054
"../../../Engine/Shaders/Private/HairStrands/HairStrandsDeepShadowCommonStruct.ush" 2055
"../../../Engine/Shaders/Shared/LightSceneData.h" 2056
"../../../Engine/Shaders/Private/LargeWorldCoordinates.ush" 2057
"../../../Engine/Shaders/Private/DoubleFloat.ush" 2058
"../../../Engine/Shaders/Private/RandomPCG.ush" 2059
"../../../Engine/Shaders/Private/DoubleFloatOperations.ush" 2060
"../../../Engine/Shaders/Private/DoubleFloatVectorDefinition.ush" 2061
"../../../Engine/Shaders/Private/LWCOperations.ush" 2062
"../../../Engine/Shaders/Shared/LightViewData.h" 2063
"../../../Engine/Shaders/Shared/RayTracingTypes.h" 2064
"../../../Engine/Shaders/Shared/HLSLStaticAssert.h" 2065
"../../../Engine/Shaders/Private/CommonViewUniformBuffer.ush" 2066
"../../../Engine/Shaders/Private/InstancedStereo.ush" 2067
"../../../Engine/Shaders/Private/Definitions.usf" 2068
"../../../Engine/Shaders/Private/AssertionMacros.ush" 2069
"../../../Engine/Shaders/Private/FastMath.ush" 2070
"../../../Engine/Shaders/Private/FastMathThirdParty.ush" 2071
"../../../Engine/Shaders/Private/Random.ush" 2072
"../../../Engine/Shaders/Private/RandomInterleavedGradientNoise.ush" 2073
"../../../Engine/Shaders/Private/SceneData.ush" 2074
"../../../Engine/Shaders/Private/OctahedralCommon.ush" 2075
"../../../Engine/Shaders/Private/WaveOpUtil.ush" 2076
"../../../Engine/Shaders/Private/ByteBuffer.ush" 2077
"../../../Engine/Shaders/Shared/SceneDefinitions.h" 2078
"../../../Engine/Shaders/Private/SceneDataMobileLoader.ush" 2079
"../../../Engine/Shaders/Private/LocalVertexFactoryCommon.ush" 2080
"../../../Engine/Shaders/Private/HairStrands/HairStrandsVisibilityCommon.ush" 2081
"../../../Engine/Shaders/Shared/HairStrandsDefinitions.h" 2082
"../../../Engine/Shaders/Private/HairStrands/HairStrandsVertexFactoryCommon.ush" 2083
"../../../Engine/Shaders/Private/HairStrands/HairStrandsPack.ush" 2084
"../../../Engine/Shaders/Private/HairStrands/HairStrandsAttributeCommon.ush" 2085
"../../../Engine/Shaders/Private/HairStrands/HairStrandsAttributeTemplate.ush" 2086
"../../../Engine/Shaders/Private/VertexFactoryDefaultInterface.ush" 2087
"../../../Engine/Shaders/Private/HairStrands/HairCardsVertexFactory.ush" 2088
"../../../Engine/Shaders/Private/HairStrands/HairCardsAttributeCommon.ush" 2089
"../../../Engine/Shaders/Private/RayTracing/RayTracingCommon.ush" 2090
"../../../Engine/Shaders/Private/ShadingCommon.ush" 2091
"../../../Engine/Shaders/Shared/RayTracingPayloadType.h" 2092
"../../../Engine/Shaders/Private/RayTracing/RayTracingRayCone.ush" 2093
"../../../Engine/Shaders/Private/Substrate/Substrate.ush" 2094
"../../../Engine/Shaders/Private/ShadingEnergyConservation.ush" 2095
"../../../Engine/Shaders/Private/ShadingEnergyConservationTemplate.ush" 2096
"../../../Engine/Shaders/Private/BRDF.ush" 2097
"../../../Engine/Shaders/Private/ColorSpace.ush" 2098
"../../../Engine/Shaders/Private/DeferredShadingCommon.ush" 2099
"../../../Engine/Shaders/Private/LightAccumulator.ush" 2100
"../../../Engine/Shaders/Private/SceneTexturesCommon.ush" 2101
"../../../Engine/Shaders/Private/MonteCarlo.ush" 2102
"../../../Engine/Shaders/Private/GBufferHelpers.ush" 2103
"../../../Engine/Shaders/Private/SceneTextureParameters.ush" 2104
"D:/Kool/Saxion/Semester 4/Unreal/AE_Unreal/Intermediate/ShaderAutogen/PCD3D_SM6/AutogenShaderHeaders.ush" 2105
"../../../Engine/Shaders/Private/ParticipatingMediaCommon.ush" 2106
"../../../Engine/Shaders/Private/ThinFilmBSDF.ush" 2107
"../../../Engine/Shaders/Private/MortonCode.ush" 2108
"../../../Engine/Shaders/Private/SubsurfaceProfileCommon.ush" 2109
"../../../Engine/Shaders/Private/BurleyNormalizedSSSCommon.ush" 2110
"../../../Engine/Shaders/Private/GammaCorrectionCommon.ush" 2111
"../../../Engine/Shaders/Shared/SubstrateDefinitions.h" 2112
"../../../Engine/Shaders/Private/Substrate/SubstrateStatisticalOperators.ush" 2113
"../../../Engine/Shaders/Private/Substrate/SubstrateSubsurface.ush" 2114
"../../../Engine/Shaders/Private/TransmissionCommon.ush" 2115
"../../../Engine/Shaders/Private/Substrate/SubstrateExportCommon.ush" 2116
"../../../Engine/Shaders/Private/SpecularProfileCommon.ush" 2117
"../../../Engine/Shaders/Private/RayTracing/RayTracingCommonMetal.ush" 2118
"../../../Engine/Shaders/Private/PositionReconstructionCommon.ush" 2119
"../../../Engine/Shaders/Private/RayTracing/TraceRayInline.ush" 2120
"../../../Engine/Shaders/Private/RayTracing/TraceRayInlineCommon.ush" 2121
"../../../Engine/Shaders/Private/RayTracing/TraceRayInlineVulkan.ush" 2122
"../../../Engine/Shaders/Private/RayTracing/TraceRayInlineMetal.ush" 2123
"../../../Engine/Shaders/Private/RayTracing/RayTracingHitGroupCommon.ush" 2124
"../../../Engine/Shaders/Private/Nanite/NaniteRayTrace.ush" 2125
"../../../Engine/Shaders/Private/Nanite/NaniteDataDecode.ush" 2126
"../../../Engine/Shaders/Private/BitPacking.ush" 2127
"../../../Engine/Shaders/Private/BitStreamReaderImplementation.ush" 2128
"../../../Engine/Shaders/Private/BoneTransform.ush" 2129
"../../../Engine/Shaders/Private/Quaternion.ush" 2130
"../../../Engine/Shaders/Private/Skinning/SkinningDataDecode.ush" 2131
"../../../Engine/Shaders/Private/GpuSkinCommon.ush" 2132
"../../../Engine/Shaders/Shared/SkinningDefinitions.h" 2133
"../../../Engine/Shaders/Shared/NaniteDefinitions.h" 2134
"../../../Engine/Shaders/Private/Nanite/NaniteAttributeDecode.ush" 2135
"../../../Engine/Shaders/Private/Barycentrics.ush" 2136
"../../../Engine/Shaders/Private/DualNumber.ush" 2137
"../../../Engine/Shaders/Shared/ThirdParty/RayTriangleIntersection.h" 2138
"../../../Engine/Shaders/Private/Nanite/NaniteVertexFetch.ush" 2139
"../../../Engine/Shaders/Private/ViewData.ush" 2140
"../../../Engine/Shaders/Shared/ViewDefinitions.h" 2141
"../../../Engine/Shaders/Private/Nanite/NaniteSceneCommon.ush" 2142
"../../../Engine/Shaders/Private/RayTracing/TraceRayInlineD3D12.ush" 2143
"../../../Engine/Plugins/FX/Niagara/Shaders/Private/NiagaraSpriteVertexFactory.ush" 2144
"../../../Engine/Shaders/Private/ParticleVertexFactoryCommon.ush" 2145
"../../../Engine/Plugins/FX/Niagara/Shaders/Private/NiagaraVFCommon.usf" 2146
"../../../Engine/Plugins/FX/Niagara/Shaders/Private/NiagaraVFParticleAccess.usf" 2147
"../../../Engine/Plugins/FX/Niagara/Shaders/Private/NiagaraParticleAccess.ush" 2148
"../../../Engine/Plugins/FX/Niagara/Shaders/Private/NiagaraRibbonVertexFactory.ush" 2149
"../../../Engine/Plugins/FX/Niagara/Shaders/Private/NiagaraMeshVertexFactory.ush" 2150
"../../../Engine/Plugins/FX/Niagara/Shaders/Private/NiagaraCommon.ush" 2151
"../../../Engine/Plugins/FX/Niagara/Shaders/Private/NiagaraMeshParticleUtils.ush" 2152
"../../../Engine/Shaders/Private/VectorFieldVisualizationVertexFactory.ush" 2153
"../../../Engine/Shaders/Private/Nanite/NaniteVertexFactory.ush" 2154
"../../../Engine/Shaders/Private/LightmapData.ush" 2155
"../../../Engine/Shaders/Private/SplineMeshCommon.ush" 2156
"../../../Engine/Shaders/Shared/SplineMeshShaderParams.h" 2157
"../../../Engine/Shaders/Private/ShaderPrint.ush" 2158
"../../../Engine/Shaders/Private/ShaderPrintCommon.ush" 2159
"../../../Engine/Shaders/Private/MiniFontCommon.ush" 2160
"../../../Engine/Shaders/Private/SGGX.ush" 2161
"../../../Engine/Shaders/Private/MaterialCache/MaterialCacheCommon.ush" 2162
"../../../Engine/Shaders/Private/Nanite/NaniteVertexDeformation.ush" 2163
"../../../Engine/Shaders/Private/Matrices.ush" 2164
"../../../Engine/Shaders/Private/ParticleSpriteVertexFactory.ush" 2165
"../../../Engine/Shaders/Private/ParticleGPUSpriteVertexFactory.ush" 2166
"../../../Engine/Shaders/Private/ParticleSimulationCommon.ush" 2167
"../../../Engine/Shaders/Private/ParticleBeamTrailVertexFactory.ush" 2168
"../../../Engine/Shaders/Private/MeshParticleVertexFactory.ush" 2169
"../../../Engine/Shaders/Private/LocalVertexFactory.ush" 2170
"../../../Engine/Shaders/Private/GpuSkinVertexFactory.ush" 2171
"../../../Engine/Shaders/Private/GeometryCollectionVertexFactory.ush" 2172
"../../../Engine/Shaders/Private/GeometryCacheVertexFactory.ush" 2173
"../../../Engine/Shaders/Private/LandscapeVertexFactory.ush" 2174
"../../../Engine/Plugins/Experimental/NFORDenoise/Shaders/NFORDenoise.usf" 2175
"../../../Engine/Shaders/Private/ScreenPass.ush" 2176
"../../../Engine/Plugins/Experimental/NFORDenoise/Shaders/NFORRegressionCommon.ush" 2177
"../../../Engine/Plugins/Experimental/NFORDenoise/Shaders/NFORRegression.ush" 2178
"../../../Engine/Plugins/Compositing/CompositeCore/Shaders/Private/CompositeCoreMerge.usf" 2179
"../../../Engine/Shaders/Private/LensDistortion.ush" 2180
"../../../Engine/Plugins/Compositing/CompositeCore/Shaders/Private/CompositeCoreBlending.ush" 2181
"../../../Engine/Plugins/Compositing/CompositeCore/Shaders/Private/CompositeCoreDisplayTransform.usf" 2182
"../../../Engine/Plugins/Compositing/CompositeCore/Shaders/Private/CompositeCoreDilate.usf" 2183
"../../../Engine/Plugins/Media/WmfMedia/Shaders/Private/MediaHardwareVideoDecoding.usf" 2184
"../../../Engine/Shaders/Private/ColorUtils.ush" 2185
"../../../Engine/Plugins/Media/ImgMedia/Shaders/Private/ExrSwizzler.usf" 2186
"../../../Engine/Plugins/Enterprise/GLTFExporter/Shaders/Private/SimpleTexture2DPS.usf" 2187
"../../../Engine/Shaders/Private/SimpleElementNormalMapPixelShader.usf" 2188
"../../../Engine/Plugins/Runtime/HairStrands/Shaders/Private/NiagaraCopyVelocityGrid.usf" 2189
"../../../Engine/Plugins/Runtime/HairStrands/Shaders/Private/NiagaraClearVelocityGrid.usf" 2190
"../../../Engine/Plugins/Runtime/HairStrands/Shaders/Private/NiagaraClearPressureGrid.usf" 2191
"../../../Engine/Plugins/Runtime/HairStrands/Shaders/Private/NiagaraInterpolateGroomGuides.usf" 2192
"../../../Engine/Plugins/Runtime/HairStrands/Shaders/Private/NiagaraGroomInterpolationUtils.ush" 2193
"../../../Engine/Plugins/FX/Niagara/Shaders/Private/NiagaraQuaternionUtils.ush" 2194
"../../../Engine/Shaders/Private/HairStrands/HairStrandsMesh.usf" 2195
"../../../Engine/Shaders/Private/HairStrands/HairStrandsBindingCommon.ush" 2196
"../../../Engine/Shaders/Private/HairStrands/HairStrandsFollicleMask.usf" 2197
"../../../Engine/Shaders/Private/HairStrands/HairStrandsSkinUpdate.usf" 2198
"../../../Engine/Shaders/Private/HairStrands/HairStrandsClusterCulling.usf" 2199
"../../../Engine/Shaders/Private/ColorMap.ush" 2200
"../../../Engine/Shaders/Private/HairStrands/HairStrandsAABBCommon.ush" 2201
"../../../Engine/Shaders/Private/HairStrands/HairStrandsClusterCommon.ush" 2202
"../../../Engine/Shaders/Private/ThreadGroupPrefixSum.ush" 2203
"../../../Engine/Shaders/Private/HairStrands/HairStrandsRaytracingGeometry.usf" 2204
"../../../Engine/Shaders/Private/HairStrands/HairStrandsTangent.usf" 2205
"../../../Engine/Shaders/Private/HairStrands/HairCardsDeformation.usf" 2206
"../../../Engine/Shaders/Private/HairStrands/HairStrandsInterpolation.usf" 2207
"../../../Engine/Shaders/Private/HairStrands/HairStrandsGuideDeform.usf" 2208
"../../../Engine/Shaders/Private/HairStrands/HairStrandsTexturesGeneration.usf" 2209
"../../../Engine/Shaders/Private/HairStrands/HairCardsTextureCommon.ush" 2210
"../../../Engine/Shaders/Private/HairStrands/HairStrandsTranscode.usf" 2211
"../../../Engine/Shaders/Private/HairStrands/HairStrandsDebug.usf" 2212
"../../../Engine/Shaders/Private/HairShadingCommon.ush" 2213
"../../../Engine/Shaders/Private/PostProcessCommon.ush" 2214
"../../../Engine/Shaders/Private/ShadingModels.ush" 2215
"../../../Engine/Shaders/Private/CapsuleLight.ush" 2216
"../../../Engine/Shaders/Private/RectLight.ush" 2217
"../../../Engine/Shaders/Private/LightData.ush" 2218
"../../../Engine/Shaders/Shared/LightDefinitions.h" 2219
"../../../Engine/Shaders/Private/AreaLightCommon.ush" 2220
"../../../Engine/Shaders/Private/HairBsdf.ush" 2221
"../../../Engine/Shaders/Private/PathTracing/Utilities/PathTracingRandomSequence.ush" 2222
"../../../Engine/Shaders/Private/MobileGGX.ush" 2223
"../../../Engine/Shaders/Private/HairStrands/HairStrandsCommon.ush" 2224
"../../../Engine/Shaders/Private/HairStrands/HairStrandsEnvironmentLightingCommon.ush" 2225
"../../../Engine/Shaders/Private/HairStrands/HairStrandsDeepTransmittanceCommon.ush" 2226
"../../../Engine/Shaders/Private/HairStrands/HairStrandsDeepTransmittanceDualScattering.ush" 2227
"../../../Engine/Shaders/Private/HairStrands/HairStrandsDeepShadowCommon.ush" 2228
"../../../Engine/Shaders/Private/HairStrands/HairStrandsDebugCommonStruct.ush" 2229
"../../../Engine/Plugins/FX/Niagara/Shaders/Private/NiagaraVertexFactoryExport.usf" 2230
"../../../Engine/Shaders/Private/ComputeShaderUtils.ush" 2231
"../../../Engine/Shaders/Private/MaterialTemplate.ush" 2232
"../../../Engine/Shaders/Private/WorldSpaceMath.ush" 2233
"../../../Engine/Shaders/Private/EyeAdaptationCommon.ush" 2234
"../../../Engine/Shaders/Private/SobolRandom.ush" 2235
"../../../Engine/Shaders/Private/DepthOfFieldCommon.ush" 2236
"../../../Engine/Shaders/Private/CircleDOFCommon.ush" 2237
"../../../Engine/Shaders/Private/DistanceField/GlobalDistanceFieldShared.ush" 2238
"../../../Engine/Shaders/Private/PhysicsFieldSampler.ush" 2239
"../../../Engine/Shaders/Private/PhysicsFieldShared.ush" 2240
"../../../Engine/Shaders/Private/SparseVolumeTexture/SparseVolumeTextureCommon.ush" 2241
"../../../Engine/Shaders/Shared/EnvironmentComponentsFlags.h" 2242
"../../../Engine/Shaders/Private/MeshPaintTextureCommon.ush" 2243
"../../../Engine/Shaders/Private/VirtualTextureMaterial.ush" 2244
"../../../Engine/Shaders/Private/MaterialCache/MaterialCacheMaterialCommon.ush" 2245
"../../../Engine/Shaders/Private/Quantization.ush" 2246
"../../../Engine/Shaders/Private/SpeedTreeCommon.ush" 2247
"../../../Engine/Shaders/Private/VirtualTextureCommon.ush" 2248
"../../../Engine/Shaders/Public/IndirectVirtualTextureCommon.ush" 2249
"../../../Engine/Shaders/Private/MaterialTexture.ush" 2250
"../../../Engine/Shaders/Private/MinMaterialTexCoords.ush" 2251
"../../../Engine/Shaders/Private/SkyAtmosphereCommon.ush" 2252
"../../../Engine/Shaders/Private/SingleLayerWaterCommon.ush" 2253
"../../../Engine/Shaders/Private/TextureSampling.ush" 2254
"../../../Engine/Shaders/Private/PaniniProjection.ush" 2255
"../../../Engine/Shaders/Private/DBufferNormalReprojection.ush" 2256
"../../../Engine/Shaders/Public/SubstratePublic.ush" 2257
"../../../Engine/Shaders/Private/Substrate/SubstrateRead.ush" 2258
"../../../Engine/Shaders/Private/Substrate/SubstrateTree.ush" 2259
"../../../Engine/Shaders/Private/Substrate/SubstrateEvaluation.ush" 2260
"../../../Engine/Shaders/Private/Substrate/Glint/GlintThirdParty.ush" 2261
"../../../Engine/Shaders/Private/BlueNoise.ush" 2262
"../../../Engine/Shaders/Private/SHCommon.ush" 2263
"../../../Engine/Shaders/Private/ShadingModelsSampling.ush" 2264
"../../../Engine/Shaders/Private/HairStrands/HairBsdfSample.ush" 2265
"../../../Engine/Shaders/Private/Substrate/SubstrateLegacyConversion.ush" 2266
"../../../Engine/Shaders/Private/DBufferDecalShared.ush" 2267
"../../../Engine/Plugins/FX/Niagara/Shaders/Private/NiagaraSortKeyGen.usf" 2268
"../../../Engine/Plugins/FX/Niagara/Shaders/Private/NiagaraGPURayTracingTransforms.usf" 2269
"../../../Engine/Plugins/FX/Niagara/Shaders/Private/NiagaraDrawIndirectArgsGen.usf" 2270
"../../../Engine/Plugins/FX/Niagara/Shaders/Private/NiagaraDispatchIndirectArgsGen.usf" 2271
"../../../Engine/Plugins/FX/Niagara/Shaders/Private/Stateless/NiagaraStatelessSimulationDefault.usf" 2272
"../../../Engine/Plugins/FX/Niagara/Shaders/Private/Stateless/NiagaraStatelessCommon.ush" 2273
"../../../Engine/Plugins/FX/Niagara/Shaders/Shared/NiagaraStatelessDefinitions.h" 2274
"../../../Engine/Plugins/FX/Niagara/Shaders/Shared/NiagaraStatelessBuiltDistribution.h" 2275
"../../../Engine/Plugins/FX/Niagara/Shaders/Private/Stateless/NiagaraStatelessDistribution.ush" 2276
"../../../Engine/Plugins/FX/Niagara/Shaders/Private/Stateless/Template/GenerateCS_PreModules.ush" 2277
"../../../Engine/Plugins/FX/Niagara/Shaders/Private/Stateless/Modules/NiagaraStatelessModule_CalculateAccurateVelocity.ush" 2278
"../../../Engine/Plugins/FX/Niagara/Shaders/Private/Stateless/Modules/NiagaraStatelessModule_CameraOffset.ush" 2279
"../../../Engine/Plugins/FX/Niagara/Shaders/Private/Stateless/Modules/NiagaraStatelessModule_DynamicMaterialParameters.ush" 2280
"../../../Engine/Plugins/FX/Niagara/Shaders/Private/Stateless/Modules/NiagaraStatelessModule_InitializeParticle.ush" 2281
"../../../Engine/Plugins/FX/Niagara/Shaders/Private/Stateless/Modules/NiagaraStatelessModule_InitialMeshOrientation.ush" 2282
"../../../Engine/Plugins/FX/Niagara/Shaders/Private/Stateless/Modules/NiagaraStatelessModule_MeshIndex.ush" 2283
"../../../Engine/Plugins/FX/Niagara/Shaders/Private/Stateless/Modules/NiagaraStatelessModule_MeshRotationRate.ush" 2284
"../../../Engine/Plugins/FX/Niagara/Shaders/Private/Stateless/Modules/NiagaraStatelessModule_RotateAroundPoint.ush" 2285
"../../../Engine/Plugins/FX/Niagara/Shaders/Private/Stateless/Modules/NiagaraStatelessModule_ShapeLocation.ush" 2286
"../../../Engine/Plugins/FX/Niagara/Shaders/Private/Stateless/Modules/NiagaraStatelessModule_ScaleColor.ush" 2287
"../../../Engine/Plugins/FX/Niagara/Shaders/Private/Stateless/Modules/NiagaraStatelessModule_ScaleRibbonWidth.ush" 2288
"../../../Engine/Plugins/FX/Niagara/Shaders/Private/Stateless/Modules/NiagaraStatelessModule_ScaleSpriteSize.ush" 2289
"../../../Engine/Plugins/FX/Niagara/Shaders/Private/Stateless/Modules/NiagaraStatelessModule_ScaleSpriteSizeBySpeed.ush" 2290
"../../../Engine/Plugins/FX/Niagara/Shaders/Private/Stateless/Modules/NiagaraStatelessModule_ScaleMeshSize.ush" 2291
"../../../Engine/Plugins/FX/Niagara/Shaders/Private/Stateless/Modules/NiagaraStatelessModule_ScaleMeshSizebySpeed.ush" 2292
"../../../Engine/Plugins/FX/Niagara/Shaders/Private/Stateless/Modules/NiagaraStatelessModule_SolveVelocitiesAndForces.ush" 2293
"../../../Engine/Plugins/FX/Niagara/Shaders/Private/Stateless/Modules/NiagaraStatelessModule_SpriteFacingAndAlignment.ush" 2294
"../../../Engine/Plugins/FX/Niagara/Shaders/Private/Stateless/Modules/NiagaraStatelessModule_SpriteRotationRate.ush" 2295
"../../../Engine/Plugins/FX/Niagara/Shaders/Private/Stateless/Modules/NiagaraStatelessModule_SubUVAnimation.ush" 2296
"../../../Engine/Plugins/FX/Niagara/Shaders/Private/Stateless/Template/GenerateCS_PostModules.ush" 2297
"../../../Engine/Plugins/FX/Niagara/Shaders/Private/NiagaraBlendSVTsToDenseBuffer.usf" 2298
"../../../Engine/Plugins/FX/Niagara/Shaders/Private/NiagaraSVTToDenseBuffer.usf" 2299
"../../../Engine/Plugins/FX/Niagara/Shaders/Private/NiagaraFillIntBuffer.usf" 2300
"../../../Engine/Plugins/FX/Niagara/Shaders/Private/NiagaraComputeFreeIDs.usf" 2301
"../../../Engine/Plugins/FX/Niagara/Shaders/Private/NiagaraInitFreeIDBuffer.usf" 2302
"../../../Engine/Plugins/FX/Niagara/Shaders/Private/NiagaraEmitterInstanceShader.usf" 2303
"../../../Engine/Plugins/FX/Niagara/Shaders/Private/NiagaraShaderVersion.ush" 2304
"../../../Engine/Plugins/FX/Niagara/Shaders/Private/NiagaraPhysicsCommon.ush" 2305
"../../../Engine/Plugins/FX/Niagara/Shaders/Private/Ribbons/NiagaraRibbonAggregationApply.usf" 2306
"../../../Engine/Plugins/FX/Niagara/Shaders/Private/Ribbons/NiagaraRibbonCommon.ush" 2307
"../../../Engine/Plugins/FX/Niagara/Shaders/Shared/NiagaraRibbonShared.h" 2308
"../../../Engine/Plugins/FX/Niagara/Shaders/Private/Ribbons/NiagaraRibbonAggregationStep.usf" 2309
"../../../Engine/Plugins/FX/Niagara/Shaders/Private/Ribbons/NiagaraRibbonGenerateIndices.usf" 2310
"../../../Engine/Plugins/FX/Niagara/Shaders/Private/Ribbons/NiagaraRibbonInitializeIndices.usf" 2311
"../../../Engine/Plugins/FX/Niagara/Shaders/Private/Ribbons/NiagaraRibbonRibbonUVParamCalculation.usf" 2312
"../../../Engine/Plugins/FX/Niagara/Shaders/Private/Ribbons/NiagaraRibbonVertexReductionFinalization.usf" 2313
"../../../Engine/Plugins/FX/Niagara/Shaders/Private/Ribbons/NiagaraRibbonVertexReductionInitialization.usf" 2314
"../../../Engine/Plugins/FX/Niagara/Shaders/Private/Ribbons/NiagaraRibbonSortParticles.usf" 2315
"../../../Engine/Plugins/FX/Niagara/Shaders/Private/NiagaraLWCHelper.usf" 2316
"../../../Engine/Plugins/FX/Niagara/Shaders/Private/NiagaraUpdateMeshGPUSceneInstances.usf" 2317
"../../../Engine/Shaders/Private/GPUScene/GPUSceneWriter.ush" 2318
"../../../Engine/Plugins/FX/Niagara/Shaders/Private/NiagaraGenerateMips.usf" 2319
"../../../Engine/Plugins/FX/Niagara/Shaders/Private/NiagaraDebugDraw.usf" 2320
"../../../Engine/Plugins/FX/Niagara/Shaders/Private/NiagaraDebugDraw.ush" 2321
"../../../Engine/Plugins/FX/Niagara/Shaders/Private/NiagaraVisualizeTexture.usf" 2322
"../../../Engine/Plugins/FX/Niagara/Shaders/Private/NiagaraClearCounts.usf" 2323
"../../../Engine/Plugins/FX/Niagara/Shaders/Private/NiagaraBatchedElements.usf" 2324
"../../../Engine/Plugins/FX/Niagara/Shaders/Private/NiagaraRayTracingShaders.usf" 2325
"../../../Engine/Plugins/FX/Niagara/Shaders/Private/NiagaraAsyncGpuTraceCommon.ush" 2326
"../../../Engine/Shaders/Private/HashTable.ush" 2327
"../../../Engine/Shaders/Private/Hash.ush" 2328
"../../../Engine/Shaders/Private/RayTracing/VFXTraceRay.ush" 2329
"../../../Engine/Plugins/FX/Niagara/Shaders/Private/NiagaraRayMarchingShaders.usf" 2330
"../../../Engine/Plugins/FX/Niagara/Shaders/Private/NiagaraRayTraceCollisionGroupShaders.usf" 2331
"../../../Engine/Plugins/FX/Niagara/Shaders/Private/NiagaraAsyncGpuTraceUtils.usf" 2332
"../../../Engine/Plugins/Runtime/ComputeFramework/Shaders/Private/ComputeKernel.usf" 2333
"../../../Engine/Plugins/Runtime/ComputeFramework/Shaders/Private/ComputeKernelCommon.ush" 2334
"../../../Engine/Plugins/NNE/NNEDenoiser/Shaders/NNEDenoiserShadersTransferFunctionOidn.usf" 2335
"../../../Engine/Plugins/NNE/NNEDenoiser/Shaders/NNEDenoiserShadersMappedCopy.usf" 2336
"../../../Engine/Plugins/NNE/NNEDenoiser/Shaders/NNEDenoiserShadersDefaultIOProcess.usf" 2337
"../../../Engine/Plugins/NNE/NNEDenoiser/Shaders/NNEDenoiserShadersAutoExposureReduceFinal.usf" 2338
"../../../Engine/Plugins/NNE/NNEDenoiser/Shaders/NNEDenoiserShadersAutoExposureReduce.usf" 2339
"../../../Engine/Plugins/NNE/NNEDenoiser/Shaders/NNEDenoiserShadersAutoExposureDownsample.usf" 2340
"../../../Engine/Shaders/Private/VirtualTextureAdapter.usf" 2341
"../../../Engine/Shaders/Private/BlockCompressionCommon.ush" 2342
"../../../Engine/Shaders/Private/BCCompressionCommon.ush" 2343
"../../../Engine/Shaders/Private/TranslucentLightingShaders.usf" 2344
"../../../Engine/Shaders/Private/TranslucencyVolumeInjectionCommon.ush" 2345
"../../../Engine/Shaders/Private/CubemapCommon.ush" 2346
"../../../Engine/Shaders/Private/VectorFieldCompositeShaders.usf" 2347
"../../../Engine/Shaders/Private/UpdateTextureShaders.usf" 2348
"../../../Engine/Shaders/Private/StereoLayerShader.usf" 2349
"../../../Engine/Shaders/Private/SparseVolumeTexture/UpdateSparseVolumeTexture.usf" 2350
"../../../Engine/Shaders/Private/MorphTargets.usf" 2351
"../../../Engine/Shaders/Private/SimpleElementColorChannelMaskPixelShader.usf" 2352
"../../../Engine/Shaders/Private/SimpleElementHitProxyPixelShader.usf" 2353
"../../../Engine/Shaders/Private/SimpleElementPixelShader.usf" 2354
"../../../Engine/Shaders/Private/IESLightProfilesCommon.ush" 2355
"../../../Engine/Shaders/Private/SimpleElementVertexShader.usf" 2356
"../../../Engine/Shaders/Private/ScreenPixelShaderOES.usf" 2357
"../../../Engine/Shaders/Private/ScreenVertexShader.usf" 2358
"../../../Engine/Shaders/Private/ScreenPixelShader.usf" 2359
"../../../Engine/Shaders/Private/SSProfilePreIntegratedMobile.usf" 2360
"../../../Engine/Shaders/Private/SpecularProfile.usf" 2361
"../../../Engine/Shaders/Private/Nanite/NaniteStreaming.usf" 2362
"../../../Engine/Shaders/Private/Nanite/NaniteStreaming.ush" 2363
"../../../Engine/Shaders/Private/VolumetricLightmapStreaming.usf" 2364
"../../../Engine/Shaders/Private/PhysicsFieldReset.usf" 2365
"../../../Engine/Shaders/Private/PhysicsFieldBuilder.usf" 2366
"../../../Engine/Shaders/Private/PhysicsFieldEval.ush" 2367
"../../../Engine/Shaders/Private/ParticleSortKeyGen.usf" 2368
"../../../Engine/Shaders/Private/ParticleBoundsShader.usf" 2369
"../../../Engine/Shaders/Private/ParticleSimVisualizeShader.usf" 2370
"../../../Engine/Shaders/Private/ParticleInjectionShader.usf" 2371
"../../../Engine/Shaders/Private/ParticleSimulationShader.usf" 2372
"../../../Engine/Shaders/Private/ParticleCurveInjectionShader.usf" 2373
"../../../Engine/Shaders/Private/Nanite/NaniteTranscode.usf" 2374
"../../../Engine/Shaders/Private/Nanite/NaniteScatterUpdates.usf" 2375
"../../../Engine/Shaders/Private/CopyUIntBuffer.usf" 2376
"../../../Engine/Shaders/Private/RadixSortShaders.usf" 2377
"../../../Engine/Shaders/Private/RecomputeTangentsPerVertexPass.usf" 2378
"../../../Engine/Shaders/Private/RecomputeTangentsCommon.ush" 2379
"../../../Engine/Shaders/Private/RecomputeTangentsPerTrianglePass.usf" 2380
"../../../Engine/Shaders/Private/DynamicMeshBounds.usf" 2381
"../../../Engine/Shaders/Private/GpuSkinCacheComputeShader.usf" 2382
"../../../Engine/Shaders/Private/DynamicMeshBounds.ush" 2383
"../../../Engine/Shaders/Private/HeightFieldAtlasManagement.usf" 2384
"../../../Engine/Shaders/Private/Landscape/LandscapeEditLayersUtils.usf" 2385
"../../../Engine/Shaders/Private/Landscape/LandscapeCommon.ush" 2386
"../../../Engine/Shaders/Private/Landscape/LandscapeEditLayersWeightmaps.usf" 2387
"../../../Engine/Shaders/Private/Landscape/LandscapeEditLayersHeightmaps.usf" 2388
"../../../Engine/Shaders/Private/LandscapeLayersPS.usf" 2389
"../../../Engine/Shaders/Private/LandscapePhysicalMaterial.usf" 2390
"../../../Engine/Shaders/Private/LandscapeGrassWeight.usf" 2391
"../../../Engine/Shaders/Private/Landscape/LandscapeCulling.usf" 2392
"../../../Engine/Shaders/Private/Nanite/NaniteHZBCull.ush" 2393
"../../../Engine/Shaders/Private/HZB.ush" 2394
"../../../Engine/Shaders/Private/Landscape/LandscapeMergeTexturesPS.usf" 2395
"../../../Engine/Shaders/Private/WideCustomResolveShaders.usf" 2396
"../../../Engine/Shaders/Private/WideCustomResolve_Wide.ush" 2397
"../../../Engine/Shaders/Private/WideCustomResolve_Wider.ush" 2398
"../../../Engine/Shaders/Private/WideCustomResolve_Widest.ush" 2399
"../../../Engine/Shaders/Private/WaterInfoTextureBlur.usf" 2400
"../../../Engine/Shaders/Private/WaterInfoTextureMerge.usf" 2401
"../../../Engine/Shaders/Private/PageTableUpdate.usf" 2402
"../../../Engine/Shaders/Private/VirtualTextureCompress.usf" 2403
"../../../Engine/Shaders/Private/ASTCCompressionCommon.ush" 2404
"../../../Engine/Shaders/Private/IntegerSequenceEncoding.ush" 2405
"../../../Engine/Shaders/Private/ETCCompressionCommon.ush" 2406
"../../../Engine/Shaders/Private/VirtualTextureMaterial.usf" 2407
"../../../Engine/Shaders/Private/PixelShaderOutputCommon.ush" 2408
"../../../Engine/Shaders/Private/ShaderOutputCommon.ush" 2409
"../../../Engine/Shaders/Private/VolumetricRenderTarget.usf" 2410
"../../../Engine/Shaders/Private/HeightFogCommon.ush" 2411
"../../../Engine/Shaders/Private/LocalFogVolumes/LocalFogVolumeCommon.ush" 2412
"../../../Engine/Shaders/Private/ReflectionEnvironmentShared.ush" 2413
"../../../Engine/Shaders/Private/VolumetricFogVoxelization.usf" 2414
"../../../Engine/Shaders/Private/VolumetricCloudMaterialPixelCommon.ush" 2415
"../../../Engine/Shaders/Private/VolumetricFogLightFunction.usf" 2416
"../../../Engine/Shaders/Private/LightFunctionCommon.ush" 2417
"../../../Engine/Shaders/Private/VolumetricFog.usf" 2418
"../../../Engine/Shaders/Private/DeferredLightingCommon.ush" 2419
"../../../Engine/Shaders/Private/DynamicLightingCommon.ush" 2420
"../../../Engine/Shaders/Private/CapsuleLightIntegrate.ush" 2421
"../../../Engine/Shaders/Private/CapsuleLightSampling.ush" 2422
"../../../Engine/Shaders/Private/RectLightIntegrate.ush" 2423
"../../../Engine/Shaders/Private/ScreenSpaceShadowRayCast.ush" 2424
"../../../Engine/Shaders/Private/LightFunctionAtlas/LightFunctionAtlasCommon.usf" 2425
"../../../Engine/Shaders/Private/LightGridCommon.ush" 2426
"../../../Engine/Shaders/Private/DistanceFieldAOShared.ush" 2427
"../../../Engine/Shaders/Private/IntersectionUtils.ush" 2428
"../../../Engine/Shaders/Private/VolumeLightingCommon.ush" 2429
"../../../Engine/Shaders/Private/ShadowProjectionCommon.ush" 2430
"../../../Engine/Shaders/Private/ShadowFilteringCommon.ush" 2431
"../../../Engine/Shaders/Private/PixelQuadMessagePassing.ush" 2432
"../../../Engine/Shaders/Private/VolumeLightingCommonSampling.ush" 2433
"../../../Engine/Shaders/Private/VolumetricLightmapShared.ush" 2434
"../../../Engine/Shaders/Private/ForwardShadowingCommon.ush" 2435
"../../../Engine/Shaders/Private/LightDataUniforms.ush" 2436
"../../../Engine/Shaders/Private/Lumen/LumenTranslucencyVolumeShared.ush" 2437
"../../../Engine/Shaders/Private/Lumen/LumenRadianceCacheInterpolation.ush" 2438
"../../../Engine/Shaders/Private/VirtualShadowMaps/VirtualShadowMapProjectionCommon.ush" 2439
"../../../Engine/Shaders/Private/VirtualShadowMaps/VirtualShadowMapPageAccessCommon.ush" 2440
"../../../Engine/Shaders/Shared/VirtualShadowMapDefinitions.h" 2441
"../../../Engine/Shaders/Shared/HLSLMathAliases.h" 2442
"../../../Engine/Shaders/Private/VirtualShadowMaps/VirtualShadowMapHandle.ush" 2443
"../../../Engine/Shaders/Private/VirtualShadowMaps/VirtualShadowMapProjectionStructs.ush" 2444
"../../../Engine/Shaders/Private/DiaphragmDOF/DOFCommon.ush" 2445
"../../../Engine/Shaders/Private/VolumetricCloudCommon.ush" 2446
"../../../Engine/Shaders/Private/VolumetricCloud.usf" 2447
"../../../Engine/Shaders/Private/VisualizeVolumetricLightmap.usf" 2448
"../../../Engine/Shaders/Private/VirtualShadowMaps/VirtualShadowMapProjectionComposite.usf" 2449
"../../../Engine/Shaders/Private/LightShaderParameters.ush" 2450
"../../../Engine/Shaders/Private/VirtualShadowMaps/VirtualShadowMapMaskBitsCommon.ush" 2451
"../../../Engine/Shaders/Private/VirtualShadowMaps/VirtualShadowMapLightGrid.ush" 2452
"../../../Engine/Shaders/Private/VirtualShadowMaps/VirtualShadowMapProjection.usf" 2453
"../../../Engine/Shaders/Private/Visualization.ush" 2454
"../../../Engine/Shaders/Private/VirtualShadowMaps/VirtualShadowMapProjectionFilter.ush" 2455
"../../../Engine/Shaders/Private/VirtualShadowMaps/VirtualShadowMapProjectionDirectional.ush" 2456
"../../../Engine/Shaders/Private/VirtualShadowMaps/VirtualShadowMapSMRTCommon.ush" 2457
"../../../Engine/Shaders/Private/VirtualShadowMaps/VirtualShadowMapSMRTTemplate.ush" 2458
"../../../Engine/Shaders/Private/VirtualShadowMaps/VirtualShadowMapProjectionSpot.ush" 2459
"../../../Engine/Shaders/Private/VirtualShadowMaps/VirtualShadowMapTransmissionCommon.ush" 2460
"../../../Engine/Shaders/Private/VirtualShadowMaps/VirtualShadowMapScreenRayTrace.ush" 2461
"../../../Engine/Shaders/Private/VirtualShadowMaps/VirtualShadowMapStats.ush" 2462
"../../../Engine/Shaders/Private/HairStrands/HairStrandsVoxelPageCommon.ush" 2463
"../../../Engine/Shaders/Private/HairStrands/HairStrandsVoxelPageTraversal.ush" 2464
"../../../Engine/Shaders/Private/VirtualShadowMaps/VirtualShadowMapCacheGPUInvalidation.usf" 2465
"../../../Engine/Shaders/Private/VirtualShadowMaps/VirtualShadowMapPageCacheCommon.ush" 2466
"../../../Engine/Shaders/Private/VirtualShadowMaps/VirtualShadowMapCacheInvalidation.ush" 2467
"../../../Engine/Shaders/Private/VirtualShadowMaps/VirtualShadowMapPageOverlap.ush" 2468
"../../../Engine/Shaders/Private/ScreenSpaceDenoise/SSDDefinitions.ush" 2469
"../../../Engine/Shaders/Private/InstanceCulling/InstanceCullingLoadBalancer.ush" 2470
"../../../Engine/Shaders/Private/VirtualShadowMaps/VirtualShadowMapCacheLoadBalancer.usf" 2471
"../../../Engine/Shaders/Private/VirtualShadowMaps/VirtualShadowMapCopyStats.usf" 2472
"../../../Engine/Shaders/Private/VirtualShadowMaps/VirtualShadowMapShadowCasterBounds.usf" 2473
"../../../Engine/Shaders/Private/VirtualShadowMaps/VirtualShadowMapVisualize.ush" 2474
"../../../Engine/Shaders/Private/VirtualShadowMaps/VirtualShadowMapShadowCasterColor.usf" 2475
"../../../Engine/Shaders/Private/VirtualShadowMaps/VirtualShadowMapDebug.usf" 2476
"../../../Engine/Shaders/Private/VirtualShadowMaps/Desaturate.usf" 2477
"../../../Engine/Shaders/Private/VirtualShadowMaps/VirtualShadowMapPhysicalPageManagement.usf" 2478
"../../../Engine/Shaders/Private/ReductionCommon.ush" 2479
"../../../Engine/Shaders/Private/GPUMessaging.ush" 2480
"../../../Engine/Shaders/Private/VirtualShadowMaps/VirtualShadowMapPerPageDispatch.ush" 2481
"../../../Engine/Shaders/Private/VirtualShadowMaps/VirtualShadowMapComputeExplicitChunkDrawsViewMask.usf" 2482
"../../../Engine/Shaders/Shared/SceneCullingDefinitions.h" 2483
"../../../Engine/Shaders/Private/VirtualShadowMaps/VirtualShadowMapCompactViews.usf" 2484
"../../../Engine/Shaders/Private/VirtualShadowMaps/VirtualShadowMapBuildPerPageDrawCommands.usf" 2485
"../../../Engine/Shaders/Private/Nanite/NaniteCullingCommon.ush" 2486
"../../../Engine/Shaders/Private/Nanite/NaniteCulling.ush" 2487
"../../../Engine/Shaders/Private/Nanite/NaniteHierarchyTraversalCommon.ush" 2488
"../../../Engine/Shaders/Private/InstanceCulling/InstanceCullingCommon.ush" 2489
"../../../Engine/Shaders/Shared/InstanceCullingDefinitions.h" 2490
"../../../Engine/Shaders/Private/VirtualShadowMaps/VirtualShadowMapPrintStats.usf" 2491
"../../../Engine/Shaders/Private/VirtualShadowMaps/VirtualShadowMapPageManagement.usf" 2492
"../../../Engine/Shaders/Private/VirtualShadowMaps/VirtualShadowMapPageMarking.usf" 2493
"../../../Engine/Shaders/Private/VirtualShadowMaps/VirtualShadowMapPageMarking.ush" 2494
"../../../Engine/Shaders/Shared/SingleLayerWaterDefinitions.h" 2495
"../../../Engine/Shaders/Private/HairStrands/HairStrandsTileCommon.ush" 2496
"../../../Engine/Shaders/Private/Froxel/Froxel.ush" 2497
"../../../Engine/Shaders/Shared/FroxelDefinitions.h" 2498
"../../../Engine/Shaders/Private/VirtualShadowMaps/VirtualShadowMapThrottle.usf" 2499
"../../../Engine/Shaders/Private/VelocityUpdate.usf" 2500
"../../../Engine/Shaders/Private/VelocityCommon.ush" 2501
"../../../Engine/Shaders/Private/VelocityShader.usf" 2502
"../../../Engine/Shaders/Private/VariableRateShading/VRSShadingRatePreview.usf" 2503
"../../../Engine/Shaders/Private/VariableRateShading/VRSShadingRateCommon.ush" 2504
"../../../Engine/Shaders/Private/VariableRateShading/VRSShadingRateCombine.usf" 2505
"../../../Engine/Shaders/Private/VariableRateShading/VRSShadingRateFoveated.usf" 2506
"../../../Engine/Shaders/Private/VariableRateShading/VRSShadingRateReproject.usf" 2507
"../../../Engine/Shaders/Private/VariableRateShading/VRSShadingRateCalculate.usf" 2508
"../../../Engine/Shaders/Private/TranslucencyUpsampling.usf" 2509
"../../../Engine/Shaders/Private/ComposeSeparateTranslucency.usf" 2510
"../../../Engine/Shaders/Private/SeparateTranslucency.ush" 2511
"../../../Engine/Shaders/Private/TranslucencyVolumeVisualize.usf" 2512
"../../../Engine/Shaders/Private/TranslucencyVolumeCommon.ush" 2513
"../../../Engine/Shaders/Private/TranslucentLightInjectionShaders.usf" 2514
"../../../Engine/Shaders/Private/HeterogeneousVolumes/HeterogeneousVolumesAdaptiveVolumetricShadowMapSampling.ush" 2515
"../../../Engine/Shaders/Private/HeterogeneousVolumes/HeterogeneousVolumesAdaptiveVolumetricShadowMapUtils.ush" 2516
"../../../Engine/Shaders/Private/HeterogeneousVolumes/HeterogeneousVolumesBeerShadowMapUtils.ush" 2517
"../../../Engine/Shaders/Private/TranslucentShadowDepthShaders.usf" 2518
"../../../Engine/Shaders/Private/ShadowDepthCommon.ush" 2519
"../../../Engine/Shaders/Private/RayTracing/RayTracingTest.usf" 2520
"../../../Engine/Shaders/Private/PostprocessSubsurfaceTile.usf" 2521
"../../../Engine/Shaders/Private/PostProcessSubsurfaceCommon.ush" 2522
"../../../Engine/Shaders/Private/Substrate/SubstrateVisualize.usf" 2523
"../../../Engine/Shaders/Private/Substrate/SubstrateTile.ush" 2524
"../../../Engine/Shaders/Shared/SubstrateVisualizeDefinitions.h" 2525
"../../../Engine/Shaders/Private/Substrate/SubstrateVisualizeCommon.ush" 2526
"../../../Engine/Shaders/Private/SkyLightingDiffuseShared.ush" 2527
"../../../Engine/Shaders/Private/SkyLightingShared.ush" 2528
"../../../Engine/Shaders/Private/ClearCoatCommon.ush" 2529
"../../../Engine/Shaders/Private/ReflectionEnvironmentComposite.ush" 2530
"../../../Engine/Shaders/Private/Substrate/SubstrateLightingCommon.ush" 2531
"../../../Engine/Shaders/Private/Substrate/SubstrateRoughRefraction.usf" 2532
"../../../Engine/Shaders/Private/PathTracing/Material/PathTracingFresnel.ush" 2533
"../../../Engine/Shaders/Private/PathTracing/Material/PathTracingGlossy.ush" 2534
"../../../Engine/Shaders/Private/Substrate/SubstrateMaterialSampling.usf" 2535
"../../../Engine/Shaders/Private/Substrate/SubstrateMaterialSampling.ush" 2536
"../../../Engine/Shaders/Private/Lumen/LumenPosition.ush" 2537
"../../../Engine/Shaders/Private/Substrate/SubstrateTile.usf" 2538
"../../../Engine/Shaders/Private/Substrate/SubstrateMaterialClassification.usf" 2539
"../../../Engine/Shaders/Private/Substrate/SubstrateDBuffer.usf" 2540
"../../../Engine/Shaders/Private/StochasticLighting/StochasticLightingTileClassification.usf" 2541
"../../../Engine/Shaders/Private/Lumen/LumenMaterial.ush" 2542
"../../../Engine/Shaders/Private/HairStrands/HairStrandsVisibilityUtils.ush" 2543
"../../../Engine/Shaders/Private/Lumen/LumenReflectionCommon.ush" 2544
"../../../Engine/Shaders/Private/Lumen/LumenReflectionsCombine.ush" 2545
"../../../Engine/Shaders/Private/Lumen/LumenScreenProbeTileClassication.ush" 2546
"../../../Engine/Shaders/Private/MegaLights/MegaLightsTileClassification.ush" 2547
"../../../Engine/Shaders/Private/StochasticLighting/StochasticLightingUpsample.ush" 2548
"../../../Engine/Shaders/Private/StochasticLighting/StochasticLightingCommon.ush" 2549
"../../../Engine/Shaders/Private/SplineMeshSceneTexture.usf" 2550
"../../../Engine/Shaders/Private/SparseVolumeTexture/VisualizeSparseVolumeTexture.usf" 2551
"../../../Engine/Shaders/Private/SkyAtmosphere.usf" 2552
"../../../Engine/Shaders/Private/Nanite/NaniteSkinningUpdateViewData.usf" 2553
"../../../Engine/Shaders/Private/SceneCulling/SceneCulling.ush" 2554
"../../../Engine/Shaders/Private/Skinning/TransformProviders.usf" 2555
"../../../Engine/Shaders/Private/Skinning/SkinnedMeshDebug.usf" 2556
"../../../Engine/Shaders/Private/Skinning/AnimBankEval.usf" 2557
"../../../Engine/Shaders/Private/SingleLayerWaterComposite.usf" 2558
"../../../Engine/Shaders/Private/Froxel/FroxelBuild.ush" 2559
"../../../Engine/Shaders/Private/SingleLayerWaterRefractionCulling.usf" 2560
"../../../Engine/Shaders/Private/ScreenSpaceShadows.usf" 2561
"../../../Engine/Shaders/Private/bend_sss_gpu.ush" 2562
"../../../Engine/Shaders/Private/ShadowFactorsUpsampleCommon.ush" 2563
"../../../Engine/Shaders/Private/FirstPersonSelfShadow.usf" 2564
"../../../Engine/Shaders/Private/HZBTracing.ush" 2565
"../../../Engine/Shaders/Private/LateZDummyPS.usf" 2566
"../../../Engine/Shaders/Private/ShadowProjectionVertexShader.usf" 2567
"../../../Engine/Shaders/Private/ShadowProjectionPixelShader.usf" 2568
"../../../Engine/Shaders/Private/MobileLightingCommon.ush" 2569
"../../../Engine/Shaders/Private/PlanarReflectionShared.ush" 2570
"../../../Engine/Shaders/Private/MobileSSR.ush" 2571
"../../../Engine/Shaders/Private/SSRT/SSRTRayCast.ush" 2572
"../../../Engine/Shaders/Private/ShadowPercentageCloserFiltering.ush" 2573
"../../../Engine/Shaders/Private/TransmissionThickness.ush" 2574
"../../../Engine/Shaders/Private/CopyShadowMaps.usf" 2575
"../../../Engine/Shaders/Private/ShadowDepthPixelShader.usf" 2576
"../../../Engine/Shaders/Private/ShadowDepthVertexShader.usf" 2577
"../../../Engine/Shaders/Private/ShadingEnergyConservationTable.usf" 2578
"../../../Engine/Shaders/Shared/PathTracingDefinitions.h" 2579
"../../../Engine/Shaders/Private/ShadingFurnaceTest.usf" 2580
"../../../Engine/Shaders/Private/Substrate/SubstrateDeferredLighting.ush" 2581
"../../../Engine/Shaders/Private/ShaderPrintDraw.usf" 2582
"../../../Engine/Shaders/Private/ShaderPrintDrawPrimitive.usf" 2583
"../../../Engine/Shaders/Private/DefaultSSRTiles.usf" 2584
"../../../Engine/Shaders/Private/ScreenSpaceReflectionTileCommons.ush" 2585
"../../../Engine/Shaders/Private/SSRT/SSRTDiffuseIndirect.usf" 2586
"../../../Engine/Shaders/Private/SSRT/SSRTTileClassificationBuffer.ush" 2587
"../../../Engine/Shaders/Private/SSRT/SSRTReflections.usf" 2588
"../../../Engine/Shaders/Private/ScreenSpaceDenoise/SSDPublic.ush" 2589
"../../../Engine/Shaders/Private/SSRT/SSRTTileClassification.usf" 2590
"../../../Engine/Shaders/Private/SSRT/SSRTPrevFrameReduction.usf" 2591
"../../../Engine/Shaders/Private/ScreenSpaceDenoise/SSDComposeHarmonics.usf" 2592
"../../../Engine/Shaders/Private/ScreenSpaceDenoise/SSDPublicHarmonics.ush" 2593
"../../../Engine/Shaders/Private/ScreenSpaceDenoise/SSDSignalFramework.ush" 2594
"../../../Engine/Shaders/Private/ScreenSpaceDenoise/SSDCommon.ush" 2595
"../../../Engine/Shaders/Private/SphericalGaussian.ush" 2596
"../../../Engine/Shaders/Public/WaveBroadcastIntrinsics.ush" 2597
"../../../Engine/Shaders/Private/ScreenSpaceDenoise/SSDMetadata.ush" 2598
"../../../Engine/Shaders/Private/ScreenSpaceDenoise/SSDSignalCore.ush" 2599
"../../../Engine/Shaders/Private/ScreenSpaceDenoise/DenoisingCommon.ush" 2600
"../../../Engine/Shaders/Private/ScreenSpaceDenoise/SSDSignalArray.ush" 2601
"../../../Engine/Shaders/Private/ScreenSpaceDenoise/SSDSignalBufferEncoding.ush" 2602
"../../../Engine/Shaders/Private/ScreenSpaceDenoise/SSDPublicBufferEncoding.ush" 2603
"../../../Engine/Shaders/Private/Lumen/LumenBufferEncoding.ush" 2604
"../../../Engine/Shaders/Private/ScreenSpaceDenoise/SSDTemporalAccumulation.usf" 2605
"../../../Engine/Shaders/Private/ScreenSpaceDenoise/SSDSpatialKernel.ush" 2606
"../../../Engine/Shaders/Private/ScreenSpaceDenoise/SSDSignalAccumulatorArray.ush" 2607
"../../../Engine/Shaders/Private/ScreenSpaceDenoise/SSDSignalAccumulator.ush" 2608
"../../../Engine/Shaders/Private/ScreenSpaceDenoise/SSDSignalCompression.ush" 2609
"../../../Engine/Shaders/Private/ScreenSpaceDenoise/SSDSpatialAccumulation.usf" 2610
"../../../Engine/Shaders/Private/ScreenSpaceDenoise/SSDInjest.usf" 2611
"../../../Engine/Shaders/Private/ScreenSpaceDenoise/SSDCompressMetadata.usf" 2612
"../../../Engine/Shaders/Private/DownsampleDepthPixelShader.usf" 2613
"../../../Engine/Shaders/Private/ScreenPass.usf" 2614
"../../../Engine/Shaders/Private/HZB.usf" 2615
"../../../Engine/Shaders/Private/OcclusionFeedbackShaders.usf" 2616
"../../../Engine/Shaders/Private/HZBOcclusion.usf" 2617
"../../../Engine/Shaders/Private/OcclusionQueryPixelShader.usf" 2618
"../../../Engine/Shaders/Private/OcclusionQueryVertexShader.usf" 2619
"../../../Engine/Shaders/Private/HitProxyCopy.usf" 2620
"../../../Engine/Shaders/Private/HitProxyPixelShader.usf" 2621
"../../../Engine/Shaders/Private/HitProxyVertexShader.usf" 2622
"../../../Engine/Shaders/Private/SceneCulling/SceneCullingDebugRender.usf" 2623
"../../../Engine/Shaders/Private/SceneCulling/SceneCullingBuildExplicitBounds.usf" 2624
"../../../Engine/Shaders/Private/SceneCapturePixelShader.usf" 2625
"../../../Engine/Shaders/Private/RendererUtils.usf" 2626
"../../../Engine/Shaders/Private/RTWriteMaskDecode.usf" 2627
"../../../Engine/Shaders/Private/ReflectionEnvironmentShaders.usf" 2628
"../../../Engine/Shaders/Private/RectLightAtlas.usf" 2629
"../../../Engine/Shaders/Private/RayTracing/TraceRayInlineStatistics.usf" 2630
"../../../Engine/Shaders/Private/RayTracing/CompositeSkyLightPS.usf" 2631
"../../../Engine/Shaders/Private/RayTracing/GenerateSkyLightVisibilityRaysCS.usf" 2632
"../../../Engine/Shaders/Private/RayTracing/RayTracingSkyLightCommon.ush" 2633
"../../../Engine/Shaders/Private/RayTracing/SkyLightVisibilityRaysData.ush" 2634
"../../../Engine/Shaders/Private/Raytracing/RaytracingSkylightRGS.usf" 2635
"../../../Engine/Shaders/Private/HairStrands/HairStrandsRaytracing.ush" 2636
"../../../Engine/Shaders/Private/Raytracing/RayTracingSkyLightEvaluation.ush" 2637
"../../../Engine/Shaders/Private/Raytracing/RayTracingDeferredShadingCommon.ush" 2638
"../../../Engine/Shaders/Private/RayTracing/RayTracingOcclusionRGS.usf" 2639
"../../../Engine/Shaders/Private/RayTracing/RayTracingDirectionalLight.ush" 2640
"../../../Engine/Shaders/Private/RayTracing/RayTracingRectLight.ush" 2641
"../../../Engine/Shaders/Private/RayTracing/RayTracingSphereLight.ush" 2642
"../../../Engine/Shaders/Private/RayTracing/RayTracingCapsuleLight.ush" 2643
"../../../Engine/Shaders/Private/Raytracing/RayTracingFeedback.usf" 2644
"../../../Engine/Shaders/Shared/RayTracingDebugTypes.h" 2645
"../../../Engine/Shaders/Private/RayTracing/RayTracingPrimaryRays.usf" 2646
"../../../Engine/Shaders/Private/RayTracing/RayTracingLightingCommon.ush" 2647
"../../../Engine/Shaders/Private/RayTracing/RayTracingLightCullingCommon.ush" 2648
"../../../Engine/Shaders/Private/RayTracing/RayTracingMaterialDefaultHitShaders.usf" 2649
"../../../Engine/Shaders/Private/RayTracing/RayTracingMaterialHitShaders.usf" 2650
"../../../Engine/Shaders/Private/RayTracing/RayTracingShaderUtils.ush" 2651
"../../../Engine/Shaders/Private/RayTracing/RayTracingCalcInterpolants.ush" 2652
"../../../Engine/Shaders/Private/LightmapCommon.ush" 2653
"../../../Engine/Shaders/Private/Lumen/LumenHardwareRayTracingPayloadCommon.ush" 2654
"../../../Engine/Shaders/Shared/LumenDefinitions.h" 2655
"../../../Engine/Shaders/Private/Substrate/SubstrateExport.ush" 2656
"../../../Engine/Shaders/Private/RayTracing/RayTracingLightingMS.usf" 2657
"../../../Engine/Shaders/Private/Lumen/LumenDiffuseColorBoost.ush" 2658
"../../../Engine/Shaders/Private/RayTracing/RayTracingLightFunctionCommon.ush" 2659
"../../../Engine/Shaders/Private/RayTracing/RayTracingBuildLightGrid.usf" 2660
"../../../Engine/Shaders/Private/Raytracing/RayTracingInstanceBufferUtil.usf" 2661
"../../../Engine/Shaders/Private/RayTracing/RayTracingDynamicMesh.usf" 2662
"../../../Engine/Shaders/Private/RayTracing/RayTracingDefaultDecalHitShader.usf" 2663
"../../../Engine/Shaders/Private/RayTracing/RayTracingDecalMaterialShader.usf" 2664
"../../../Engine/Shaders/Private/PathTracing/PathTracingShaderUtils.ush" 2665
"../../../Engine/Shaders/Private/PathTracing/PathTracingCommon.ush" 2666
"../../../Engine/Shaders/Private/PathTracing/Material/PathTracingMaterialCommon.ush" 2667
"../../../Engine/Shaders/Private/PathTracing/Utilities/PathTracingRIS.ush" 2668
"../../../Engine/Shaders/Private/RayTracing/RayTracingBuildDecalGrid.usf" 2669
"../../../Engine/Shaders/Private/RayTracing/RayTracingDebugHitStatsUtils.usf" 2670
"../../../Engine/Shaders/Private/RayTracing/RayTracingDebugInstanceOverlap.usf" 2671
"../../../Engine/Shaders/Private/RayTracing/RayTracingDebugPicking.usf" 2672
"../../../Engine/Shaders/Private/RayTracing/RayTracingDebugUtils.ush" 2673
"../../../Engine/Shaders/Private/RayTracing/RayTracingDebugTraversal.usf" 2674
"../../../Engine/Shaders/Private/RayTracing/RayTracingDeferredMaterials.ush" 2675
"../../../Engine/Shaders/Shared/ThirdParty/AMD/ags_shader_intrinsics_dx12.h" 2676
"../../../Engine/Shaders/Shared/RayTracingDebugDefinitions.h" 2677
"../../../Engine/Shaders/Private/RayTracing/RayTracingDebugHitStatsCHS.usf" 2678
"../../../Engine/Shaders/Private/RayTracing/RayTracingDebugHitStats.usf" 2679
"../../../Engine/Shaders/Private/RayTracing/RayTracingDebugMS.usf" 2680
"../../../Engine/Shaders/Private/RayTracing/RayTracingDebugCHS.usf" 2681
"../../../Engine/Shaders/Private/RayTracing/RayTracingDebug.usf" 2682
"../../../Engine/Shaders/Private/RayTracing/RayTracingBuiltInShaders.usf" 2683
"../../../Engine/Shaders/Private/RayTracing/RayTracingBarycentrics.usf" 2684
"../../../Engine/Shaders/Private/RayTracing/RayTracingAmbientOcclusionRGS.usf" 2685
"../../../Engine/Shaders/Private/VisualizeShadingModels.usf" 2686
"../../../Engine/Shaders/Private/MotionBlur/VisualizeMotionVectors.usf" 2687
"../../../Engine/Shaders/Private/TemporalSuperResolution/TSRVisualize.usf" 2688
"../../../Engine/Shaders/Private/TemporalSuperResolution/TSRColorSpace.ush" 2689
"../../../Engine/Shaders/Private/TemporalSuperResolution/TSRCommon.ush" 2690
"../../../Engine/Shaders/Public/DualPixelVectorization.ush" 2691
"../../../Engine/Shaders/Private/TemporalSuperResolution/TSRReprojectionField.ush" 2692
"../../../Engine/Shaders/Private/TemporalSuperResolution/TSRResolveHistory.usf" 2693
"../../../Engine/Shaders/Private/TemporalSuperResolution/TSRConvolutionNetwork.ush" 2694
"../../../Engine/Shaders/Private/TemporalSuperResolution/TSRKernels.ush" 2695
"../../../Engine/Shaders/Public/LaneVectorization.ush" 2696
"../../../Engine/Shaders/Private/TemporalSuperResolution/TSRUpdateHistory.usf" 2697
"../../../Engine/Shaders/Private/TemporalSuperResolution/TSRSpatialAntiAliasing.ush" 2698
"../../../Engine/Shaders/Private/TemporalSuperResolution/TSRSpatialAntiAliasing.usf" 2699
"../../../Engine/Shaders/Private/TemporalSuperResolution/TSRRejectShading.usf" 2700
"../../../Engine/Shaders/Private/TemporalSuperResolution/TSRShadingAnalysis.ush" 2701
"../../../Engine/Shaders/Private/TemporalSuperResolution/TSRConvolutionNetworkPass.ush" 2702
"../../../Engine/Shaders/Private/TemporalSuperResolution/TSRDecimateHistory.usf" 2703
"../../../Engine/Shaders/Private/TemporalSuperResolution/TSRDepthVelocityAnalysis.ush" 2704
"../../../Engine/Shaders/Private/TemporalSuperResolution/TSRClosestOccluder.ush" 2705
"../../../Engine/Shaders/Private/TemporalSuperResolution/TSRWeightRelaxation.usf" 2706
"../../../Engine/Shaders/Private/TemporalSuperResolution/TSRThinGeometryCommon.ush" 2707
"../../../Engine/Shaders/Private/TemporalSuperResolution/TSRDetectThinGeometry.usf" 2708
"../../../Engine/Shaders/Private/TemporalSuperResolution/TSRDilateVelocity.usf" 2709
"../../../Engine/Shaders/Private/MotionBlur/MotionBlurVelocityFlatten.ush" 2710
"../../../Engine/Shaders/Private/MotionBlur/MotionBlurCommon.ush" 2711
"../../../Engine/Shaders/Private/TemporalSuperResolution/TSRClearPrevTextures.usf" 2712
"../../../Engine/Shaders/Private/TemporalSuperResolution/TSRMeasureCoverage.usf" 2713
"../../../Engine/Shaders/Private/TemporalSuperResolution/TSRMeasureFlickeringLuma.usf" 2714
"../../../Engine/Shaders/Private/TemporalAA.usf" 2715
"../../../Engine/Shaders/Private/SMAA/SMAADebugVisualization.usf" 2716
"../../../Engine/Shaders/Private/SMAA/SMAACommon.ush" 2717
"../../../Engine/Shaders/Private/SMAA/SMAA.ush" 2718
"../../../Engine/Shaders/Private/SMAA/SMAANeighborhoodBlendingShader.usf" 2719
"../../../Engine/Shaders/Private/SMAA/SMAABlendingWeightCalculationShader.usf" 2720
"../../../Engine/Shaders/Private/SMAA/SMAAEdgeDetectionShader.usf" 2721
"../../../Engine/Shaders/Private/FilterPixelShader.usf" 2722
"../../../Engine/Shaders/Private/FilterVertexShader.usf" 2723
"../../../Engine/Shaders/Private/VisualizeVirtualTexture.usf" 2724
"../../../Engine/Shaders/Private/PostProcessVisualizeBuffer.usf" 2725
"../../../Engine/Shaders/Private/PostProcessVisualizeLocalExposure.usf" 2726
"../../../Engine/Shaders/Private/PostProcessHistogramCommon.ush" 2727
"../../../Engine/Shaders/Private/TonemapCommon.ush" 2728
"../../../Engine/Shaders/Private/ACES/ACESCommon.ush" 2729
"../../../Engine/Shaders/Private/ACES/ACESOutputTransform.ush" 2730
"../../../Engine/Shaders/Private/ACES/ACESUtilities.ush" 2731
"../../../Engine/Shaders/Private/ACES/ACESTonescale.ush" 2732
"../../../Engine/Shaders/Private/ACES/ACESDisplayEncoding.ush" 2733
"../../../Engine/Shaders/Private/ACES/ACES_v1.3.ush" 2734
"../../../Engine/Shaders/Private/PostProcessVisualizeLevelInstance.usf" 2735
"../../../Engine/Shaders/Private/PostProcessVisualizeHDR.usf" 2736
"../../../Engine/Shaders/Private/ShaderComplexityApplyPixelShader.usf" 2737
"../../../Engine/Shaders/Private/QuadOverdraw.ush" 2738
"../../../Engine/Shaders/Private/PostProcessUpscale.usf" 2739
"../../../Engine/Shaders/Private/PostProcessTonemap.usf" 2740
"../../../Engine/Shaders/Private/PostProcessing/FilmGrainPackConstants.usf" 2741
"../../../Engine/Shaders/Private/PostProcessing/FilmGrainReduce.usf" 2742
"../../../Engine/Shaders/Private/PostProcessTestImage.usf" 2743
"../../../Engine/Shaders/Private/PostProcessSubsurface.usf" 2744
"../../../Engine/Shaders/Private/SeparableSSS.ush" 2745
"../../../Engine/Shaders/Private/SubsurfaceBurleyNormalized.ush" 2746
"../../../Engine/Shaders/Private/PostProcessSelectionOutline.usf" 2747
"../../../Engine/Shaders/Private/MotionBlur/MotionBlurVisualize.usf" 2748
"../../../Engine/Shaders/Private/MotionBlur/MotionBlurApply.usf" 2749
"../../../Engine/Shaders/Private/MotionBlur/MotionBlurFilterTileClassify.usf" 2750
"../../../Engine/Shaders/Private/MotionBlur/MotionBlurTileScatter.usf" 2751
"../../../Engine/Shaders/Private/MotionBlur/MotionBlurTileGather.usf" 2752
"../../../Engine/Shaders/Private/MotionBlur/MotionBlurVelocityFlatten.usf" 2753
"../../../Engine/Shaders/Private/PostProcessMobile.usf" 2754
"../../../Engine/Shaders/Private/PostProcessMitchellNetravali.usf" 2755
"../../../Engine/Shaders/Private/PostProcessMaterialShaders.usf" 2756
"../../../Engine/Shaders/Private/NeuralPostProcessCommon.usf" 2757
"../../../Engine/Shaders/Private/PostProcessLocalExposure.usf" 2758
"../../../Engine/Shaders/Private/PostProcessLensFlares.usf" 2759
"../../../Engine/Shaders/Private/PostProcessGBufferHints.usf" 2760
"../../../Engine/Shaders/Private/PostProcessHMD.usf" 2761
"../../../Engine/Shaders/Private/Histogram.usf" 2762
"../../../Engine/Shaders/Private/PostProcessExposureMaterial.ush" 2763
"../../../Engine/Shaders/Private/PostProcessHistogramReduce.usf" 2764
"../../../Engine/Shaders/Private/PostProcessHistogram.usf" 2765
"../../../Engine/Shaders/Private/Bloom/BloomFinalizeApplyConstants.usf" 2766
"../../../Engine/Shaders/Private/Bloom/BloomCommon.ush" 2767
"../../../Engine/Shaders/Private/Bloom/BloomResizeKernel.usf" 2768
"../../../Engine/Shaders/Private/Bloom/BloomDownsampleKernel.usf" 2769
"../../../Engine/Shaders/Private/Bloom/BloomClampKernel.usf" 2770
"../../../Engine/Shaders/Private/Bloom/BloomPackKernelConstants.usf" 2771
"../../../Engine/Shaders/Private/Bloom/BloomSumScatterDispersionEnergy.usf" 2772
"../../../Engine/Shaders/Private/Bloom/BloomReduceKernelSurvey.usf" 2773
"../../../Engine/Shaders/Private/Bloom/BloomSurveyKernelCenterEnergy.usf" 2774
"../../../Engine/Shaders/Private/Bloom/BloomSurveyMaxScatterDispersion.usf" 2775
"../../../Engine/Shaders/Private/Bloom/BloomFindKernelCenter.usf" 2776
"../../../Engine/Shaders/Private/PostProcessEyeAdaptation.usf" 2777
"../../../Engine/Shaders/Private/PostProcessEyeAdaptationUtils.usf" 2778
"../../../Engine/Shaders/Private/PostProcessDownsample.usf" 2779
"../../../Engine/Shaders/Private/PostProcessDOF.usf" 2780
"../../../Engine/Shaders/Private/PostProcessDeviceEncodingOnly.usf" 2781
"../../../Engine/Shaders/Private/PostProcessCompositePrimitives.usf" 2782
"../../../Engine/Shaders/Private/PostProcessCombineLUTs.usf" 2783
"../../../Engine/Shaders/Private/PostProcessVisualizeDOF.usf" 2784
"../../../Engine/Shaders/Private/PostProcessBloom.usf" 2785
"../../../Engine/Shaders/Private/PostProcessAmbientOcclusionMobile.usf" 2786
"../../../Engine/Shaders/Private/PostProcessAmbientOcclusionCommon.ush" 2787
"../../../Engine/Shaders/Private/FXAAShader.usf" 2788
"../../../Engine/Shaders/Private/Fxaa3_11.ush" 2789
"../../../Engine/Shaders/Private/PaniniProjection.usf" 2790
"../../../Engine/Shaders/Private/DiaphragmDOF/DOFRecombine.usf" 2791
"../../../Engine/Shaders/Private/DiaphragmDOF/DOFHybridScatterPixelShader.usf" 2792
"../../../Engine/Shaders/Private/DiaphragmDOF/DOFHybridScatterCommon.ush" 2793
"../../../Engine/Shaders/Private/DiaphragmDOF/DOFVignetteCommon.ush" 2794
"../../../Engine/Shaders/Private/DiaphragmDOF/DOFHybridScatterVertexShader.usf" 2795
"../../../Engine/Shaders/Private/DiaphragmDOF/DOFPostfiltering.usf" 2796
"../../../Engine/Shaders/Private/DiaphragmDOF/DOFGatherTileSuggest.ush" 2797
"../../../Engine/Shaders/Private/DiaphragmDOF/DOFCocTileCommon.ush" 2798
"../../../Engine/Shaders/Private/DiaphragmDOF/DOFGatherPass.usf" 2799
"../../../Engine/Shaders/Private/DiaphragmDOF/DOFGatherCommon.ush" 2800
"../../../Engine/Shaders/Private/DiaphragmDOF/DOFGatherAccumulator.ush" 2801
"../../../Engine/Shaders/Private/DiaphragmDOF/DOFGatherKernel.ush" 2802
"../../../Engine/Shaders/Private/DiaphragmDOF/DOFBokehLUT.usf" 2803
"../../../Engine/Shaders/Private/DiaphragmDOF/DOFHybridScatterCompilation.usf" 2804
"../../../Engine/Shaders/Private/DiaphragmDOF/DOFReduce.usf" 2805
"../../../Engine/Shaders/Private/DiaphragmDOF/DOFDownsample.ush" 2806
"../../../Engine/Shaders/Private/DiaphragmDOF/DOFHybridScatterCompilation.ush" 2807
"../../../Engine/Shaders/Private/DiaphragmDOF/DOFDownsample.usf" 2808
"../../../Engine/Shaders/Private/DiaphragmDOF/DOFCocTileDilate.usf" 2809
"../../../Engine/Shaders/Private/DiaphragmDOF/DOFCocTileFlatten.usf" 2810
"../../../Engine/Shaders/Private/DiaphragmDOF/DOFSetup.usf" 2811
"../../../Engine/Shaders/Private/Tools/DebugAlphaChannel.usf" 2812
"../../../Engine/Shaders/Private/PostProcessAlphaInvert.usf" 2813
"../../../Engine/Shaders/Private/PlanarReflectionShaders.usf" 2814
"../../../Engine/Shaders/Private/PhysicsFieldVisualizer.usf" 2815
"../../../Engine/Shaders/Private/PathTracing/PathTracingSpatialTemporalDenoising.usf" 2816
"../../../Engine/Shaders/Private/ColorDifference.ush" 2817
"../../../Engine/Shaders/Private/PathTracing/PathTracingCompositingPixelShader.usf" 2818
"../../../Engine/Shaders/Private/PathTracing/PathTracingAdaptiveUtils.ush" 2819
"../../../Engine/Shaders/Private/PathTracing/PathTracingDefaultHitShader.usf" 2820
"../../../Engine/Shaders/Private/PathTracing/PathTracingGPULightmassMaterialHitShader.usf" 2821
"../../../Engine/Shaders/Private/PathTracing/PathTracingMaterialHitShader.usf" 2822
"../../../Engine/Shaders/Private/PathTracing/Material/PathTracingSubstrateCommon.ush" 2823
"../../../Engine/Shaders/Private/PathTracing/PathTracingLightingMissShader.usf" 2824
"../../../Engine/Shaders/Private/PathTracing/PathTracingMissShader.usf" 2825
"../../../Engine/Shaders/Private/PathTracing/PathTracingAdaptiveStart.usf" 2826
"../../../Engine/Shaders/Private/PathTracing/PathTracingBuildAdaptiveError.usf" 2827
"../../../Engine/Shaders/Private/PathTracing/PathTracingVolumetricCloudMaterialShader.usf" 2828
"../../../Engine/Shaders/Private/PathTracing/Volume/PathTracingCloudsMaterialCommon.ush" 2829
"../../../Engine/Shaders/Private/PathTracing/Volume/PathTracingVolumeCommon.ush" 2830
"../../../Engine/Shaders/Private/PathTracing/Volume/PathTracingCloudsCommon.ush" 2831
"../../../Engine/Shaders/Private/PathTracing/Volume/PathTracingFog.ush" 2832
"../../../Engine/Shaders/Private/PathTracing/Volume/PathTracingAtmosphere.ush" 2833
"../../../Engine/Shaders/Private/PathTracing/Volume/PathTracingAtmosphereCommon.ush" 2834
"../../../Engine/Shaders/Private/PathTracing/Volume/PathTracingVolumeSampling.ush" 2835
"../../../Engine/Shaders/Private/PathTracing/PathTracingBuildCloudAccelerationMap.usf" 2836
"../../../Engine/Shaders/Private/PathTracing/PathTracingBuildAtmosphereLUT.usf" 2837
"../../../Engine/Shaders/Private/PathTracing/PathTracingSwizzleScanlines.usf" 2838
"../../../Engine/Shaders/Private/PathTracing/PathTracingInitExtinctionCoefficient.usf" 2839
"../../../Engine/Shaders/Private/PathTracing/PathTracingCopyDepth.usf" 2840
"../../../Engine/Shaders/Private/PathTracing/PathTracingDebug.usf" 2841
"../../../Engine/Shaders/Private/RayTracing/RayTracingDecalGrid.ush" 2842
"../../../Engine/Shaders/Private/PathTracing/Material/PathTracingMaterialSampling.ush" 2843
"../../../Engine/Shaders/Private/PathTracing/Material/PathTracingLambert.ush" 2844
"../../../Engine/Shaders/Private/PathTracing/Material/PathTracingSubstrate.ush" 2845
"../../../Engine/Shaders/Private/PathTracing/Material/PathTracingSubstrateFoliage.ush" 2846
"../../../Engine/Shaders/Private/PathTracing/Material/PathTracingSubstrateSolidGlass.ush" 2847
"../../../Engine/Shaders/Private/PathTracing/Material/PathTracingSubstrateThinGlass.ush" 2848
"../../../Engine/Shaders/Private/PathTracing/Material/PathTracingSolidGlass.ush" 2849
"../../../Engine/Shaders/Private/PathTracing/Material/PathTracingEnergyConservation.ush" 2850
"../../../Engine/Shaders/Private/PathTracing/Material/PathTracingThinGlass.ush" 2851
"../../../Engine/Shaders/Private/PathTracing/Material/PathTracingDefaultLit.ush" 2852
"../../../Engine/Shaders/Private/PathTracing/Material/PathTracingClearCoat.ush" 2853
"../../../Engine/Shaders/Private/PathTracing/Material/PathTracingTwoSidedFoliage.ush" 2854
"../../../Engine/Shaders/Private/PathTracing/Material/PathTracingCloth.ush" 2855
"../../../Engine/Shaders/Private/PathTracing/Material/PathTracingSubsurfaceProfile.ush" 2856
"../../../Engine/Shaders/Private/PathTracing/Material/PathTracingEye.ush" 2857
"../../../Engine/Shaders/Private/PathTracing/Material/PathTracingHair.ush" 2858
"../../../Engine/Shaders/Private/PathTracing/Material/PathTracingMedium.ush" 2859
"../../../Engine/Shaders/Private/PathTracing/Light/PathTracingLightSampling.ush" 2860
"../../../Engine/Shaders/Private/PathTracing/Light/PathTracingLightCommon.ush" 2861
"../../../Engine/Shaders/Private/PathTracing/Light/PathTracingDirectionalLight.ush" 2862
"../../../Engine/Shaders/Private/PathTracing/Light/PathTracingPointLight.ush" 2863
"../../../Engine/Shaders/Private/PathTracing/Light/PathTracingCapsuleLight.ush" 2864
"../../../Engine/Shaders/Private/PathTracing/Light/PathTracingRectLight.ush" 2865
"../../../Engine/Shaders/Private/PathTracing/Light/PathTracingSkyLight.ush" 2866
"../../../Engine/Shaders/Private/PathTracing/Light/PathTracingLightGrid.ush" 2867
"../../../Engine/Shaders/Private/PathTracing/PathTracing.usf" 2868
"../../../Engine/Shaders/Private/PathTracing/PathTracingCore.ush" 2869
"../../../Engine/Shaders/Private/HeterogeneousVolumes/HeterogeneousVolumesVoxelGridTypes.ush" 2870
"../../../Engine/Shaders/Private/PathTracing/Volume/PathTracingVolume.ush" 2871
"../../../Engine/Shaders/Private/PathTracing/Volume/PathTracingClouds.ush" 2872
"../../../Engine/Shaders/Private/PathTracing/Volume/PathTracingHeterogeneousVolumes.ush" 2873
"../../../Engine/Shaders/Private/HeterogeneousVolumes/HeterogeneousVolumesTracingUtils.ush" 2874
"../../../Engine/Shaders/Private/HeterogeneousVolumes/HeterogeneousVolumesVoxelGridTraversal.ush" 2875
"../../../Engine/Shaders/Private/HeterogeneousVolumes/HeterogeneousVolumesVoxelGridUtils.ush" 2876
"../../../Engine/Shaders/Private/HeterogeneousVolumes/HeterogeneousVolumesFrustumVoxelGridUtils.ush" 2877
"../../../Engine/Shaders/Private/PathTracing/PathTracingBuildLightGrid.usf" 2878
"../../../Engine/Shaders/Private/PathTracing/PathTracingSkylightMISCompensation.usf" 2879
"../../../Engine/Shaders/Private/PathTracing/PathTracingSkylightPrepare.usf" 2880
"../../../Engine/Shaders/Private/OIT/OITSorting.usf" 2881
"../../../Engine/Shaders/Private/OITCombine.usf" 2882
"../../../Engine/Shaders/Private/OITCommon.ush" 2883
"../../../Engine/Shaders/Private/Nanite/Voxel/RasterizeBricks.usf" 2884
"../../../Engine/Shaders/Private/Nanite/Voxel/Brick.ush" 2885
"../../../Engine/Shaders/Private/Nanite/Voxel/Voxel.ush" 2886
"../../../Engine/Shaders/Private/Nanite/Voxel/ScatterBricks.usf" 2887
"../../../Engine/Shaders/Private/Nanite/Voxel/TileBricks.usf" 2888
"../../../Engine/Shaders/Private/Nanite/Voxel/AutoVoxel.usf" 2889
"../../../Engine/Shaders/Private/Nanite/NaniteDebugViews.usf" 2890
"../../../Engine/Shaders/Private/Nanite/NaniteEditorCommon.ush" 2891
"../../../Engine/Shaders/Private/BinarySearch.ush" 2892
"../../../Engine/Shaders/Private/Nanite/NaniteDepthDecode.usf" 2893
"../../../Engine/Shaders/Private/HTileEncoding.ush" 2894
"../../../Engine/Shaders/Private/Nanite/NaniteVisualize.usf" 2895
"../../../Engine/Shaders/Private/Nanite/NaniteStreamOut.usf" 2896
"../../../Engine/Shaders/Private/Nanite/NaniteHierarchyTraversal.ush" 2897
"../../../Engine/Shaders/Private/Nanite/NaniteShadeBinning.usf" 2898
"../../../Engine/Shaders/Private/Nanite/NaniteShadeCommon.ush" 2899
"../../../Engine/Shaders/Private/Nanite/NaniteFastClear.usf" 2900
"../../../Engine/Shaders/Private/Nanite/NaniteRayTracing.usf" 2901
"../../../Engine/Shaders/Private/Nanite/NaniteExportGBuffer.usf" 2902
"../../../Engine/Shaders/Private/Nanite/NaniteClusterCulling.usf" 2903
"../../../Engine/Shaders/Private/Nanite/NanitePrintStats.usf" 2904
"../../../Engine/Shaders/Private/Nanite/NaniteRasterizer.usf" 2905
"../../../Engine/Shaders/Private/Nanite/NaniteRasterizationCommon.ush" 2906
"../../../Engine/Shaders/Private/Nanite/NaniteRasterizer.ush" 2907
"../../../Engine/Shaders/Private/Nanite/NaniteWritePixel.ush" 2908
"../../../Engine/Shaders/Private/Nanite/NaniteTessellation.ush" 2909
"../../../Engine/Shaders/Private/WorkDistribution.ush" 2910
"../../../Engine/Shaders/Private/Nanite/NaniteDice.ush" 2911
"../../../Engine/Shaders/Private/ShaderBundleWorkGraphCommon.ush" 2912
"../../../Engine/Shaders/Public/RootConstants.ush" 2913
"../../../Engine/Shaders/Public/Platform/D3D/D3DRootConstants.ush" 2914
"../../../Engine/Shaders/Private/Nanite/NaniteSplit.usf" 2915
"../../../Engine/Shaders/Private/Nanite/NaniteRasterBinning.usf" 2916
"../../../Engine/Shaders/Private/Nanite/NaniteInstanceCulling.usf" 2917
"../../../Engine/Shaders/Private/Nanite/NaniteImposter.ush" 2918
"../../../Engine/Shaders/Private/Nanite/NaniteInstanceHierarchyCulling.usf" 2919
"../../../Engine/Shaders/Private/WorkGroupLoadBalancer.ush" 2920
"../../../Engine/Shaders/Private/Nanite/NanitePrimitiveFilter.usf" 2921
"../../../Engine/Shaders/Private/Nanite/NaniteRasterClear.usf" 2922
"../../../Engine/Shaders/Private/Nanite/NaniteDepthExport.usf" 2923
"../../../Engine/Shaders/Private/Nanite/NaniteEmitShadow.usf" 2924
"../../../Engine/Shaders/Private/MobileDeferredUtils.usf" 2925
"../../../Engine/Shaders/Private/MobileLocalLightsBuffer.usf" 2926
"../../../Engine/Shaders/Private/MobileFog.usf" 2927
"../../../Engine/Shaders/Private/DistortApplyScreenPS.usf" 2928
"../../../Engine/Shaders/Private/MobileDeferredShading.usf" 2929
"../../../Engine/Shaders/Private/MobileBasePassPixelShader.usf" 2930
"../../../Engine/Shaders/Private/MobileBasePassCommon.ush" 2931
"../../../Engine/Shaders/Private/BasePassCommon.ush" 2932
"../../../Engine/Shaders/Private/ShadingModelsMaterial.ush" 2933
"../../../Engine/Shaders/Private/ThinTranslucentCommon.ush" 2934
"../../../Engine/Shaders/Private/SingleLayerWaterShading.ush" 2935
"../../../Engine/Shaders/Private/DistortionCommon.ush" 2936
"../../../Engine/Shaders/Private/Substrate/SubstrateMobileForwardLighting.ush" 2937
"../../../Engine/Shaders/Private/MobileBasePassVertexShader.usf" 2938
"../../../Engine/Shaders/Private/MeshEdges.usf" 2939
"../../../Engine/Shaders/Private/MegaLights/MegaLightsSampling.usf" 2940
"../../../Engine/Shaders/Shared/MegaLightsDefinitions.h" 2941
"../../../Engine/Shaders/Private/MegaLights/MegaLightsShading.ush" 2942
"../../../Engine/Shaders/Private/MegaLights/MegaLights.ush" 2943
"../../../Engine/Shaders/Private/MegaLights/MegaLightsMaterial.ush" 2944
"../../../Engine/Shaders/Private/MegaLights/MegaLightsRayTracing.ush" 2945
"../../../Engine/Shaders/Private/MegaLights/MegaLightsSampling.ush" 2946
"../../../Engine/Shaders/Private/MegaLights/MegaLightsVolumeSampling.usf" 2947
"../../../Engine/Shaders/Private/MegaLights/MegaLightsVolume.ush" 2948
"../../../Engine/Shaders/Private/MegaLights/MegaLights.usf" 2949
"../../../Engine/Shaders/Private/HairStrands/HairStrandsScreenTracing.ush" 2950
"../../../Engine/Shaders/Private/MegaLights/MegaLightsFilterVisibleLightHash.usf" 2951
"../../../Engine/Shaders/Private/MegaLights/MegaLightsShading.usf" 2952
"../../../Engine/Shaders/Private/Lumen/LumenReflectionDenoiserCommon.ush" 2953
"../../../Engine/Shaders/Private/MegaLights/MegaLightsVisibleLightHash.usf" 2954
"../../../Engine/Shaders/Private/MegaLights/MegaLightsVolumeShading.usf" 2955
"../../../Engine/Shaders/Private/MegaLights/MegaLightsVSMMarking.usf" 2956
"../../../Engine/Shaders/Private/MegaLights/MegaLightsVSMTracing.usf" 2957
"../../../Engine/Shaders/Private/MegaLights/MegaLightsRayTracing.usf" 2958
"../../../Engine/Shaders/Private/DistanceField/GlobalDistanceFieldUtils.ush" 2959
"../../../Engine/Shaders/Private/Lumen/LumenScreenTracing.ush" 2960
"../../../Engine/Shaders/Private/MegaLights/MegaLightsVolumeRayTracing.usf" 2961
"../../../Engine/Shaders/Private/MegaLights/MegaLightsVolumeHardwareRayTracing.usf" 2962
"../../../Engine/Shaders/Private/Lumen/LumenHardwareRayTracingCommon.ush" 2963
"../../../Engine/Shaders/Private/RayTracing/RayTracingReflectionEnvironment.ush" 2964
"../../../Engine/Shaders/Private/Lumen/LumenHardwareRayTracingPlatformCommon.ush" 2965
"../../../Engine/Shaders/Private/Lumen/LumenTracingCommon.ush" 2966
"../../../Engine/Shaders/Private/Lumen/SurfaceCache/LumenSurfaceCacheSampling.ush" 2967
"../../../Engine/Shaders/Private/Lumen/SurfaceCache/LumenSurfaceCache.ush" 2968
"../../../Engine/Shaders/Private/Lumen/LumenCardCommon.ush" 2969
"../../../Engine/Shaders/Private/Lumen/LumenCardTileShadowDownsampleFactor.ush" 2970
"../../../Engine/Shaders/Private/MegaLights/MegaLightsHardwareRayTracing.usf" 2971
"../../../Engine/Shaders/Private/MegaLights/MegaLightsDebug.usf" 2972
"../../../Engine/Shaders/Private/MegaLights/MegaLightsDenoiserSpatial.usf" 2973
"../../../Engine/Shaders/Private/MegaLights/MegaLightsDenoiserTemporal.usf" 2974
"../../../Engine/Shaders/Private/MaterialCache/MaterialCacheABufferPages.usf" 2975
"../../../Engine/Shaders/Private/MaterialCache/MaterialCacheShade.usf" 2976
"../../../Engine/Shaders/Private/MaterialCache/MaterialCacheShadeCommon.ush" 2977
"../../../Engine/Shaders/Private/MaterialCache/MaterialCacheUnwrapNaniteShade.usf" 2978
"../../../Engine/Shaders/Private/MaterialCache/MaterialCacheUnwrapPixelShader.usf" 2979
"../../../Engine/Shaders/Private/MaterialCache/MaterialCacheUnwrapVertexShader.usf" 2980
"../../../Engine/Shaders/Private/Lumen/LumenVisualizeRadianceCache.usf" 2981
"../../../Engine/Shaders/Private/Lumen/LumenRadianceCacheCommon.ush" 2982
"../../../Engine/Shaders/Private/Lumen/LumenVisualizeHardwareRayTracing.usf" 2983
"../../../Engine/Shaders/Private/Lumen/LumenVisualize.ush" 2984
"../../../Engine/Shaders/Private/Lumen/LumenHairTracing.ush" 2985
"../../../Engine/Shaders/Private/Lumen/LumenVisualize.usf" 2986
"../../../Engine/Shaders/Private/Lumen/LumenSoftwareRayTracing.ush" 2987
"../../../Engine/Shaders/Private/DistanceField/GlobalDistanceFieldObjectGrid.ush" 2988
"../../../Engine/Shaders/Private/DistanceFieldLightingShared.ush" 2989
"../../../Engine/Shaders/Private/Lumen/LumenVisualizeTraces.ush" 2990
"../../../Engine/Shaders/Private/Lumen/LumenTranslucencyVolumeLighting.usf" 2991
"../../../Engine/Shaders/Private/Lumen/LumenRadianceCacheMarkCommon.ush" 2992
"../../../Engine/Shaders/Private/Lumen/LumenTranslucencyVolumeLightingShared.ush" 2993
"../../../Engine/Shaders/Private/Lumen/LumenScreenProbeCommon.ush" 2994
"../../../Engine/Shaders/Private/RayTracing/RayGenUtils.ush" 2995
"../../../Engine/Shaders/Private/Lumen/LumenRadianceCacheTracingCommon.ush" 2996
"../../../Engine/Shaders/Private/Lumen/LumenTranslucencyVolumeHardwareRayTracing.usf" 2997
"../../../Engine/Shaders/Private/Lumen/LumenTranslucencyRadianceCacheMarkShaders.usf" 2998
"../../../Engine/Shaders/Private/Lumen/SurfaceCache/LumenSurfaceCache.usf" 2999
"../../../Engine/Shaders/Private/Lumen/LumenVirtualTextureCommon.ush" 3000
"../../../Engine/Shaders/Private/Lumen/LumenShortRangeAOHardwareRayTracing.usf" 3001
"../../../Engine/Shaders/Private/Lumen/LumenScreenSpaceBentNormal.ush" 3002
"../../../Engine/Shaders/Private/Lumen/LumenScreenSpaceBentNormal.usf" 3003
"../../../Engine/Shaders/Private/Lumen/LumenScreenProbeTracing.usf" 3004
"../../../Engine/Shaders/Private/Lumen/LumenScreenProbeTracingCommon.ush" 3005
"../../../Engine/Shaders/Private/Lumen/LumenFloatQuantization.ush" 3006
"../../../Engine/Shaders/Private/Lumen/LumenScreenProbeImportanceSampling.usf" 3007
"../../../Engine/Shaders/Private/Lumen/LumenScreenProbeImportanceSamplingShared.ush" 3008
"../../../Engine/Shaders/Private/Lumen/LumenScreenProbeHardwareRayTracing.usf" 3009
"../../../Engine/Shaders/Private/Lumen/LumenScreenProbeDebug.usf" 3010
"../../../Engine/Shaders/Private/Lumen/LumenScreenProbeGather.usf" 3011
"../../../Engine/Shaders/Private/Lumen/LumenScreenProbeGatherTemporal.usf" 3012
"../../../Engine/Shaders/Private/Lumen/LumenScreenProbeFiltering.usf" 3013
"../../../Engine/Shaders/Private/Lumen/LumenSceneLighting.usf" 3014
"../../../Engine/Shaders/Private/Lumen/LumenCardTile.ush" 3015
"../../../Engine/Shaders/Private/Lumen/LumenSceneLighting.ush" 3016
"../../../Engine/Shaders/Private/Lumen/Radiosity/LumenRadiosity.ush" 3017
"../../../Engine/Shaders/Private/Lumen/LumenSceneLightingDebug.usf" 3018
"../../../Engine/Shaders/Private/Lumen/LumenScene.usf" 3019
"../../../Engine/Shaders/Private/Lumen/LumenSceneDirectLightingHardwareRayTracing.usf" 3020
"../../../Engine/Shaders/Private/Lumen/LumenSceneDirectLightingStochastic.ush" 3021
"../../../Engine/Shaders/Private/Lumen/LumenSceneDirectLighting.ush" 3022
"../../../Engine/Shaders/Private/Lumen/LumenSceneDebugHardwareRayTracing.usf" 3023
"../../../Engine/Shaders/Private/Lumen/LumenSceneDirectLightingStochastic.usf" 3024
"../../../Engine/Shaders/Private/Lumen/LumenSceneDirectLightingSoftwareRayTracing.usf" 3025
"../../../Engine/Shaders/Private/DistanceFieldShadowingShared.ush" 3026
"../../../Engine/Shaders/Private/Lumen/LumenSceneDirectLightingPerLightShadowCommon.ush" 3027
"../../../Engine/Shaders/Private/Lumen/LumenSceneDirectLightingShadowMask.usf" 3028
"../../../Engine/Shaders/Private/Lumen/LumenSceneDirectLighting.usf" 3029
"../../../Engine/Shaders/Private/Lumen/LumenSceneDirectLightingCulling.usf" 3030
"../../../Engine/Shaders/Private/Lumen/LumenCardComputeShader.usf" 3031
"../../../Engine/Shaders/Private/Lumen/LumenCardBasePass.ush" 3032
"../../../Engine/Shaders/Private/Lumen/LumenCardPixelShader.usf" 3033
"../../../Engine/Shaders/Private/Lumen/LumenCardVertexShader.usf" 3034
"../../../Engine/Shaders/Private/Lumen/LumenReSTIRGather.usf" 3035
"../../../Engine/Shaders/Private/Lumen/LumenReflectionTracing.usf" 3036
"../../../Engine/Shaders/Private/Lumen/LumenReflectionDenoiserSpatial.usf" 3037
"../../../Engine/Shaders/Private/Lumen/LumenReflectionDenoiserClear.usf" 3038
"../../../Engine/Shaders/Private/Lumen/LumenReflectionDenoiserTemporal.usf" 3039
"../../../Engine/Shaders/Private/Lumen/LumenReflectionResolve.usf" 3040
"../../../Engine/Shaders/Private/Lumen/LumenReflections.usf" 3041
"../../../Engine/Shaders/Private/Lumen/RayTracedTranslucency.usf" 3042
"../../../Engine/Shaders/Private/Lumen/LumenReflectionHardwareRayTracing.usf" 3043
"../../../Engine/Shaders/Private/Lumen/Radiosity/LumenVisualizeRadiosityProbes.usf" 3044
"../../../Engine/Shaders/Private/Lumen/Radiosity/LumenRadiosity.usf" 3045
"../../../Engine/Shaders/Private/Lumen/Radiosity/LumenRadiosityHardwareRayTracing.usf" 3046
"../../../Engine/Shaders/Private/Lumen/Radiosity/LumenRadiosityCulling.usf" 3047
"../../../Engine/Shaders/Private/Lumen/LumenRadianceCacheHardwareRayTracing.usf" 3048
"../../../Engine/Shaders/Private/Lumen/LumenRadianceCache.usf" 3049
"../../../Engine/Shaders/Private/Lumen/LumenRadianceCacheUpdate.ush" 3050
"../../../Engine/Shaders/Private/Lumen/LumenRadianceCacheDebug.usf" 3051
"../../../Engine/Shaders/Private/Lumen/LumenRadianceCacheUpdate.usf" 3052
"../../../Engine/Shaders/Private/Lumen/LumenMeshSDFCulling.usf" 3053
"../../../Engine/Shaders/Private/HybridIndirectLighting.ush" 3054
"../../../Engine/Shaders/Private/MeshDistanceFieldCommon.ush" 3055
"../../../Engine/Shaders/Private/Lumen/LumenIrradianceFieldGather.usf" 3056
"../../../Engine/Shaders/Private/Lumen/LumenHardwareRayTracingMaterials.usf" 3057
"../../../Engine/Shaders/Private/Lumen/LumenFrontLayerTranslucency.usf" 3058
"../../../Engine/Shaders/Private/LocalFogVolumes/LocalFogVolumeSplat.usf" 3059
"../../../Engine/Shaders/Private/LocalFogVolumes/LocalFogVolumeTiledCulling.usf" 3060
"../../../Engine/Shaders/Private/LightShaftShader.usf" 3061
"../../../Engine/Shaders/Private/StationaryLightOverlapShaders.usf" 3062
"../../../Engine/Shaders/Private/DeferredLightPixelShaders.usf" 3063
"../../../Engine/Shaders/Private/DeferredLightVertexShaders.usf" 3064
"../../../Engine/Shaders/Private/LightMapDensityShader.usf" 3065
"../../../Engine/Shaders/Private/LightGridInjection.usf" 3066
"../../../Engine/Shaders/Shared/LightGridDefinitions.h" 3067
"../../../Engine/Shaders/Private/LightFunctionPixelShader.usf" 3068
"../../../Engine/Shaders/Private/LightFunctionVertexShader.usf" 3069
"../../../Engine/Shaders/Private/LightFunctionAtlas/LightFunctionAtlasRender.usf" 3070
"../../../Engine/Shaders/Private/InstanceCulling/InstanceCullingOcclusionQuery.usf" 3071
"../../../Engine/Shaders/Private/InstanceCulling/InstanceCullingSetup.ush" 3072
"../../../Engine/Shaders/Private/InstanceCulling/BuildInstanceDrawCommands.usf" 3073
"../../../Engine/Shaders/Private/InstanceCulling/InstanceCompactionCommon.ush" 3074
"../../../Engine/Shaders/Private/SceneDataMobileWriter.ush" 3075
"../../../Engine/Shaders/Private/InstanceCulling/CompactVisibleInstances.usf" 3076
"../../../Engine/Shaders/Private/ReflectionEnvironmentPixelShader.usf" 3077
"../../../Engine/Shaders/Private/AmbientCubemapComposite.usf" 3078
"../../../Engine/Shaders/Private/DiffuseIndirectComposite.usf" 3079
"../../../Engine/Shaders/Private/IESAtlas.usf" 3080
"../../../Engine/Shaders/Private/HeterogeneousVolumes/HeterogeneousVolumesVisualizeCascades.usf" 3081
"../../../Engine/Shaders/Private/HeterogeneousVolumes/HeterogeneousVolumesVoxelGridShadows.usf" 3082
"../../../Engine/Shaders/Private/HeterogeneousVolumes/HeterogeneousVolumesStochasticFiltering.ush" 3083
"../../../Engine/Shaders/Private/HeterogeneousVolumes/HeterogeneousVolumesVoxelGridRenderingUtils.ush" 3084
"../../../Engine/Shaders/Private/HeterogeneousVolumes/HeterogeneousVolumesLightingUtils.ush" 3085
"../../../Engine/Shaders/Private/HeterogeneousVolumes/HeterogeneousVolumesRayMarchingUtils.ush" 3086
"../../../Engine/Shaders/Private/HeterogeneousVolumes/HeterogeneousVolumesRayMarchingTypes.ush" 3087
"../../../Engine/Shaders/Private/HeterogeneousVolumes/HeterogeneousVolumesTransmittanceVolumeUtils.ush" 3088
"../../../Engine/Shaders/Private/HeterogeneousVolumes/HeterogeneousVolumesAdaptiveVolumetricShadowMapSampler.ush" 3089
"../../../Engine/Shaders/Private/HeterogeneousVolumes/HeterogeneousVolumesVoxelGridRendering.usf" 3090
"../../../Engine/Shaders/Private/HeterogeneousVolumes/HeterogeneousVolumesVoxelGridPipeline.usf" 3091
"../../../Engine/Shaders/Private/HeterogeneousVolumes/HeterogeneousVolumesMaterialBakingPipeline.usf" 3092
"../../../Engine/Shaders/Private/HeterogeneousVolumes/HeterogeneousVolumesLiveShadingUtils.ush" 3093
"../../../Engine/Shaders/Private/HeterogeneousVolumes/HeterogeneousVolumesFrustumVoxelGrid.usf" 3094
"../../../Engine/Shaders/Private/HeterogeneousVolumes/HeterogeneousVolumesSparseVoxelPipeline.usf" 3095
"../../../Engine/Shaders/Private/HeterogeneousVolumes/HeterogeneousVolumesSparseVoxelUtils.ush" 3096
"../../../Engine/Shaders/Private/HeterogeneousVolumes/HeterogeneousVolumesSparseVoxelUniformBufferUtils.ush" 3097
"../../../Engine/Shaders/Private/HeterogeneousVolumes/HeterogeneousVolumesPreshadingPipeline.usf" 3098
"../../../Engine/Shaders/Private/HeterogeneousVolumes/HeterogeneousVolumesShadowMask.usf" 3099
"../../../Engine/Shaders/Private/HeterogeneousVolumes/HeterogeneousVolumesLiveShadingShadows.usf" 3100
"../../../Engine/Shaders/Private/HeterogeneousVolumes/HeterogeneousVolumesLiveShadingGlobalPipeline.usf" 3101
"../../../Engine/Shaders/Private/HeterogeneousVolumes/HeterogeneousVolumesLiveShadingPipeline.usf" 3102
"../../../Engine/Shaders/Private/HeterogeneousVolumes/HeterogeneousVolumesHardwareRayTracing.usf" 3103
"../../../Engine/Shaders/Private/HeterogeneousVolumes/HeterogeneousVolumesAmbientOcclusionPipeline.usf" 3104
"../../../Engine/Shaders/Private/HeterogeneousVolumes/HeterogeneousVolumesComposite.usf" 3105
"../../../Engine/Shaders/Private/HdrCustomResolveShaders.usf" 3106
"../../../Engine/Shaders/Private/HairStrands/RenderCurveRaster.usf" 3107
"../../../Engine/Shaders/Shared/RenderCurveDefinitions.h" 3108
"../../../Engine/Shaders/Private/HairStrands/HairStrandsVoxelRasterCompute.usf" 3109
"../../../Engine/Shaders/Private/HairStrands/HairStrandsHitProxy.usf" 3110
"../../../Engine/Shaders/Private/HairStrands/HairStrandsVisibilityRasterComputeNaive.usf" 3111
"../../../Engine/Shaders/Private/HairStrands/HairStrandsVisibilityRasterHW.usf" 3112
"../../../Engine/Shaders/Private/HairStrands/HairStrandsVisibilityRasterCompute.usf" 3113
"../../../Engine/Shaders/Private/HairStrands/HairStrandsVisibilityRasterClassification.usf" 3114
"../../../Engine/Shaders/Private/HairStrands/HairStrandsCoverage.usf" 3115
"../../../Engine/Shaders/Private/HairStrands/HairStrandsVisibilityDepthPS.usf" 3116
"../../../Engine/Shaders/Private/HairStrands/HairStrandsVisibilityTransmittanceDepthPS.usf" 3117
"../../../Engine/Shaders/Private/HairStrands/HairStrandsVisibilityFillOpaqueDepthPS.usf" 3118
"../../../Engine/Shaders/Private/HairStrands/HairStrandsVisibilityCompactionComputeRaster.usf" 3119
"../../../Engine/Shaders/Private/HairStrands/HairStrandsVisibilityCompaction.usf" 3120
"../../../Engine/Shaders/Private/HairStrands/HairStrandsVisibilityCopyIndirectArg.usf" 3121
"../../../Engine/Shaders/Private/HairStrands/HairStrandsVisibilityClearPS.usf" 3122
"../../../Engine/Shaders/Private/HairStrands/HairStrandsVisibilityPS.usf" 3123
"../../../Engine/Shaders/Private/HairStrands/HairStrandsVisibilityVS.usf" 3124
"../../../Engine/Shaders/Private/HairStrands/HairStrandsVelocity.usf" 3125
"../../../Engine/Shaders/Private/HairStrands/HairStrandsVisibilityComputeSampleCoverage.usf" 3126
"../../../Engine/Shaders/Private/HairStrands/HairStrandsMaterialPS.usf" 3127
"../../../Engine/Shaders/Private/HairStrands/HairStrandsMaterialCommon.ush" 3128
"../../../Engine/Shaders/Private/HairStrands/HairStrandsMaterialVS.usf" 3129
"../../../Engine/Shaders/Private/HairStrands/HairStrandsLightSample.usf" 3130
"../../../Engine/Shaders/Private/HairStrands/HairStrandsDeepShadowMask.usf" 3131
"../../../Engine/Shaders/Private/HairStrands/HairStrandsDeepTransmittanceMask.usf" 3132
"../../../Engine/Shaders/Private/HairStrands/HairStrandsVisibilityTile.usf" 3133
"../../../Engine/Shaders/Private/HairStrands/HairStrandsDeepShadowPS.usf" 3134
"../../../Engine/Shaders/Private/HairStrands/HairStrandsDeepShadowVS.usf" 3135
"../../../Engine/Shaders/Private/HairStrands/HairStrandsAABB.usf" 3136
"../../../Engine/Shaders/Private/HairStrands/HairStrandsLUT.usf" 3137
"../../../Engine/Shaders/Private/HairStrands/HairStrandsForwardRaster.usf" 3138
"../../../Engine/Shaders/Private/HairStrands/HairStrandsForwardCulling.usf" 3139
"../../../Engine/Shaders/Private/HairStrands/HairStrandsEnvironmentLighting.usf" 3140
"../../../Engine/Shaders/Private/HairStrands/HairStrandsEnvironmentAO.usf" 3141
"../../../Engine/Shaders/Private/HairStrands/HairStrandsDeepShadowAllocation.usf" 3142
"../../../Engine/Shaders/Private/HairStrands/HairStrandsVoxelDebug.usf" 3143
"../../../Engine/Shaders/Private/HairStrands/HairStrandsComposition.usf" 3144
"../../../Engine/Shaders/Private/HairStrands/HairStrandsGBufferCommon.ush" 3145
"../../../Engine/Shaders/Private/GPUScene/GPUSceneDataManagement.usf" 3146
"../../../Engine/Shaders/Private/GPUSceneDebugRender.usf" 3147
"../../../Engine/Shaders/Private/GPUFeedbackCompaction.usf" 3148
"../../../Engine/Shaders/Private/GPUFastFourierTransform.usf" 3149
"../../../Engine/Shaders/Private/GPUFastFourierTransform2DCore.ush" 3150
"../../../Engine/Shaders/Private/GPUFastFourierTransformCore.ush" 3151
"../../../Engine/Shaders/Private/GPUBenchmark.usf" 3152
"../../../Engine/Shaders/Private/DistanceField/GlobalDistanceFieldDebug.usf" 3153
"../../../Engine/Shaders/Private/DistanceField/GlobalDistanceFieldUpdate.ush" 3154
"../../../Engine/Shaders/Private/DistanceField/GlobalDistanceFieldMip.usf" 3155
"../../../Engine/Shaders/Private/DistanceField/GlobalDistanceField.usf" 3156
"../../../Engine/Shaders/Private/DistanceField/GlobalDistanceFieldCompositeObjects.usf" 3157
"../../../Engine/Shaders/Private/DistanceField/GlobalDistanceFieldHeightfields.usf" 3158
"../../../Engine/Shaders/Private/HeightfieldLightingShared.ush" 3159
"../../../Engine/Shaders/Private/GenerateConservativeDepth.usf" 3160
"../../../Engine/Shaders/Private/HeightFogPixelShader.usf" 3161
"../../../Engine/Shaders/Private/HeightFogVertexShader.usf" 3162
"../../../Engine/Shaders/Private/DistortFiltering.usf" 3163
"../../../Engine/Shaders/Private/DistortAccumulatePS.usf" 3164
"../../../Engine/Shaders/Private/DistortAccumulateVS.usf" 3165
"../../../Engine/Shaders/Private/DistanceFieldVisualization.usf" 3166
"../../../Engine/Shaders/Private/DistanceFieldStreaming.usf" 3167
"../../../Engine/Shaders/Private/DistanceFieldShadowing.usf" 3168
"../../../Engine/Shaders/Private/DistanceFieldScreenGridLighting.usf" 3169
"../../../Engine/Shaders/Private/DistanceFieldObjectCulling.usf" 3170
"../../../Engine/Shaders/Private/DistanceFieldLightingPost.usf" 3171
"../../../Engine/Shaders/Private/DitheredTransitionStencil.usf" 3172
"../../../Engine/Shaders/Private/CopyDepthTexture.usf" 3173
"../../../Engine/Shaders/Private/CopyDepthTextureCS.usf" 3174
"../../../Engine/Shaders/Private/DeferredDecal.usf" 3175
"../../../Engine/Shaders/Private/DecalCommon.ush" 3176
"../../../Engine/Shaders/Private/DebugViewModeVertexShader.usf" 3177
"../../../Engine/Shaders/Private/DebugViewModeCommon.ush" 3178
"../../../Engine/Shaders/Private/DebugViewModePixelShader.usf" 3179
"../../../Engine/Shaders/Private/DebugProbes.usf" 3180
"../../../Engine/Shaders/Private/MeshDecals.usf" 3181
"../../../Engine/Shaders/Private/PostProcessAmbientOcclusion.usf" 3182
"../../../Engine/Shaders/Private/ClusteredDeferredShadingPixelShader.usf" 3183
"../../../Engine/Shaders/Private/ClusteredDeferredShadingVertexShader.usf" 3184
"../../../Engine/Shaders/Private/CapsuleShadowShaders.usf" 3185
"../../../Engine/Shaders/Private/BasePassPixelShader.usf" 3186
"../../../Engine/Shaders/Private/ForwardLightingCommon.ush" 3187
"../../../Engine/Shaders/Private/Substrate/SubstrateForwardLighting.ush" 3188
"../../../Engine/Shaders/Private/ComputeShaderOutputCommon.ush" 3189
"../../../Engine/Shaders/Private/BasePassVertexShader.usf" 3190
"../../../Engine/Shaders/Private/BasePassVertexCommon.ush" 3191
"../../../Engine/Shaders/Private/SimpleElementVolumeTexturePreviewPixelShader.usf" 3192
"../../../Engine/Shaders/Private/SimpleElementTexture2DPreviewPixelShader.usf" 3193
"../../../Engine/Shaders/Private/meshpaintdilatepixelshader.usf" 3194
"../../../Engine/Shaders/Private/meshpaintdilatevertexshader.usf" 3195
"../../../Engine/Shaders/Private/MeshPaintPixelShader.usf" 3196
"../../../Engine/Shaders/Private/MeshPaintVertexShader.usf" 3197
"../../../Engine/Shaders/Private/SlateElementPixelShader.usf" 3198
"../../../Engine/Shaders/Private/SlateShaderCommon.ush" 3199
"../../../Engine/Shaders/Private/SlateMaskingShader.usf" 3200
"../../../Engine/Shaders/Private/SlateVertexShader.usf" 3201
"../../../Engine/Shaders/Private/CompositeUIPixelShader.usf" 3202
"../../../Engine/Shaders/Private/ColorDeficiency.ush" 3203
"../../../Engine/Shaders/Private/SlatePostProcessColorDeficiencyPixelShader.usf" 3204
"../../../Engine/Shaders/Private/SlatePostProcessPixelShader.usf" 3205
"../../../Engine/Shaders/Private/Tools/VisualizeTexture.usf" 3206
"../../../Engine/Shaders/Private/UpdateDescriptorHandle.usf" 3207
"../../../Engine/Shaders/Private/ByteBuffer.usf" 3208
"../../../Engine/Shaders/Private/ShaderBundleWorkGraphDispatch.usf" 3209
"../../../Engine/Shaders/Private/ShaderBundleDispatch.usf" 3210
"../../../Engine/Shaders/Private/ResolveVertexShader.usf" 3211
"../../../Engine/Shaders/Private/ResolvePixelShader.usf" 3212
"../../../Engine/Shaders/Private/Tools/SetupIndirectArgs.usf" 3213
"../../../Engine/Shaders/Private/ClearReplacementShaders.usf" 3214
"../../../Engine/Shaders/Private/Tools/DrawTexture.usf" 3215
"../../../Engine/Shaders/Private/RayTracing/RayTracingValidation.usf" 3216
"../../../Engine/Shaders/Private/RenderGraphUtilities.usf" 3217
"../../../Engine/Shaders/Private/OneColorShader.usf" 3218
"../../../Engine/Shaders/Private/OculusShaders.usf" 3219
"../../../Engine/Shaders/Private/MediaShaders.usf" 3220
"../../../Engine/Shaders/Private/GPUMessaging.usf" 3221
"../../../Engine/Shaders/Private/Tools/GPUDebugCrashUtils.usf" 3222
"../../../Engine/Shaders/Private/NullPixelShader.usf" 3223
"../../../Engine/Shaders/Private/ComputeGenerateMips.usf" 3224
"../../../Engine/Shaders/Private/Tools/DumpTexture.usf" 3225
"../../../Engine/Shaders/Private/CopyTextureShaders.usf" 3226
"../../../Engine/Shaders/Private/Tools/FullscreenVertexShader.usf" 3227
"../../../Engine/Shaders/Private/RayTracing/RayTracingDispatchDesc.usf" 3228
"../../../Engine/Shaders/Private/Bink.usf" 3229
"../../../Engine/Shaders/Private/DepthOnlyPixelShader.usf" 3230
"../../../Engine/Shaders/Private/PositionOnlyDepthVertexShader.usf" 3231
"../../../Engine/Shaders/Private/DepthOnlyVertexShader.usf" 3232
"../../../Engine/Shaders/Private/AnisotropyPassShader.usf" 3233
"D:/Kool/Saxion/Semester 4/Unreal/AE_Unreal/Content/ExternalAssets/CustomizableVines/Maps/Overview.umap" 3234
"D:/Kool/Saxion/Semester 4/Unreal/AE_Unreal/Content/Megaplant_Library/Shrub_Beach_Rose/Shrub_Beach_Rose_01/PVE_Beach_Rose_01.uasset" 3235
"D:/Kool/Saxion/Semester 4/Unreal/AE_Unreal/Content/Megaplant_Library/Tree_Yoshino_Cherry/Tree_Yoshino_Cherry_01/PVE_Yoshino_Cherry_01.uasset" 3236
"D:/Kool/Saxion/Semester 4/Unreal/AE_Unreal/Content/ExternalAssets/CustomizableVines/Textures/T_Blank_M.uasset" 3237
"D:/Kool/Saxion/Semester 4/Unreal/AE_Unreal/Content/ExternalAssets/CustomizableVines/Materials/MI_Surface.uasset" 3238
"D:/Kool/Saxion/Semester 4/Unreal/AE_Unreal/Content/Fab/Megascans/Plants/BP_GlobalFoliageActor.uasset" 3239
"D:/Kool/Saxion/Semester 4/Unreal/AE_Unreal/Content/ExternalAssets/CustomizableVines/Materials/MI_Vines_01.uasset" 3240
"D:/Kool/Saxion/Semester 4/Unreal/AE_Unreal/Content/ExternalAssets/CustomizableVines/Materials/MI_Vines_02.uasset" 3241
"D:/Kool/Saxion/Semester 4/Unreal/AE_Unreal/Content/ExternalAssets/CustomizableVines/Materials/MI_Vines_03.uasset" 3242
"D:/Kool/Saxion/Semester 4/Unreal/AE_Unreal/Content/ExternalAssets/CustomizableVines/Materials/MI_Vines_04.uasset" 3243
"D:/Kool/Saxion/Semester 4/Unreal/AE_Unreal/Content/ExternalAssets/CustomizableVines/Materials/MI_Vines_05.uasset" 3244
"D:/Kool/Saxion/Semester 4/Unreal/AE_Unreal/Content/ExternalAssets/CustomizableVines/Materials/MI_Vines_06.uasset" 3245
"D:/Kool/Saxion/Semester 4/Unreal/AE_Unreal/Content/ExternalAssets/CustomizableVines/Materials/MI_Vines_07.uasset" 3246
"D:/Kool/Saxion/Semester 4/Unreal/AE_Unreal/Content/ExternalAssets/CustomizableVines/Materials/MI_Vines_08.uasset" 3247
"D:/Kool/Saxion/Semester 4/Unreal/AE_Unreal/Content/ExternalAssets/CustomizableVines/Materials/MI_Vines_09.uasset" 3248
"D:/Kool/Saxion/Semester 4/Unreal/AE_Unreal/Content/ExternalAssets/CustomizableVines/Maps/Overview_BuiltData.uasset" 3249
"D:/Kool/Saxion/Semester 4/Unreal/AE_Unreal/Content/ExternalAssets/CustomizableVines/Materials/MI_Vines_10.uasset" 3250
"D:/Kool/Saxion/Semester 4/Unreal/AE_Unreal/Content/ExternalAssets/CustomizableVines/Materials/MI_Vines_11.uasset" 3251
"D:/Kool/Saxion/Semester 4/Unreal/AE_Unreal/Content/ExternalAssets/CustomizableVines/Materials/MI_Vines_12.uasset" 3252
"D:/Kool/Saxion/Semester 4/Unreal/AE_Unreal/Content/ExternalAssets/CustomizableVines/Materials/MI_Vines_13.uasset" 3253
"D:/Kool/Saxion/Semester 4/Unreal/AE_Unreal/Content/ExternalAssets/CustomizableVines/Materials/MI_Vines_14.uasset" 3254
"D:/Kool/Saxion/Semester 4/Unreal/AE_Unreal/Content/ExternalAssets/CustomizableVines/Materials/MI_Vines_15.uasset" 3255
"D:/Kool/Saxion/Semester 4/Unreal/AE_Unreal/Content/ExternalAssets/CustomizableVines/Materials/MI_Vines_16.uasset" 3256
"D:/Kool/Saxion/Semester 4/Unreal/AE_Unreal/Content/ExternalAssets/CustomizableVines/Materials/MI_Vines_17.uasset" 3257
"D:/Kool/Saxion/Semester 4/Unreal/AE_Unreal/Content/ExternalAssets/CustomizableVines/Materials/MI_Vines_18.uasset" 3258
"D:/Kool/Saxion/Semester 4/Unreal/AE_Unreal/Content/ExternalAssets/CustomizableVines/Materials/MI_Vines_19.uasset" 3259
"D:/Kool/Saxion/Semester 4/Unreal/AE_Unreal/Content/ExternalAssets/CustomizableVines/Materials/MI_Vines_20.uasset" 3260
"D:/Kool/Saxion/Semester 4/Unreal/AE_Unreal/Content/ExternalAssets/CustomizableVines/Materials/MI_Vines_21.uasset" 3261
"D:/Kool/Saxion/Semester 4/Unreal/AE_Unreal/Content/ExternalAssets/CustomizableVines/Materials/MI_Vines_22.uasset" 3262
"D:/Kool/Saxion/Semester 4/Unreal/AE_Unreal/Content/ExternalAssets/CustomizableVines/Materials/MI_Vines_23.uasset" 3263
"D:/Kool/Saxion/Semester 4/Unreal/AE_Unreal/Content/ExternalAssets/CustomizableVines/Materials/MI_Vines_24.uasset" 3264
"D:/Kool/Saxion/Semester 4/Unreal/AE_Unreal/Content/ExternalAssets/CustomizableVines/Materials/MI_Vines_25.uasset" 3265
"D:/Kool/Saxion/Semester 4/Unreal/AE_Unreal/Content/ExternalAssets/CustomizableVines/Materials/MI_Vines_26.uasset" 3266
"D:/Kool/Saxion/Semester 4/Unreal/AE_Unreal/Content/ExternalAssets/CustomizableVines/Materials/MI_Vines_27.uasset" 3267
"D:/Kool/Saxion/Semester 4/Unreal/AE_Unreal/Content/ExternalAssets/CustomizableVines/Materials/MI_Vines_28.uasset" 3268
"D:/Kool/Saxion/Semester 4/Unreal/AE_Unreal/Content/ExternalAssets/CustomizableVines/Materials/MI_Vines_29.uasset" 3269
"D:/Kool/Saxion/Semester 4/Unreal/AE_Unreal/Content/ExternalAssets/CustomizableVines/Materials/MI_Vines_30.uasset" 3270
"D:/Kool/Saxion/Semester 4/Unreal/AE_Unreal/Content/ExternalAssets/CustomizableVines/Materials/MI_Vines_31.uasset" 3271
"D:/Kool/Saxion/Semester 4/Unreal/AE_Unreal/Content/ExternalAssets/CustomizableVines/Materials/MI_Vines_32.uasset" 3272
"D:/Kool/Saxion/Semester 4/Unreal/AE_Unreal/Content/ExternalAssets/CustomizableVines/Materials/M_DBuffer_Vines_Master.uasset" 3273
"D:/Kool/Saxion/Semester 4/Unreal/AE_Unreal/Content/ExternalAssets/CustomizableVines/Materials/M_Surface.uasset" 3274
"D:/Kool/Saxion/Semester 4/Unreal/AE_Unreal/Content/Fab/Megascans/Plants/English_Ivy_xfcnebhqx/Medium/xfcnebhqx_tier_2/StaticMeshes/SM_xfcnebhqx_VarA.uasset" 3275
"D:/Kool/Saxion/Semester 4/Unreal/AE_Unreal/Content/ExternalAssets/CustomizableVines/Textures/Bark/T_Bark_01_M.uasset" 3276
"D:/Kool/Saxion/Semester 4/Unreal/AE_Unreal/Content/MyProject/Maps/Project_Main_Scene.umap" 3277
"D:/Kool/Saxion/Semester 4/Unreal/AE_Unreal/Content/ExternalAssets/CustomizableVines/Textures/Leaves/T_Leaves_01_CM.uasset" 3278
"D:/Kool/Saxion/Semester 4/Unreal/AE_Unreal/Content/ExternalAssets/CustomizableVines/Textures/Leaves/Varieties/T_Leaves_Variety_01_CM.uasset" 3279
"D:/Kool/Saxion/Semester 4/Unreal/AE_Unreal/Content/Fab/Megascans/Plants/English_Ivy_xfcnebhqx/Medium/FoliageTypes/FT_xfcnebhqx_VarA.uasset" 3280
"D:/Kool/Saxion/Semester 4/Unreal/AE_Unreal/Content/Fab/Megascans/Plants/English_Ivy_xfcnebhqx/Medium/xfcnebhqx_tier_2/Textures/T_xfcnebhqx_2K_B.uasset" 3281
"D:/Kool/Saxion/Semester 4/Unreal/AE_Unreal/Content/Fab/Megascans/Plants/English_Ivy_xfcnebhqx/Medium/xfcnebhqx_tier_2/Materials/MI_xfcnebhqx.uasset" 3282
"D:/Kool/Saxion/Semester 4/Unreal/AE_Unreal/Content/Fab/Megascans/Plants/English_Ivy_xfcnebhqx/Medium/FoliageTypes/FT_xfcnebhqx_VarB.uasset" 3283
"D:/Kool/Saxion/Semester 4/Unreal/AE_Unreal/Content/Fab/Megascans/Plants/English_Ivy_xfcnebhqx/Medium/xfcnebhqx_tier_2/StaticMeshes/SM_xfcnebhqx_VarB.uasset" 3284
"D:/Kool/Saxion/Semester 4/Unreal/AE_Unreal/Content/ExternalAssets/CustomizableVines/Textures/Leaves/T_Leaves_01_M.uasset" 3285
"D:/Kool/Saxion/Semester 4/Unreal/AE_Unreal/Content/ExternalAssets/CustomizableVines/Textures/Bark/T_Bark_01_N.uasset" 3286
"D:/Kool/Saxion/Semester 4/Unreal/AE_Unreal/Content/Fab/Megascans/Plants/English_Ivy_xfcnebhqx/Medium/FoliageTypes/FT_xfcnebhqx_VarC.uasset" 3287
"D:/Kool/Saxion/Semester 4/Unreal/AE_Unreal/Content/Fab/Megascans/Plants/English_Ivy_xfcnebhqx/Medium/xfcnebhqx_tier_2/Materials/MI_xfcnebhqx_Billboard.uasset" 3288
"D:/Kool/Saxion/Semester 4/Unreal/AE_Unreal/Content/ExternalAssets/CustomizableVines/Textures/Leaves/Varieties/T_Leaves_Variety_01_M.uasset" 3289
"D:/Kool/Saxion/Semester 4/Unreal/AE_Unreal/Content/Fab/Megascans/Plants/English_Ivy_xfcnebhqx/Medium/xfcnebhqx_tier_2/Textures/T_xfcnebhqx_2K_Billboard_B-O.uasset" 3290
"D:/Kool/Saxion/Semester 4/Unreal/AE_Unreal/Content/Fab/Megascans/Plants/English_Ivy_xfcnebhqx/Medium/FoliageTypes/FT_xfcnebhqx_VarD.uasset" 3291
"D:/Kool/Saxion/Semester 4/Unreal/AE_Unreal/Content/ExternalAssets/CustomizableVines/Textures/Leaves/T_Leaves_01_N.uasset" 3292
"D:/Kool/Saxion/Semester 4/Unreal/AE_Unreal/Content/ExternalAssets/CustomizableVines/Textures/Leaves/Varieties/T_Leaves_Variety_01_N.uasset" 3293
"D:/Kool/Saxion/Semester 4/Unreal/AE_Unreal/Content/ExternalAssets/CustomizableVines/Textures/Bark/T_Bark_02_M.uasset" 3294
"D:/Kool/Saxion/Semester 4/Unreal/AE_Unreal/Content/Fab/Megascans/Plants/English_Ivy_xfcnebhqx/Medium/FoliageTypes/FT_xfcnebhqx_VarE.uasset" 3295
"D:/Kool/Saxion/Semester 4/Unreal/AE_Unreal/Content/Fab/Megascans/Plants/English_Ivy_xfcnebhqx/Medium/xfcnebhqx_tier_2/StaticMeshes/SM_xfcnebhqx_VarC.uasset" 3296
"D:/Kool/Saxion/Semester 4/Unreal/AE_Unreal/Content/ExternalAssets/CustomizableVines/Textures/Leaves/T_Leaves_02_CM.uasset" 3297
"D:/Kool/Saxion/Semester 4/Unreal/AE_Unreal/Content/Fab/Megascans/Plants/English_Ivy_xfcnebhqx/Medium/xfcnebhqx_tier_2/Textures/T_xfcnebhqx_2K_Billboard_N-T.uasset" 3298
"D:/Kool/Saxion/Semester 4/Unreal/AE_Unreal/Content/ExternalAssets/CustomizableVines/Textures/Leaves/Varieties/T_Leaves_Variety_02_CM.uasset" 3299
"D:/Kool/Saxion/Semester 4/Unreal/AE_Unreal/Content/Fab/Megascans/Plants/English_Ivy_xfcnebhqx/Medium/FoliageTypes/FT_xfcnebhqx_VarF.uasset" 3300
"D:/Kool/Saxion/Semester 4/Unreal/AE_Unreal/Content/Fab/Megascans/Plants/English_Ivy_xfcnebhqx/Medium/xfcnebhqx_tier_2/StaticMeshes/SM_xfcnebhqx_VarD.uasset" 3301
"D:/Kool/Saxion/Semester 4/Unreal/AE_Unreal/Content/ExternalAssets/CustomizableVines/Textures/Leaves/T_Leaves_02_M.uasset" 3302
"D:/Kool/Saxion/Semester 4/Unreal/AE_Unreal/Content/ExternalAssets/CustomizableVines/Textures/Leaves/Varieties/T_Leaves_Variety_02_M.uasset" 3303
"D:/Kool/Saxion/Semester 4/Unreal/AE_Unreal/Content/Fab/Megascans/Plants/English_Ivy_xfcnebhqx/Medium/xfcnebhqx_tier_2/Textures/T_xfcnebhqx_2K_N.uasset" 3304
"D:/Kool/Saxion/Semester 4/Unreal/AE_Unreal/Content/ExternalAssets/CustomizableVines/Textures/Bark/T_Bark_02_N.uasset" 3305
"D:/Kool/Saxion/Semester 4/Unreal/AE_Unreal/Content/Fab/Megascans/Plants/English_Ivy_xfcnebhqx/Medium/FoliageTypes/FT_xfcnebhqx_VarG.uasset" 3306
"D:/Kool/Saxion/Semester 4/Unreal/AE_Unreal/Content/ExternalAssets/CustomizableVines/Textures/Leaves/Varieties/T_Leaves_Variety_02_N.uasset" 3307
"D:/Kool/Saxion/Semester 4/Unreal/AE_Unreal/Content/Fab/Megascans/Plants/English_Ivy_xfcnebhqx/Medium/xfcnebhqx_tier_2/StaticMeshes/SM_xfcnebhqx_VarE.uasset" 3308
"D:/Kool/Saxion/Semester 4/Unreal/AE_Unreal/Content/Fab/Megascans/Plants/English_Ivy_xfcnebhqx/Medium/FoliageTypes/FT_xfcnebhqx_VarH.uasset" 3309
"D:/Kool/Saxion/Semester 4/Unreal/AE_Unreal/Content/ExternalAssets/CustomizableVines/Textures/Leaves/T_Leaves_02_N.uasset" 3310
"D:/Kool/Saxion/Semester 4/Unreal/AE_Unreal/Content/Fab/Megascans/Plants/English_Ivy_xfcnebhqx/Medium/xfcnebhqx_tier_2/Textures/T_xfcnebhqx_2K_ORT.uasset" 3311
"D:/Kool/Saxion/Semester 4/Unreal/AE_Unreal/Content/Fab/Megascans/Plants/English_Ivy_xfcnebhqx/Medium/FoliageTypes/FT_xfcnebhqx_VarI.uasset" 3312
"D:/Kool/Saxion/Semester 4/Unreal/AE_Unreal/Content/ExternalAssets/CustomizableVines/Textures/Leaves/Varieties/T_Leaves_Variety_03_CM.uasset" 3313
"D:/Kool/Saxion/Semester 4/Unreal/AE_Unreal/Content/ExternalAssets/CustomizableVines/Textures/Bark/T_Bark_03_M.uasset" 3314
"D:/Kool/Saxion/Semester 4/Unreal/AE_Unreal/Content/Fab/Megascans/Plants/English_Ivy_xfcnebhqx/Medium/xfcnebhqx_tier_2/StaticMeshes/SM_xfcnebhqx_VarF.uasset" 3315
"D:/Kool/Saxion/Semester 4/Unreal/AE_Unreal/Content/ExternalAssets/CustomizableVines/Textures/Leaves/T_Leaves_03_CM.uasset" 3316
"D:/Kool/Saxion/Semester 4/Unreal/AE_Unreal/Content/ExternalAssets/CustomizableVines/Textures/Leaves/Varieties/T_Leaves_Variety_03_M.uasset" 3317
"D:/Kool/Saxion/Semester 4/Unreal/AE_Unreal/Content/Fab/Megascans/Plants/English_Ivy_xfcnebhqx/Medium/xfcnebhqx_tier_2/StaticMeshes/SM_xfcnebhqx_VarG.uasset" 3318
"D:/Kool/Saxion/Semester 4/Unreal/AE_Unreal/Content/ExternalAssets/CustomizableVines/Textures/Leaves/Varieties/T_Leaves_Variety_03_N.uasset" 3319
"D:/Kool/Saxion/Semester 4/Unreal/AE_Unreal/Content/ExternalAssets/CustomizableVines/Textures/Leaves/T_Leaves_03_M.uasset" 3320
"D:/Kool/Saxion/Semester 4/Unreal/AE_Unreal/Content/ExternalAssets/CustomizableVines/Textures/Bark/T_Bark_03_N.uasset" 3321
"D:/Kool/Saxion/Semester 4/Unreal/AE_Unreal/Content/ExternalAssets/CustomizableVines/Textures/Leaves/Varieties/T_Leaves_Variety_04_CM.uasset" 3322
"D:/Kool/Saxion/Semester 4/Unreal/AE_Unreal/Content/ExternalAssets/CustomizableVines/Textures/Leaves/T_Leaves_03_N.uasset" 3323
"D:/Kool/Saxion/Semester 4/Unreal/AE_Unreal/Content/Fab/Megascans/Plants/English_Ivy_xfcnebhqx/Medium/xfcnebhqx_tier_2/StaticMeshes/SM_xfcnebhqx_VarH.uasset" 3324
"D:/Kool/Saxion/Semester 4/Unreal/AE_Unreal/Content/ExternalAssets/CustomizableVines/Textures/Leaves/Varieties/T_Leaves_Variety_04_M.uasset" 3325
"D:/Kool/Saxion/Semester 4/Unreal/AE_Unreal/Content/ExternalAssets/CustomizableVines/Textures/Bark/T_Bark_04_M.uasset" 3326
"D:/Kool/Saxion/Semester 4/Unreal/AE_Unreal/Content/ExternalAssets/CustomizableVines/Textures/Leaves/T_Leaves_04_CM.uasset" 3327
"D:/Kool/Saxion/Semester 4/Unreal/AE_Unreal/Content/Fab/Megascans/Plants/English_Ivy_xfcnebhqx/Medium/xfcnebhqx_tier_2/StaticMeshes/SM_xfcnebhqx_VarI.uasset" 3328
"D:/Kool/Saxion/Semester 4/Unreal/AE_Unreal/Content/ExternalAssets/CustomizableVines/Textures/Leaves/Varieties/T_Leaves_Variety_04_N.uasset" 3329
"D:/Kool/Saxion/Semester 4/Unreal/AE_Unreal/Content/ExternalAssets/CustomizableVines/Textures/Leaves/T_Leaves_04_M.uasset" 3330
"D:/Kool/Saxion/Semester 4/Unreal/AE_Unreal/Content/ExternalAssets/CustomizableVines/Textures/Bark/T_Bark_04_N.uasset" 3331
"D:/Kool/Saxion/Semester 4/Unreal/AE_Unreal/Content/ExternalAssets/CustomizableVines/Textures/Leaves/Varieties/T_Leaves_Variety_05_CM.uasset" 3332
"D:/Kool/Saxion/Semester 4/Unreal/AE_Unreal/Content/ExternalAssets/CustomizableVines/Textures/Leaves/T_Leaves_04_N.uasset" 3333
"D:/Kool/Saxion/Semester 4/Unreal/AE_Unreal/Content/ExternalAssets/CustomizableVines/Textures/Leaves/Varieties/T_Leaves_Variety_05_M.uasset" 3334
"D:/Kool/Saxion/Semester 4/Unreal/AE_Unreal/Content/ExternalAssets/CustomizableVines/Textures/Bark/T_Bark_05_M.uasset" 3335
"D:/Kool/Saxion/Semester 4/Unreal/AE_Unreal/Content/ExternalAssets/CustomizableVines/Textures/Leaves/T_Leaves_05_CM.uasset" 3336
"D:/Kool/Saxion/Semester 4/Unreal/AE_Unreal/Content/ExternalAssets/CustomizableVines/Textures/Leaves/Varieties/T_Leaves_Variety_05_N.uasset" 3337
"D:/Kool/Saxion/Semester 4/Unreal/AE_Unreal/Content/ExternalAssets/CustomizableVines/Textures/Leaves/T_Leaves_05_M.uasset" 3338
"D:/Kool/Saxion/Semester 4/Unreal/AE_Unreal/Content/ExternalAssets/CustomizableVines/Textures/Leaves/Varieties/T_Leaves_Variety_06_CM.uasset" 3339
"D:/Kool/Saxion/Semester 4/Unreal/AE_Unreal/Content/ExternalAssets/CustomizableVines/Textures/Bark/T_Bark_05_N.uasset" 3340
"D:/Kool/Saxion/Semester 4/Unreal/AE_Unreal/Content/ExternalAssets/CustomizableVines/Textures/Leaves/T_Leaves_05_N.uasset" 3341
"D:/Kool/Saxion/Semester 4/Unreal/AE_Unreal/Content/ExternalAssets/CustomizableVines/Textures/Leaves/Varieties/T_Leaves_Variety_06_M.uasset" 3342
"D:/Kool/Saxion/Semester 4/Unreal/AE_Unreal/Content/ExternalAssets/CustomizableVines/Textures/Bark/T_Bark_06_M.uasset" 3343
"D:/Kool/Saxion/Semester 4/Unreal/AE_Unreal/Content/ExternalAssets/CustomizableVines/Textures/Leaves/T_Leaves_06_CM.uasset" 3344
"D:/Kool/Saxion/Semester 4/Unreal/AE_Unreal/Content/ExternalAssets/CustomizableVines/Textures/Leaves/Varieties/T_Leaves_Variety_06_N.uasset" 3345
"D:/Kool/Saxion/Semester 4/Unreal/AE_Unreal/Content/ExternalAssets/CustomizableVines/Textures/Leaves/Varieties/T_Leaves_Variety_07_CM.uasset" 3346
"D:/Kool/Saxion/Semester 4/Unreal/AE_Unreal/Content/ExternalAssets/CustomizableVines/Textures/Leaves/T_Leaves_06_M.uasset" 3347
"D:/Kool/Saxion/Semester 4/Unreal/AE_Unreal/Content/ExternalAssets/CustomizableVines/Textures/Bark/T_Bark_06_N.uasset" 3348
"D:/Kool/Saxion/Semester 4/Unreal/AE_Unreal/Content/ExternalAssets/CustomizableVines/Textures/Leaves/Varieties/T_Leaves_Variety_07_M.uasset" 3349
"D:/Kool/Saxion/Semester 4/Unreal/AE_Unreal/Content/ExternalAssets/CustomizableVines/Textures/Leaves/T_Leaves_06_N.uasset" 3350
"D:/Kool/Saxion/Semester 4/Unreal/AE_Unreal/Content/ExternalAssets/CustomizableVines/Textures/Bark/T_Bark_07_M.uasset" 3351
"D:/Kool/Saxion/Semester 4/Unreal/AE_Unreal/Content/ExternalAssets/CustomizableVines/Textures/Leaves/Varieties/T_Leaves_Variety_07_N.uasset" 3352
"D:/Kool/Saxion/Semester 4/Unreal/AE_Unreal/Content/ExternalAssets/CustomizableVines/Textures/Leaves/T_Leaves_07_CM.uasset" 3353
"D:/Kool/Saxion/Semester 4/Unreal/AE_Unreal/Content/ExternalAssets/CustomizableVines/Textures/Leaves/Varieties/T_Leaves_Variety_08_CM.uasset" 3354
"D:/Kool/Saxion/Semester 4/Unreal/AE_Unreal/Content/ExternalAssets/CustomizableVines/Textures/Leaves/T_Leaves_07_M.uasset" 3355
"D:/Kool/Saxion/Semester 4/Unreal/AE_Unreal/Content/ExternalAssets/CustomizableVines/Textures/Bark/T_Bark_07_N.uasset" 3356
"D:/Kool/Saxion/Semester 4/Unreal/AE_Unreal/Content/ExternalAssets/CustomizableVines/Textures/Leaves/Varieties/T_Leaves_Variety_08_M.uasset" 3357
"D:/Kool/Saxion/Semester 4/Unreal/AE_Unreal/Content/ExternalAssets/CustomizableVines/Textures/Leaves/T_Leaves_07_N.uasset" 3358
"D:/Kool/Saxion/Semester 4/Unreal/AE_Unreal/Content/ExternalAssets/CustomizableVines/Textures/Bark/T_Bark_08_M.uasset" 3359
"D:/Kool/Saxion/Semester 4/Unreal/AE_Unreal/Content/ExternalAssets/CustomizableVines/Textures/Leaves/Varieties/T_Leaves_Variety_08_N.uasset" 3360
"D:/Kool/Saxion/Semester 4/Unreal/AE_Unreal/Content/ExternalAssets/CustomizableVines/Textures/Leaves/T_Leaves_08_CM.uasset" 3361
"D:/Kool/Saxion/Semester 4/Unreal/AE_Unreal/Content/ExternalAssets/CustomizableVines/Textures/Leaves/Varieties/T_Leaves_Variety_09_CM.uasset" 3362
"D:/Kool/Saxion/Semester 4/Unreal/AE_Unreal/Content/ExternalAssets/CustomizableVines/Textures/Leaves/T_Leaves_08_M.uasset" 3363
"D:/Kool/Saxion/Semester 4/Unreal/AE_Unreal/Content/ExternalAssets/CustomizableVines/Textures/Bark/T_Bark_08_N.uasset" 3364
"D:/Kool/Saxion/Semester 4/Unreal/AE_Unreal/Content/ExternalAssets/CustomizableVines/Textures/Leaves/Varieties/T_Leaves_Variety_09_M.uasset" 3365
"D:/Kool/Saxion/Semester 4/Unreal/AE_Unreal/Content/ExternalAssets/CustomizableVines/Textures/Leaves/T_Leaves_08_N.uasset" 3366
"D:/Kool/Saxion/Semester 4/Unreal/AE_Unreal/Content/ExternalAssets/CustomizableVines/Textures/Leaves/Varieties/T_Leaves_Variety_09_N.uasset" 3367
"D:/Kool/Saxion/Semester 4/Unreal/AE_Unreal/Content/ExternalAssets/CustomizableVines/Textures/Bark/T_Bark_09_M.uasset" 3368
"D:/Kool/Saxion/Semester 4/Unreal/AE_Unreal/Content/ExternalAssets/CustomizableVines/Textures/Leaves/T_Leaves_09_CM.uasset" 3369
"D:/Kool/Saxion/Semester 4/Unreal/AE_Unreal/Content/ExternalAssets/CustomizableVines/Textures/Leaves/Varieties/T_Leaves_Variety_10_CM.uasset" 3370
"D:/Kool/Saxion/Semester 4/Unreal/AE_Unreal/Content/ExternalAssets/CustomizableVines/Textures/Leaves/T_Leaves_09_M.uasset" 3371
"D:/Kool/Saxion/Semester 4/Unreal/AE_Unreal/Content/ExternalAssets/CustomizableVines/Textures/Bark/T_Bark_09_N.uasset" 3372
"D:/Kool/Saxion/Semester 4/Unreal/AE_Unreal/Content/ExternalAssets/CustomizableVines/Textures/Leaves/Varieties/T_Leaves_Variety_10_M.uasset" 3373
"D:/Kool/Saxion/Semester 4/Unreal/AE_Unreal/Content/ExternalAssets/CustomizableVines/Textures/Leaves/T_Leaves_09_N.uasset" 3374
"D:/Kool/Saxion/Semester 4/Unreal/AE_Unreal/Content/ExternalAssets/CustomizableVines/Textures/Leaves/Varieties/T_Leaves_Variety_10_N.uasset" 3375
"D:/Kool/Saxion/Semester 4/Unreal/AE_Unreal/Content/ExternalAssets/CustomizableVines/Textures/Bark/T_Bark_10_M.uasset" 3376
"D:/Kool/Saxion/Semester 4/Unreal/AE_Unreal/Content/ExternalAssets/CustomizableVines/Textures/Leaves/T_Leaves_10_CM.uasset" 3377
"D:/Kool/Saxion/Semester 4/Unreal/AE_Unreal/Content/ExternalAssets/CustomizableVines/Textures/Leaves/Varieties/T_Leaves_Variety_11_CM.uasset" 3378
"D:/Kool/Saxion/Semester 4/Unreal/AE_Unreal/Content/ExternalAssets/CustomizableVines/Textures/Leaves/T_Leaves_10_M.uasset" 3379
"D:/Kool/Saxion/Semester 4/Unreal/AE_Unreal/Content/ExternalAssets/CustomizableVines/Textures/Bark/T_Bark_10_N.uasset" 3380
"D:/Kool/Saxion/Semester 4/Unreal/AE_Unreal/Content/ExternalAssets/CustomizableVines/Textures/Leaves/Varieties/T_Leaves_Variety_11_M.uasset" 3381
"D:/Kool/Saxion/Semester 4/Unreal/AE_Unreal/Content/ExternalAssets/CustomizableVines/Textures/Leaves/T_Leaves_10_N.uasset" 3382
"D:/Kool/Saxion/Semester 4/Unreal/AE_Unreal/Content/ExternalAssets/CustomizableVines/Textures/Leaves/Varieties/T_Leaves_Variety_11_N.uasset" 3383
"D:/Kool/Saxion/Semester 4/Unreal/AE_Unreal/Content/ExternalAssets/CustomizableVines/Textures/Bark/T_Bark_11_M.uasset" 3384
"D:/Kool/Saxion/Semester 4/Unreal/AE_Unreal/Content/ExternalAssets/CustomizableVines/Textures/Leaves/T_Leaves_11_CM.uasset" 3385
"D:/Kool/Saxion/Semester 4/Unreal/AE_Unreal/Content/ExternalAssets/CustomizableVines/Textures/Leaves/Varieties/T_Leaves_Variety_12_CM.uasset" 3386
"D:/Kool/Saxion/Semester 4/Unreal/AE_Unreal/Content/ExternalAssets/CustomizableVines/Textures/Leaves/T_Leaves_11_M.uasset" 3387
"D:/Kool/Saxion/Semester 4/Unreal/AE_Unreal/Content/ExternalAssets/CustomizableVines/Textures/Bark/T_Bark_11_N.uasset" 3388
"D:/Kool/Saxion/Semester 4/Unreal/AE_Unreal/Content/ExternalAssets/CustomizableVines/Textures/Leaves/Varieties/T_Leaves_Variety_12_M.uasset" 3389
"D:/Kool/Saxion/Semester 4/Unreal/AE_Unreal/Content/ExternalAssets/CustomizableVines/Textures/Leaves/T_Leaves_11_N.uasset" 3390
"D:/Kool/Saxion/Semester 4/Unreal/AE_Unreal/Content/ExternalAssets/CustomizableVines/Textures/Leaves/Varieties/T_Leaves_Variety_12_N.uasset" 3391
"D:/Kool/Saxion/Semester 4/Unreal/AE_Unreal/Content/ExternalAssets/CustomizableVines/Textures/Bark/T_Bark_12_M.uasset" 3392
"D:/Kool/Saxion/Semester 4/Unreal/AE_Unreal/Content/ExternalAssets/CustomizableVines/Textures/Leaves/T_Leaves_12_CM.uasset" 3393
"D:/Kool/Saxion/Semester 4/Unreal/AE_Unreal/Content/ExternalAssets/CustomizableVines/Textures/Leaves/Varieties/T_Leaves_Variety_13_CM.uasset" 3394
"D:/Kool/Saxion/Semester 4/Unreal/AE_Unreal/Content/ExternalAssets/CustomizableVines/Textures/Bark/T_Bark_12_N.uasset" 3395
"D:/Kool/Saxion/Semester 4/Unreal/AE_Unreal/Content/ExternalAssets/CustomizableVines/Textures/Leaves/Varieties/T_Leaves_Variety_13_M.uasset" 3396
"D:/Kool/Saxion/Semester 4/Unreal/AE_Unreal/Content/ExternalAssets/CustomizableVines/Textures/Leaves/T_Leaves_12_M.uasset" 3397
"D:/Kool/Saxion/Semester 4/Unreal/AE_Unreal/Content/ExternalAssets/CustomizableVines/Textures/Leaves/Varieties/T_Leaves_Variety_13_N.uasset" 3398
"D:/Kool/Saxion/Semester 4/Unreal/AE_Unreal/Content/ExternalAssets/CustomizableVines/Textures/Leaves/T_Leaves_12_N.uasset" 3399
"D:/Kool/Saxion/Semester 4/Unreal/AE_Unreal/Content/ExternalAssets/CustomizableVines/Textures/Bark/T_Bark_13_M.uasset" 3400
"D:/Kool/Saxion/Semester 4/Unreal/AE_Unreal/Content/ExternalAssets/CustomizableVines/Textures/Leaves/Varieties/T_Leaves_Variety_14_CM.uasset" 3401
"D:/Kool/Saxion/Semester 4/Unreal/AE_Unreal/Content/ExternalAssets/CustomizableVines/Textures/Leaves/T_Leaves_13_CM.uasset" 3402
"D:/Kool/Saxion/Semester 4/Unreal/AE_Unreal/Content/ExternalAssets/CustomizableVines/Textures/Bark/T_Bark_13_N.uasset" 3403
"D:/Kool/Saxion/Semester 4/Unreal/AE_Unreal/Content/ExternalAssets/CustomizableVines/Textures/Leaves/Varieties/T_Leaves_Variety_14_M.uasset" 3404
"D:/Kool/Saxion/Semester 4/Unreal/AE_Unreal/Content/ExternalAssets/CustomizableVines/Textures/Leaves/T_Leaves_13_M.uasset" 3405
"D:/Kool/Saxion/Semester 4/Unreal/AE_Unreal/Content/ExternalAssets/CustomizableVines/Textures/Leaves/Varieties/T_Leaves_Variety_14_N.uasset" 3406
"D:/Kool/Saxion/Semester 4/Unreal/AE_Unreal/Content/ExternalAssets/CustomizableVines/Textures/Leaves/T_Leaves_13_N.uasset" 3407
"D:/Kool/Saxion/Semester 4/Unreal/AE_Unreal/Content/ExternalAssets/CustomizableVines/Textures/Bark/T_Bark_14_M.uasset" 3408
"D:/Kool/Saxion/Semester 4/Unreal/AE_Unreal/Content/ExternalAssets/CustomizableVines/Textures/Leaves/Varieties/T_Leaves_Variety_15_CM.uasset" 3409
"D:/Kool/Saxion/Semester 4/Unreal/AE_Unreal/Content/ExternalAssets/CustomizableVines/Textures/Leaves/T_Leaves_14_CM.uasset" 3410
"D:/Kool/Saxion/Semester 4/Unreal/AE_Unreal/Content/ExternalAssets/CustomizableVines/Textures/Bark/T_Bark_14_N.uasset" 3411
"D:/Kool/Saxion/Semester 4/Unreal/AE_Unreal/Content/ExternalAssets/CustomizableVines/Textures/Leaves/Varieties/T_Leaves_Variety_15_M.uasset" 3412
"D:/Kool/Saxion/Semester 4/Unreal/AE_Unreal/Content/ExternalAssets/CustomizableVines/Textures/Leaves/T_Leaves_14_M.uasset" 3413
"D:/Kool/Saxion/Semester 4/Unreal/AE_Unreal/Content/ExternalAssets/CustomizableVines/Textures/Leaves/Varieties/T_Leaves_Variety_15_N.uasset" 3414
"D:/Kool/Saxion/Semester 4/Unreal/AE_Unreal/Content/ExternalAssets/CustomizableVines/Textures/Leaves/T_Leaves_14_N.uasset" 3415
"D:/Kool/Saxion/Semester 4/Unreal/AE_Unreal/Content/ExternalAssets/CustomizableVines/Textures/Bark/T_Bark_15_M.uasset" 3416
"D:/Kool/Saxion/Semester 4/Unreal/AE_Unreal/Content/ExternalAssets/CustomizableVines/Textures/Leaves/T_Leaves_15_CM.uasset" 3417
"D:/Kool/Saxion/Semester 4/Unreal/AE_Unreal/Content/ExternalAssets/CustomizableVines/Textures/Leaves/Varieties/T_Leaves_Variety_16_CM.uasset" 3418
"D:/Kool/Saxion/Semester 4/Unreal/AE_Unreal/Content/ExternalAssets/CustomizableVines/Textures/Bark/T_Bark_15_N.uasset" 3419
"D:/Kool/Saxion/Semester 4/Unreal/AE_Unreal/Content/ExternalAssets/CustomizableVines/Textures/Leaves/T_Leaves_15_M.uasset" 3420
"D:/Kool/Saxion/Semester 4/Unreal/AE_Unreal/Content/ExternalAssets/CustomizableVines/Textures/Leaves/Varieties/T_Leaves_Variety_16_M.uasset" 3421
"D:/Kool/Saxion/Semester 4/Unreal/AE_Unreal/Content/ExternalAssets/CustomizableVines/Textures/Leaves/T_Leaves_15_N.uasset" 3422
"D:/Kool/Saxion/Semester 4/Unreal/AE_Unreal/Content/ExternalAssets/CustomizableVines/Textures/Leaves/Varieties/T_Leaves_Variety_16_N.uasset" 3423
"D:/Kool/Saxion/Semester 4/Unreal/AE_Unreal/Content/ExternalAssets/CustomizableVines/Textures/Bark/T_Bark_16_M.uasset" 3424
"D:/Kool/Saxion/Semester 4/Unreal/AE_Unreal/Content/ExternalAssets/CustomizableVines/Textures/Leaves/Varieties/T_Leaves_Variety_17_CM.uasset" 3425
"D:/Kool/Saxion/Semester 4/Unreal/AE_Unreal/Content/ExternalAssets/CustomizableVines/Textures/Leaves/T_Leaves_16_CM.uasset" 3426
"D:/Kool/Saxion/Semester 4/Unreal/AE_Unreal/Content/ExternalAssets/CustomizableVines/Textures/Bark/T_Bark_16_N.uasset" 3427
"D:/Kool/Saxion/Semester 4/Unreal/AE_Unreal/Content/ExternalAssets/CustomizableVines/Textures/Leaves/Varieties/T_Leaves_Variety_17_M.uasset" 3428
"D:/Kool/Saxion/Semester 4/Unreal/AE_Unreal/Content/ExternalAssets/CustomizableVines/Textures/Leaves/T_Leaves_16_M.uasset" 3429
"D:/Kool/Saxion/Semester 4/Unreal/AE_Unreal/Content/ExternalAssets/CustomizableVines/Textures/Leaves/T_Leaves_16_N.uasset" 3430
"D:/Kool/Saxion/Semester 4/Unreal/AE_Unreal/Content/ExternalAssets/CustomizableVines/Textures/Bark/T_Bark_17_M.uasset" 3431
"D:/Kool/Saxion/Semester 4/Unreal/AE_Unreal/Content/ExternalAssets/CustomizableVines/Textures/Leaves/Varieties/T_Leaves_Variety_17_N.uasset" 3432
"D:/Kool/Saxion/Semester 4/Unreal/AE_Unreal/Content/ExternalAssets/CustomizableVines/Textures/Leaves/T_Leaves_17_CM.uasset" 3433
"D:/Kool/Saxion/Semester 4/Unreal/AE_Unreal/Content/ExternalAssets/CustomizableVines/Textures/Bark/T_Bark_17_N.uasset" 3434
"D:/Kool/Saxion/Semester 4/Unreal/AE_Unreal/Content/ExternalAssets/CustomizableVines/Textures/Leaves/Varieties/T_Leaves_Variety_18_CM.uasset" 3435
"D:/Kool/Saxion/Semester 4/Unreal/AE_Unreal/Content/ExternalAssets/CustomizableVines/Textures/Leaves/T_Leaves_17_M.uasset" 3436
"D:/Kool/Saxion/Semester 4/Unreal/AE_Unreal/Content/ExternalAssets/CustomizableVines/Textures/Leaves/Varieties/T_Leaves_Variety_18_M.uasset" 3437
"D:/Kool/Saxion/Semester 4/Unreal/AE_Unreal/Content/ExternalAssets/CustomizableVines/Textures/Leaves/T_Leaves_17_N.uasset" 3438
"D:/Kool/Saxion/Semester 4/Unreal/AE_Unreal/Content/ExternalAssets/CustomizableVines/Textures/Bark/T_Bark_18_M.uasset" 3439
"D:/Kool/Saxion/Semester 4/Unreal/AE_Unreal/Content/ExternalAssets/CustomizableVines/Textures/Leaves/Varieties/T_Leaves_Variety_18_N.uasset" 3440
"D:/Kool/Saxion/Semester 4/Unreal/AE_Unreal/Content/ExternalAssets/CustomizableVines/Textures/Leaves/T_Leaves_18_CM.uasset" 3441
"D:/Kool/Saxion/Semester 4/Unreal/AE_Unreal/Content/ExternalAssets/CustomizableVines/Textures/Bark/T_Bark_18_N.uasset" 3442
"D:/Kool/Saxion/Semester 4/Unreal/AE_Unreal/Content/ExternalAssets/CustomizableVines/Textures/Leaves/Varieties/T_Leaves_Variety_19_CM.uasset" 3443
"D:/Kool/Saxion/Semester 4/Unreal/AE_Unreal/Content/ExternalAssets/CustomizableVines/Textures/Leaves/T_Leaves_18_M.uasset" 3444
"D:/Kool/Saxion/Semester 4/Unreal/AE_Unreal/Content/ExternalAssets/CustomizableVines/Textures/Leaves/Varieties/T_Leaves_Variety_19_M.uasset" 3445
"D:/Kool/Saxion/Semester 4/Unreal/AE_Unreal/Content/ExternalAssets/CustomizableVines/Textures/Leaves/T_Leaves_18_N.uasset" 3446
"D:/Kool/Saxion/Semester 4/Unreal/AE_Unreal/Content/ExternalAssets/CustomizableVines/Textures/Bark/T_Bark_19_M.uasset" 3447
"D:/Kool/Saxion/Semester 4/Unreal/AE_Unreal/Content/ExternalAssets/CustomizableVines/Textures/Leaves/Varieties/T_Leaves_Variety_19_N.uasset" 3448
"D:/Kool/Saxion/Semester 4/Unreal/AE_Unreal/Content/ExternalAssets/CustomizableVines/Textures/Leaves/T_Leaves_19_CM.uasset" 3449
"D:/Kool/Saxion/Semester 4/Unreal/AE_Unreal/Content/ExternalAssets/CustomizableVines/Textures/Bark/T_Bark_19_N.uasset" 3450
"D:/Kool/Saxion/Semester 4/Unreal/AE_Unreal/Content/ExternalAssets/CustomizableVines/Textures/Leaves/Varieties/T_Leaves_Variety_20_CM.uasset" 3451
"D:/Kool/Saxion/Semester 4/Unreal/AE_Unreal/Content/ExternalAssets/CustomizableVines/Textures/Leaves/T_Leaves_19_M.uasset" 3452
"D:/Kool/Saxion/Semester 4/Unreal/AE_Unreal/Content/ExternalAssets/CustomizableVines/Textures/Leaves/Varieties/T_Leaves_Variety_20_M.uasset" 3453
"D:/Kool/Saxion/Semester 4/Unreal/AE_Unreal/Content/ExternalAssets/CustomizableVines/Textures/Leaves/T_Leaves_19_N.uasset" 3454
"D:/Kool/Saxion/Semester 4/Unreal/AE_Unreal/Content/ExternalAssets/CustomizableVines/Textures/Bark/T_Bark_20_M.uasset" 3455
"D:/Kool/Saxion/Semester 4/Unreal/AE_Unreal/Content/ExternalAssets/CustomizableVines/Textures/Leaves/Varieties/T_Leaves_Variety_20_N.uasset" 3456
"D:/Kool/Saxion/Semester 4/Unreal/AE_Unreal/Content/ExternalAssets/CustomizableVines/Textures/Leaves/T_Leaves_20_CM.uasset" 3457
"D:/Kool/Saxion/Semester 4/Unreal/AE_Unreal/Content/ExternalAssets/CustomizableVines/Textures/Leaves/Varieties/T_Leaves_Variety_21_CM.uasset" 3458
"D:/Kool/Saxion/Semester 4/Unreal/AE_Unreal/Content/ExternalAssets/CustomizableVines/Textures/Bark/T_Bark_20_N.uasset" 3459
"D:/Kool/Saxion/Semester 4/Unreal/AE_Unreal/Content/ExternalAssets/CustomizableVines/Textures/Leaves/T_Leaves_20_M.uasset" 3460
"D:/Kool/Saxion/Semester 4/Unreal/AE_Unreal/Content/ExternalAssets/CustomizableVines/Textures/Leaves/Varieties/T_Leaves_Variety_21_M.uasset" 3461
"D:/Kool/Saxion/Semester 4/Unreal/AE_Unreal/Content/ExternalAssets/CustomizableVines/Textures/Leaves/T_Leaves_20_N.uasset" 3462
"D:/Kool/Saxion/Semester 4/Unreal/AE_Unreal/Content/ExternalAssets/CustomizableVines/Textures/Bark/T_Bark_21_M.uasset" 3463
"D:/Kool/Saxion/Semester 4/Unreal/AE_Unreal/Content/ExternalAssets/CustomizableVines/Textures/Leaves/Varieties/T_Leaves_Variety_21_N.uasset" 3464
"D:/Kool/Saxion/Semester 4/Unreal/AE_Unreal/Content/ExternalAssets/CustomizableVines/Textures/Leaves/T_Leaves_21_CM.uasset" 3465
"D:/Kool/Saxion/Semester 4/Unreal/AE_Unreal/Content/ExternalAssets/CustomizableVines/Textures/Leaves/Varieties/T_Leaves_Variety_22_CM.uasset" 3466
"D:/Kool/Saxion/Semester 4/Unreal/AE_Unreal/Content/ExternalAssets/CustomizableVines/Textures/Bark/T_Bark_21_N.uasset" 3467
"D:/Kool/Saxion/Semester 4/Unreal/AE_Unreal/Content/ExternalAssets/CustomizableVines/Textures/Leaves/T_Leaves_21_M.uasset" 3468
"D:/Kool/Saxion/Semester 4/Unreal/AE_Unreal/Content/ExternalAssets/CustomizableVines/Textures/Leaves/Varieties/T_Leaves_Variety_22_M.uasset" 3469
"D:/Kool/Saxion/Semester 4/Unreal/AE_Unreal/Content/ExternalAssets/CustomizableVines/Textures/Leaves/T_Leaves_21_N.uasset" 3470
"D:/Kool/Saxion/Semester 4/Unreal/AE_Unreal/Content/ExternalAssets/CustomizableVines/Textures/Bark/T_Bark_22_M.uasset" 3471
"D:/Kool/Saxion/Semester 4/Unreal/AE_Unreal/Content/ExternalAssets/CustomizableVines/Textures/Leaves/Varieties/T_Leaves_Variety_22_N.uasset" 3472
"D:/Kool/Saxion/Semester 4/Unreal/AE_Unreal/Content/ExternalAssets/CustomizableVines/Textures/Leaves/T_Leaves_22_CM.uasset" 3473
"D:/Kool/Saxion/Semester 4/Unreal/AE_Unreal/Content/ExternalAssets/CustomizableVines/Textures/Bark/T_Bark_22_N.uasset" 3474
"D:/Kool/Saxion/Semester 4/Unreal/AE_Unreal/Content/ExternalAssets/CustomizableVines/Textures/Leaves/Varieties/T_Leaves_Variety_23_CM.uasset" 3475
"D:/Kool/Saxion/Semester 4/Unreal/AE_Unreal/Content/ExternalAssets/CustomizableVines/Textures/Leaves/T_Leaves_22_M.uasset" 3476
"D:/Kool/Saxion/Semester 4/Unreal/AE_Unreal/Content/ExternalAssets/CustomizableVines/Textures/Leaves/Varieties/T_Leaves_Variety_23_M.uasset" 3477
"D:/Kool/Saxion/Semester 4/Unreal/AE_Unreal/Content/ExternalAssets/CustomizableVines/Textures/Leaves/T_Leaves_22_N.uasset" 3478
"D:/Kool/Saxion/Semester 4/Unreal/AE_Unreal/Content/ExternalAssets/CustomizableVines/Textures/Bark/T_Bark_23_M.uasset" 3479
"D:/Kool/Saxion/Semester 4/Unreal/AE_Unreal/Content/ExternalAssets/CustomizableVines/Textures/Leaves/Varieties/T_Leaves_Variety_23_N.uasset" 3480
"D:/Kool/Saxion/Semester 4/Unreal/AE_Unreal/Content/ExternalAssets/CustomizableVines/Textures/Leaves/T_Leaves_23_CM.uasset" 3481
"D:/Kool/Saxion/Semester 4/Unreal/AE_Unreal/Content/ExternalAssets/CustomizableVines/Textures/Bark/T_Bark_23_N.uasset" 3482
"D:/Kool/Saxion/Semester 4/Unreal/AE_Unreal/Content/ExternalAssets/CustomizableVines/Textures/Leaves/Varieties/T_Leaves_Variety_24_CM.uasset" 3483
"D:/Kool/Saxion/Semester 4/Unreal/AE_Unreal/Content/ExternalAssets/CustomizableVines/Textures/Leaves/T_Leaves_23_M.uasset" 3484
"D:/Kool/Saxion/Semester 4/Unreal/AE_Unreal/Content/ExternalAssets/CustomizableVines/Textures/Leaves/Varieties/T_Leaves_Variety_24_M.uasset" 3485
"D:/Kool/Saxion/Semester 4/Unreal/AE_Unreal/Content/ExternalAssets/CustomizableVines/Textures/Leaves/T_Leaves_23_N.uasset" 3486
"D:/Kool/Saxion/Semester 4/Unreal/AE_Unreal/Content/ExternalAssets/CustomizableVines/Textures/Bark/T_Bark_24_M.uasset" 3487
"D:/Kool/Saxion/Semester 4/Unreal/AE_Unreal/Content/ExternalAssets/CustomizableVines/Textures/Leaves/Varieties/T_Leaves_Variety_24_N.uasset" 3488
"D:/Kool/Saxion/Semester 4/Unreal/AE_Unreal/Content/ExternalAssets/CustomizableVines/Textures/Leaves/T_Leaves_24_CM.uasset" 3489
"D:/Kool/Saxion/Semester 4/Unreal/AE_Unreal/Content/ExternalAssets/CustomizableVines/Textures/Bark/T_Bark_24_N.uasset" 3490
"D:/Kool/Saxion/Semester 4/Unreal/AE_Unreal/Content/ExternalAssets/CustomizableVines/Textures/Leaves/Varieties/T_Leaves_Variety_25_CM.uasset" 3491
"D:/Kool/Saxion/Semester 4/Unreal/AE_Unreal/Content/ExternalAssets/CustomizableVines/Textures/Leaves/T_Leaves_24_M.uasset" 3492
"D:/Kool/Saxion/Semester 4/Unreal/AE_Unreal/Content/ExternalAssets/CustomizableVines/Textures/Leaves/Varieties/T_Leaves_Variety_25_M.uasset" 3493
"D:/Kool/Saxion/Semester 4/Unreal/AE_Unreal/Content/ExternalAssets/CustomizableVines/Textures/Leaves/T_Leaves_24_N.uasset" 3494
"D:/Kool/Saxion/Semester 4/Unreal/AE_Unreal/Content/ExternalAssets/CustomizableVines/Textures/Bark/T_Bark_25_M.uasset" 3495
"D:/Kool/Saxion/Semester 4/Unreal/AE_Unreal/Content/ExternalAssets/CustomizableVines/Textures/Leaves/Varieties/T_Leaves_Variety_25_N.uasset" 3496
"D:/Kool/Saxion/Semester 4/Unreal/AE_Unreal/Content/ExternalAssets/CustomizableVines/Textures/Leaves/T_Leaves_25_CM.uasset" 3497
"D:/Kool/Saxion/Semester 4/Unreal/AE_Unreal/Content/ExternalAssets/CustomizableVines/Textures/Bark/T_Bark_25_N.uasset" 3498
"D:/Kool/Saxion/Semester 4/Unreal/AE_Unreal/Content/ExternalAssets/CustomizableVines/Textures/Leaves/Varieties/T_Leaves_Variety_26_CM.uasset" 3499
"D:/Kool/Saxion/Semester 4/Unreal/AE_Unreal/Content/ExternalAssets/CustomizableVines/Textures/Leaves/T_Leaves_25_M.uasset" 3500
"D:/Kool/Saxion/Semester 4/Unreal/AE_Unreal/Content/ExternalAssets/CustomizableVines/Textures/Bark/T_Bark_26_M.uasset" 3501
"D:/Kool/Saxion/Semester 4/Unreal/AE_Unreal/Content/ExternalAssets/CustomizableVines/Textures/Leaves/Varieties/T_Leaves_Variety_26_M.uasset" 3502
"D:/Kool/Saxion/Semester 4/Unreal/AE_Unreal/Content/ExternalAssets/CustomizableVines/Textures/Leaves/T_Leaves_25_N.uasset" 3503
"D:/Kool/Saxion/Semester 4/Unreal/AE_Unreal/Content/ExternalAssets/CustomizableVines/Textures/Leaves/Varieties/T_Leaves_Variety_26_N.uasset" 3504
"D:/Kool/Saxion/Semester 4/Unreal/AE_Unreal/Content/ExternalAssets/CustomizableVines/Textures/Leaves/T_Leaves_26_CM.uasset" 3505
"D:/Kool/Saxion/Semester 4/Unreal/AE_Unreal/Content/ExternalAssets/CustomizableVines/Textures/Bark/T_Bark_26_N.uasset" 3506
"D:/Kool/Saxion/Semester 4/Unreal/AE_Unreal/Content/ExternalAssets/CustomizableVines/Textures/Leaves/T_Leaves_26_M.uasset" 3507
"D:/Kool/Saxion/Semester 4/Unreal/AE_Unreal/Content/ExternalAssets/CustomizableVines/Textures/Leaves/Varieties/T_Leaves_Variety_27_CM.uasset" 3508
"D:/Kool/Saxion/Semester 4/Unreal/AE_Unreal/Content/ExternalAssets/CustomizableVines/Textures/Bark/T_Bark_27_M.uasset" 3509
"D:/Kool/Saxion/Semester 4/Unreal/AE_Unreal/Content/ExternalAssets/CustomizableVines/Textures/Leaves/T_Leaves_26_N.uasset" 3510
"D:/Kool/Saxion/Semester 4/Unreal/AE_Unreal/Content/ExternalAssets/CustomizableVines/Textures/Leaves/Varieties/T_Leaves_Variety_27_M.uasset" 3511
"D:/Kool/Saxion/Semester 4/Unreal/AE_Unreal/Content/ExternalAssets/CustomizableVines/Textures/Leaves/T_Leaves_27_CM.uasset" 3512
"D:/Kool/Saxion/Semester 4/Unreal/AE_Unreal/Content/ExternalAssets/CustomizableVines/Textures/Leaves/Varieties/T_Leaves_Variety_27_N.uasset" 3513
"D:/Kool/Saxion/Semester 4/Unreal/AE_Unreal/Content/ExternalAssets/CustomizableVines/Textures/Bark/T_Bark_27_N.uasset" 3514
"D:/Kool/Saxion/Semester 4/Unreal/AE_Unreal/Content/ExternalAssets/CustomizableVines/Textures/Leaves/T_Leaves_27_M.uasset" 3515
"D:/Kool/Saxion/Semester 4/Unreal/AE_Unreal/Content/ExternalAssets/CustomizableVines/Textures/Leaves/Varieties/T_Leaves_Variety_28_CM.uasset" 3516
"D:/Kool/Saxion/Semester 4/Unreal/AE_Unreal/Content/ExternalAssets/CustomizableVines/Textures/Bark/T_Bark_28_M.uasset" 3517
"D:/Kool/Saxion/Semester 4/Unreal/AE_Unreal/Content/ExternalAssets/CustomizableVines/Textures/Leaves/T_Leaves_27_N.uasset" 3518
"D:/Kool/Saxion/Semester 4/Unreal/AE_Unreal/Content/ExternalAssets/CustomizableVines/Textures/Leaves/Varieties/T_Leaves_Variety_28_M.uasset" 3519
"D:/Kool/Saxion/Semester 4/Unreal/AE_Unreal/Content/ExternalAssets/CustomizableVines/Textures/Leaves/T_Leaves_28_CM.uasset" 3520
"D:/Kool/Saxion/Semester 4/Unreal/AE_Unreal/Content/ExternalAssets/CustomizableVines/Textures/Bark/T_Bark_28_N.uasset" 3521
"D:/Kool/Saxion/Semester 4/Unreal/AE_Unreal/Content/ExternalAssets/CustomizableVines/Textures/Leaves/Varieties/T_Leaves_Variety_28_N.uasset" 3522
"D:/Kool/Saxion/Semester 4/Unreal/AE_Unreal/Content/ExternalAssets/CustomizableVines/Textures/Leaves/T_Leaves_28_M.uasset" 3523
"D:/Kool/Saxion/Semester 4/Unreal/AE_Unreal/Content/ExternalAssets/CustomizableVines/Textures/Leaves/Varieties/T_Leaves_Variety_29_CM.uasset" 3524
"D:/Kool/Saxion/Semester 4/Unreal/AE_Unreal/Content/ExternalAssets/CustomizableVines/Textures/Bark/T_Bark_29_M.uasset" 3525
"D:/Kool/Saxion/Semester 4/Unreal/AE_Unreal/Content/ExternalAssets/CustomizableVines/Textures/Leaves/T_Leaves_28_N.uasset" 3526
"D:/Kool/Saxion/Semester 4/Unreal/AE_Unreal/Content/ExternalAssets/CustomizableVines/Textures/Leaves/Varieties/T_Leaves_Variety_29_M.uasset" 3527
"D:/Kool/Saxion/Semester 4/Unreal/AE_Unreal/Content/ExternalAssets/CustomizableVines/Textures/Leaves/T_Leaves_29_CM.uasset" 3528
"D:/Kool/Saxion/Semester 4/Unreal/AE_Unreal/Content/ExternalAssets/CustomizableVines/Textures/Leaves/Varieties/T_Leaves_Variety_29_N.uasset" 3529
"D:/Kool/Saxion/Semester 4/Unreal/AE_Unreal/Content/ExternalAssets/CustomizableVines/Textures/Bark/T_Bark_29_N.uasset" 3530
"D:/Kool/Saxion/Semester 4/Unreal/AE_Unreal/Content/ExternalAssets/CustomizableVines/Textures/Leaves/T_Leaves_29_M.uasset" 3531
"D:/Kool/Saxion/Semester 4/Unreal/AE_Unreal/Content/ExternalAssets/CustomizableVines/Textures/Leaves/Varieties/T_Leaves_Variety_30_CM.uasset" 3532
"D:/Kool/Saxion/Semester 4/Unreal/AE_Unreal/Content/ExternalAssets/CustomizableVines/Textures/Leaves/T_Leaves_29_N.uasset" 3533
"D:/Kool/Saxion/Semester 4/Unreal/AE_Unreal/Content/ExternalAssets/CustomizableVines/Textures/Bark/T_Bark_30_M.uasset" 3534
"D:/Kool/Saxion/Semester 4/Unreal/AE_Unreal/Content/ExternalAssets/CustomizableVines/Textures/Leaves/Varieties/T_Leaves_Variety_30_M.uasset" 3535
"D:/Kool/Saxion/Semester 4/Unreal/AE_Unreal/Content/ExternalAssets/CustomizableVines/Textures/Leaves/T_Leaves_30_CM.uasset" 3536
"D:/Kool/Saxion/Semester 4/Unreal/AE_Unreal/Content/ExternalAssets/CustomizableVines/Textures/Leaves/Varieties/T_Leaves_Variety_30_N.uasset" 3537
"D:/Kool/Saxion/Semester 4/Unreal/AE_Unreal/Content/ExternalAssets/CustomizableVines/Textures/Bark/T_Bark_30_N.uasset" 3538
"D:/Kool/Saxion/Semester 4/Unreal/AE_Unreal/Content/ExternalAssets/CustomizableVines/Textures/Leaves/T_Leaves_30_M.uasset" 3539
"D:/Kool/Saxion/Semester 4/Unreal/AE_Unreal/Content/ExternalAssets/CustomizableVines/Textures/Leaves/Varieties/T_Leaves_Variety_31_CM.uasset" 3540
"D:/Kool/Saxion/Semester 4/Unreal/AE_Unreal/Content/ExternalAssets/CustomizableVines/Textures/Bark/T_Bark_31_M.uasset" 3541
"D:/Kool/Saxion/Semester 4/Unreal/AE_Unreal/Content/ExternalAssets/CustomizableVines/Textures/Leaves/T_Leaves_30_N.uasset" 3542
"D:/Kool/Saxion/Semester 4/Unreal/AE_Unreal/Content/ExternalAssets/CustomizableVines/Textures/Leaves/Varieties/T_Leaves_Variety_31_M.uasset" 3543
"D:/Kool/Saxion/Semester 4/Unreal/AE_Unreal/Content/ExternalAssets/CustomizableVines/Textures/Bark/T_Bark_31_N.uasset" 3544
"D:/Kool/Saxion/Semester 4/Unreal/AE_Unreal/Content/ExternalAssets/CustomizableVines/Textures/Leaves/T_Leaves_31_CM.uasset" 3545
"D:/Kool/Saxion/Semester 4/Unreal/AE_Unreal/Content/ExternalAssets/CustomizableVines/Textures/Leaves/Varieties/T_Leaves_Variety_31_N.uasset" 3546
"D:/Kool/Saxion/Semester 4/Unreal/AE_Unreal/Content/ExternalAssets/CustomizableVines/Textures/Bark/T_Bark_32_M.uasset" 3547
"D:/Kool/Saxion/Semester 4/Unreal/AE_Unreal/Content/ExternalAssets/CustomizableVines/Textures/Leaves/T_Leaves_31_M.uasset" 3548
"D:/Kool/Saxion/Semester 4/Unreal/AE_Unreal/Content/ExternalAssets/CustomizableVines/Textures/Leaves/Varieties/T_Leaves_Variety_32_CM.uasset" 3549
"D:/Kool/Saxion/Semester 4/Unreal/AE_Unreal/Content/ExternalAssets/CustomizableVines/Textures/Bark/T_Bark_32_N.uasset" 3550
"D:/Kool/Saxion/Semester 4/Unreal/AE_Unreal/Content/ExternalAssets/CustomizableVines/Textures/Leaves/T_Leaves_31_N.uasset" 3551
"D:/Kool/Saxion/Semester 4/Unreal/AE_Unreal/Content/ExternalAssets/CustomizableVines/Textures/Leaves/Varieties/T_Leaves_Variety_32_M.uasset" 3552
"D:/Kool/Saxion/Semester 4/Unreal/AE_Unreal/Content/ExternalAssets/CustomizableVines/Textures/Leaves/T_Leaves_32_CM.uasset" 3553
"D:/Kool/Saxion/Semester 4/Unreal/AE_Unreal/Content/ExternalAssets/CustomizableVines/Textures/Leaves/Varieties/T_Leaves_Variety_32_N.uasset" 3554
"D:/Kool/Saxion/Semester 4/Unreal/AE_Unreal/Content/ExternalAssets/CustomizableVines/Textures/Leaves/T_Leaves_32_M.uasset" 3555
"D:/Kool/Saxion/Semester 4/Unreal/AE_Unreal/Content/ExternalAssets/CustomizableVines/Textures/Leaves/T_Leaves_32_N.uasset" 3556
"/Engine/EngineResources/WhiteSquareTexture" 3557
"../../../Engine/Content/EngineResources/WhiteSquareTexture.uasset" 3558
"/Engine/EngineResources/GradientTexture0" 3559
"../../../Engine/Content/EngineResources/GradientTexture0.uasset" 3560
"/Engine/EngineResources/Black" 3561
"../../../Engine/Content/EngineResources/Black.uasset" 3562
"/Engine/EditorResources/S_Actor" 3563
"../../../Engine/Content/EditorResources/S_Actor.uasset" 3564
"/Engine/EngineFonts/RobotoDistanceField" 3565
"../../../Engine/Content/EngineFonts/RobotoDistanceField.uasset" 3566
"/Engine/EngineMaterials/DefaultTextMaterialOpaque" 3567
"../../../Engine/Content/EngineMaterials/DefaultTextMaterialOpaque.uasset" 3568
"/Engine/Functions/Engine_MaterialFunctions01/Shading/PowerToRoughness" 3569
"../../../Engine/Content/Functions/Engine_MaterialFunctions01/Shading/PowerToRoughness.uasset" 3570
"/Engine/Functions/Engine_MaterialFunctions01/Shading/ConvertFromDiffSpec" 3571
"../../../Engine/Content/Functions/Engine_MaterialFunctions01/Shading/ConvertFromDiffSpec.uasset" 3572
"/Engine/EngineMaterials/WorldGridMaterial" 3573
"../../../Engine/Content/EngineMaterials/WorldGridMaterial.uasset" 3574
"../../../Engine/Content/Functions/Engine_MaterialFunctions01/Opacity/CameraDepthFade.uasset" 3575
"../../../Engine/Content/EngineMaterials/T_Default_Material_Grid_M.uasset" 3576
"../../../Engine/Content/EngineMaterials/T_Default_Material_Grid_N.uasset" 3577
"/Engine/EngineMaterials/DefaultDeferredDecalMaterial" 3578
"../../../Engine/Content/EngineMaterials/DefaultDeferredDecalMaterial.uasset" 3579
"../../../Engine/Content/EngineMaterials/DefaultDiffuse.uasset" 3580
"/Engine/EngineMaterials/DefaultLightFunctionMaterial" 3581
"../../../Engine/Content/EngineMaterials/DefaultLightFunctionMaterial.uasset" 3582
"/Engine/EngineMaterials/DefaultPostProcessMaterial" 3583
"../../../Engine/Content/EngineMaterials/DefaultPostProcessMaterial.uasset" 3584
"../../../Engine/Content/Functions/Engine_MaterialFunctions02/Utility/BreakOutFloat2Components.uasset" 3585
"/Engine/EditorResources/S_Trigger" 3586
"../../../Engine/Content/EditorResources/S_Trigger.uasset" 3587
"/Engine/EditorResources/S_BoxReflectionCapture" 3588
"../../../Engine/Content/EditorResources/S_BoxReflectionCapture.uasset" 3589
"/Engine/EngineResources/DefaultTexture" 3590
"../../../Engine/Content/EngineResources/DefaultTexture.uasset" 3591
"/Engine/EditorResources/S_TriggerBox" 3592
"../../../Engine/Content/EditorResources/S_TriggerBox.uasset" 3593
"/Engine/EditorResources/S_TriggerCapsule" 3594
"../../../Engine/Content/EditorResources/S_TriggerCapsule.uasset" 3595
"/Engine/EditorResources/S_TriggerSphere" 3596
"../../../Engine/Content/EditorResources/S_TriggerSphere.uasset" 3597
"/Engine/EngineMeshes/Sphere" 3598
"../../../Engine/Content/EngineMeshes/Sphere.uasset" 3599
"/Engine/EngineDamageTypes/DmgTypeBP_Environmental" 3600
"../../../Engine/Content/EngineDamageTypes/DmgTypeBP_Environmental.uasset" 3601
"/Engine/EngineResources/DefaultTextureCube" 3602
"../../../Engine/Content/EngineResources/DefaultTextureCube.uasset" 3603
"/Engine/EngineResources/DefaultVolumeTexture" 3604
"../../../Engine/Content/EngineResources/DefaultVolumeTexture.uasset" 3605
"../../../Engine/Content/EngineResources/DefaultVolumeTexture2D.uasset" 3606
"/Engine/EditorResources/S_Solver" 3607
"../../../Engine/Content/EditorResources/S_Solver.uasset" 3608
"/Engine/EngineDebugMaterials/VolumeToRender" 3609
"../../../Engine/Content/EngineDebugMaterials/VolumeToRender.uasset" 3610
"/Engine/EngineDebugMaterials/M_VolumeRenderSphereTracePP" 3611
"../../../Engine/Content/EngineDebugMaterials/M_VolumeRenderSphereTracePP.uasset" 3612
"../../../Engine/Content/Functions/Engine_MaterialFunctions02/Utility/CameraDirectionVector.uasset" 3613
"/Engine/EditorMeshes/Camera/SM_CraneRig_Base" 3614
"../../../Engine/Content/EditorMeshes/Camera/SM_CraneRig_Base.uasset" 3615
"../../../Engine/Content/EditorMaterials/Camera/MI_CineMat_Rig.uasset" 3616
"../../../Engine/Content/EditorMaterials/Camera/CineMat.uasset" 3617
"/Engine/EditorMeshes/Camera/SM_CraneRig_Arm" 3618
"../../../Engine/Content/EditorMeshes/Camera/SM_CraneRig_Arm.uasset" 3619
"/Engine/EditorMeshes/Camera/SM_CraneRig_Mount" 3620
"../../../Engine/Content/EditorMeshes/Camera/SM_CraneRig_Mount.uasset" 3621
"/Engine/EditorMeshes/Camera/SM_CraneRig_Body" 3622
"../../../Engine/Content/EditorMeshes/Camera/SM_CraneRig_Body.uasset" 3623
"/Engine/EditorMeshes/Camera/SM_RailRig_Track" 3624
"../../../Engine/Content/EditorMeshes/Camera/SM_RailRig_Track.uasset" 3625
"/Engine/EditorMeshes/Camera/SM_RailRig_Mount" 3626
"../../../Engine/Content/EditorMeshes/Camera/SM_RailRig_Mount.uasset" 3627
"/Engine/EditorLandscapeResources/SplineEditorMesh" 3628
"../../../Engine/Content/EditorLandscapeResources/SplineEditorMesh.uasset" 3629
"../../../Engine/Content/EditorLandscapeResources/SplineEditorMeshMat.uasset" 3630
"/HairStrands/Materials/HairDebugMaterial" 3631
"../../Plugins/Runtime/HairStrands/Content/Materials/HairDebugMaterial.uasset" 3632
"../../../Engine/Content/Functions/Engine_MaterialFunctions02/Utility/MakeFloat2.uasset" 3633
"../../../Engine/Content/Functions/Engine_MaterialFunctions02/Utility/MakeFloat3.uasset" 3634
"../../../Engine/Content/EngineMaterials/HairColorMap.uasset" 3635
"../../../Engine/Content/EngineMaterials/HairDebugColor.uasset" 3636
"../../Plugins/Runtime/HairStrands/Content/Materials/HairGroupColors.uasset" 3637
"/HairStrands/Materials/HairDefaultMaterial" 3638
"../../Plugins/Runtime/HairStrands/Content/Materials/HairDefaultMaterial.uasset" 3639
"/HairStrands/Materials/HairCardsDefaultMaterial" 3640
"../../Plugins/Runtime/HairStrands/Content/Materials/HairCardsDefaultMaterial.uasset" 3641
"/HairStrands/Materials/HairMeshesDefaultMaterial" 3642
"../../Plugins/Runtime/HairStrands/Content/Materials/HairMeshesDefaultMaterial.uasset" 3643
"/Engine/EngineMaterials/Widget3DPassThrough_Translucent" 3644
"../../../Engine/Content/EngineMaterials/Widget3DPassThrough_Translucent.uasset" 3645
"../../../Engine/Content/EngineMaterials/Widget3DPassThrough.uasset" 3646
"/Engine/EngineMaterials/Widget3DPassThrough_Translucent_OneSided" 3647
"../../../Engine/Content/EngineMaterials/Widget3DPassThrough_Translucent_OneSided.uasset" 3648
"/Engine/EngineMaterials/Widget3DPassThrough_Opaque" 3649
"../../../Engine/Content/EngineMaterials/Widget3DPassThrough_Opaque.uasset" 3650
"/Engine/EngineMaterials/Widget3DPassThrough_Opaque_OneSided" 3651
"../../../Engine/Content/EngineMaterials/Widget3DPassThrough_Opaque_OneSided.uasset" 3652
"/Engine/EngineMaterials/Widget3DPassThrough_Masked" 3653
"../../../Engine/Content/EngineMaterials/Widget3DPassThrough_Masked.uasset" 3654
"/Engine/EngineMaterials/Widget3DPassThrough_Masked_OneSided" 3655
"../../../Engine/Content/EngineMaterials/Widget3DPassThrough_Masked_OneSided.uasset" 3656
"/Engine/VREditor/ViewportInteractionAssetContainerData" 3657
"../../../Engine/Content/VREditor/ViewportInteractionAssetContainerData.uasset" 3658
"../../../Engine/Content/VREditor/SnapGrid/SnapGridMaterial.uasset" 3659
"../../../Engine/Content/VREditor/TransformGizmo/TransformGizmoMaterial_Inst.uasset" 3660
"../../../Engine/Content/VREditor/TransformGizmo/TranslucentTransformGizmoMaterial_Inst.uasset" 3661
"../../../Engine/Content/VREditor/SnapGrid/SnapGridPlaneMesh.uasset" 3662
"../../../Engine/Content/VREditor/Sounds/UI/Drop_Item_From_ContentBrowser.uasset" 3663
"../../../Engine/Content/VREditor/Sounds/UI/Gizmo_Handle_Clicked.uasset" 3664
"../../../Engine/Content/VREditor/Sounds/UI/Object_PickUp.uasset" 3665
"../../../Engine/Content/VREditor/Sounds/UI/Object_Snaps_To_Another_Actor.uasset" 3666
"../../../Engine/Content/VREditor/Sounds/UI/Object_Snaps_To_Grid.uasset" 3667
"../../../Engine/Content/VREditor/Sounds/UI/Scaling_Down.uasset" 3668
"../../../Engine/Content/VREditor/Sounds/UI/Scaling_Up.uasset" 3669
"../../../Engine/Content/VREditor/Sounds/UI/Selection_Changes.uasset" 3670
"../../../Engine/Content/VREditor/TransformGizmo/PlaneTranslationHandle.uasset" 3671
"../../../Engine/Content/VREditor/TransformGizmo/RotationHandleFull.uasset" 3672
"../../../Engine/Content/VREditor/TransformGizmo/RotationHandleIndicator.uasset" 3673
"../../../Engine/Content/VREditor/TransformGizmo/RotationHandleQuarter.uasset" 3674
"../../../Engine/Content/VREditor/TransformGizmo/StartRotationHandleIndicator.uasset" 3675
"../../../Engine/Content/VREditor/TransformGizmo/TransformGizmoFreeRotation.uasset" 3676
"../../../Engine/Content/VREditor/TransformGizmo/TranslateArrowHandle.uasset" 3677
"../../../Engine/Content/VREditor/TransformGizmo/UniformScaleHandle.uasset" 3678
"../../../Engine/Content/Functions/Engine_MaterialFunctions02/Math/Transform3x3Matrix.uasset" 3679
"../../../Engine/Content/Functions/Engine_MaterialFunctions02/SplitComponents.uasset" 3680
"../../../Engine/Content/VREditor/TransformGizmo/TransformGizmoMaterial.uasset" 3681
"../../../Engine/Content/VREditor/TransformGizmo/TranslucentTransformGizmoMaterial.uasset" 3682
"../../../Engine/Content/Functions/Engine_MaterialFunctions02/Utility/BreakOutFloat3Components.uasset" 3683
"../../../Engine/Content/VREditor/LaserPointer/VR_LaserPower_01.uasset" 3684
"/Engine/VREditor/TransformGizmo/BoundingBoxCorner" 3685
"../../../Engine/Content/VREditor/TransformGizmo/BoundingBoxCorner.uasset" 3686
"/Engine/VREditor/TransformGizmo/BoundingBoxEdge" 3687
"../../../Engine/Content/VREditor/TransformGizmo/BoundingBoxEdge.uasset" 3688
"/Engine/ArtTools/RenderToTexture/Meshes/S_1_Unit_Plane" 3689
"../../../Engine/Content/ArtTools/RenderToTexture/Meshes/S_1_Unit_Plane.uasset" 3690
"/Engine/EngineDebugMaterials/M_SimpleUnlitTranslucent" 3691
"../../../Engine/Content/EngineDebugMaterials/M_SimpleUnlitTranslucent.uasset" 3692
"/Engine/EngineFonts/Roboto" 3693
"../../../Engine/Content/EngineFonts/Roboto.uasset" 3694
"../../../Engine/Content/EngineFonts/Faces/DroidSansFallback.uasset" 3695
"../../../Engine/Content/EngineFonts/Faces/RobotoBold.uasset" 3696
"../../../Engine/Content/EngineFonts/Faces/RobotoBoldItalic.uasset" 3697
"../../../Engine/Content/EngineFonts/Faces/RobotoItalic.uasset" 3698
"../../../Engine/Content/EngineFonts/Faces/RobotoLight.uasset" 3699
"../../../Engine/Content/EngineFonts/Faces/RobotoRegular.uasset" 3700
"/Engine/EditorMaterials/ParticleSystems/PSysThumbnail_NoImage" 3701
"../../../Engine/Content/EditorMaterials/ParticleSystems/PSysThumbnail_NoImage.uasset" 3702
"/Engine/EditorMaterials/ParticleSystems/PSysThumbnail_OOD" 3703
"../../../Engine/Content/EditorMaterials/ParticleSystems/PSysThumbnail_OOD.uasset" 3704
"/Engine/EngineResources/LandscapeVisibilityLayerInfo" 3705
"../../../Engine/Content/EngineResources/LandscapeVisibilityLayerInfo.uasset" 3706
"../../../../../Kool/Saxion/Semester 4/Unreal/AE_Unreal/Intermediate/ShaderAutogen/PCD3D_SM5/AutogenShaderHeaders.ush" 3707
"/ACLPlugin/ACLAnimBoneCompressionSettings" 3708
"../../Plugins/Animation/ACLPlugin/Content/ACLAnimBoneCompressionSettings.uasset" 3709
"/Engine/Animation/DefaultRecorderBoneCompression" 3710
"../../../Engine/Content/Animation/DefaultRecorderBoneCompression.uasset" 3711
"/ACLPlugin/ACLAnimCurveCompressionSettings" 3712
"../../Plugins/Animation/ACLPlugin/Content/ACLAnimCurveCompressionSettings.uasset" 3713
"/Engine/Animation/DefaultVariableFrameStrippingSettings" 3714
"../../../Engine/Content/Animation/DefaultVariableFrameStrippingSettings.uasset" 3715
"/ControlRig/Controls/ControlRigXRayMaterial" 3716
"../../Plugins/Animation/ControlRig/Content/Controls/ControlRigXRayMaterial.uasset" 3717
"/ControlRig/Controls/DefaultGizmoLibraryNormalized" 3718
"../../Plugins/Animation/ControlRig/Content/Controls/DefaultGizmoLibraryNormalized.uasset" 3719
"/AudioWidgets/Resources/ScrubHandleDown_Clamped" 3720
"../../Plugins/Runtime/AudioWidgets/Content/Resources/ScrubHandleDown_Clamped.uasset" 3721
"/Paper2D/MaskedUnlitSpriteMaterial" 3722
"../../Plugins/2D/Paper2D/Content/MaskedUnlitSpriteMaterial.uasset" 3723
"../../Plugins/2D/Paper2D/Content/DefaultSpriteMaterial.uasset" 3724
"../../Plugins/2D/Paper2D/Content/PlaceholderTextures/DummySpriteTexture.uasset" 3725
"/Paper2D/OpaqueUnlitSpriteMaterial" 3726
"../../Plugins/2D/Paper2D/Content/OpaqueUnlitSpriteMaterial.uasset" 3727
"/Paper2D/DefaultPaperTerrainMaterial" 3728
"../../Plugins/2D/Paper2D/Content/DefaultPaperTerrainMaterial.uasset" 3729
"../../Plugins/2D/Paper2D/Content/DummySprite.uasset" 3730
"/ControlRig/M_Manip" 3731
"../../Plugins/Animation/ControlRig/Content/M_Manip.uasset" 3732
"../../../Engine/Content/Functions/Engine_MaterialFunctions02/WorldPositionOffset/CameraOffset.uasset" 3733
"../../../Engine/Config/BaseUnrealInsightsSettings.ini" 3734
"/MediaPlate/SM_MediaPlateScreen" 3735
"../../Plugins/Media/MediaPlate/Content/SM_MediaPlateScreen.uasset" 3736
"/SpeedTreeImporter/SpeedTree9/SpeedTreeMaster" 3737
"../../Plugins/Editor/SpeedTreeImporter/Content/SpeedTree9/SpeedTreeMaster.uasset" 3738
"../../../Engine/Content/Functions/Engine_MaterialFunctions02/ObjectLocalBounds.uasset" 3739
"../../../Engine/Content/Functions/Engine_MaterialFunctions02/SafeNormalize.uasset" 3740
"../../../Engine/Content/Functions/Engine_MaterialFunctions02/Utility/VectorLength.uasset" 3741
"../../../Engine/Content/Functions/Engine_MaterialFunctions02/UVs/BoundingBoxBased_0-1_UVW.uasset" 3742
"../../../Engine/Content/Functions/Engine_MaterialFunctions02/WorldPositionOffset/ObjectScale.uasset" 3743
"../../Plugins/Editor/SpeedTreeImporter/Content/SpeedTree9/SpeedTreeBranchMotion.uasset" 3744
"../../Plugins/Editor/SpeedTreeImporter/Content/SpeedTree9/SpeedTreeCameraFacing.uasset" 3745
"../../Plugins/Editor/SpeedTreeImporter/Content/SpeedTree9/SpeedTreeWind.uasset" 3746
"../../Plugins/Editor/SpeedTreeImporter/Content/SpeedTree9/SpeedTreeWindMotion.uasset" 3747
"../../Plugins/Editor/SpeedTreeImporter/Content/SpeedTree9/UnpackDirection.uasset" 3748
"../../Plugins/Editor/SpeedTreeImporter/Content/SpeedTree9/UnpackInteger3.uasset" 3749
"../../Plugins/Editor/SpeedTreeImporter/Content/SpeedTree9/Empty.uasset" 3750
"../../Plugins/Editor/SpeedTreeImporter/Content/SpeedTree9/EmptyNormal.uasset" 3751
"../../Plugins/Editor/SpeedTreeImporter/Content/SpeedTree9/game_wind_noise.uasset" 3752
"/SpeedTreeImporter/SpeedTree9/SpeedTreeBillboardMaster" 3753
"../../Plugins/Editor/SpeedTreeImporter/Content/SpeedTree9/SpeedTreeBillboardMaster.uasset" 3754
"../../Plugins/Editor/SpeedTreeImporter/Content/SpeedTree9/SpeedTreeBillboard.uasset" 3755
"/Engine/BasicShapes/BasicShapeMaterial" 3756
"../../../Engine/Content/BasicShapes/BasicShapeMaterial.uasset" 3757
"/Engine/EditorMaterials/Dataflow/DataflowVertexMaterial" 3758
"../../../Engine/Content/EditorMaterials/Dataflow/DataflowVertexMaterial.uasset" 3759
"/Engine/EditorMaterials/Dataflow/DataflowTwoSidedVertexMaterial" 3760
"../../../Engine/Content/EditorMaterials/Dataflow/DataflowTwoSidedVertexMaterial.uasset" 3761
"/MeshModelingToolsetExp/Materials/PointSetOverlaidComponentMaterial" 3762
"../../Plugins/Experimental/MeshModelingToolsetExp/Content/Materials/PointSetOverlaidComponentMaterial.uasset" 3763
"../../../Engine/Content/Functions/Engine_MaterialFunctions02/Utility/FOV.uasset" 3764
"../../../Engine/Content/Functions/Engine_MaterialFunctions02/WorldPositionOffset/V2/ObjectScale.uasset" 3765
"../../../Engine/Content/Functions/Engine_MaterialFunctions03/Viewport/MF_OrthoWidth.uasset" 3766
"../../Plugins/Experimental/MeshModelingToolsetExp/Content/Materials/GetDisplacementVectorForDepthBias.uasset" 3767
"/Engine/EditorLandscapeResources/LayerVisMaterial" 3768
"../../../Engine/Content/EditorLandscapeResources/LayerVisMaterial.uasset" 3769
"../../../Engine/Content/EditorLandscapeResources/WhiteSquareTexture.uasset" 3770
"/Engine/EditorLandscapeResources/SelectBrushMaterial_Selected" 3771
"../../../Engine/Content/EditorLandscapeResources/SelectBrushMaterial_Selected.uasset" 3772
"../../../Engine/Content/EditorLandscapeResources/SelectBrushMaterial.uasset" 3773
"../../../Engine/Content/Functions/Engine_MaterialFunctions03/Math/WithinRangeFloat2.uasset" 3774
"../../../Engine/Content/EditorLandscapeResources/DefaultAlphaTexture.uasset" 3775
"/Engine/EditorLandscapeResources/SelectBrushMaterial_SelectedRegion" 3776
"../../../Engine/Content/EditorLandscapeResources/SelectBrushMaterial_SelectedRegion.uasset" 3777
"/Engine/EditorLandscapeResources/MaskBrushMaterial_MaskedRegion" 3778
"../../../Engine/Content/EditorLandscapeResources/MaskBrushMaterial_MaskedRegion.uasset" 3779
"../../../Engine/Content/EditorLandscapeResources/MaskBrushMaterial.uasset" 3780
"/Engine/EditorLandscapeResources/ColorMaskBrushMaterial_MaskedRegion" 3781
"../../../Engine/Content/EditorLandscapeResources/ColorMaskBrushMaterial_MaskedRegion.uasset" 3782
"../../../Engine/Content/EditorLandscapeResources/ColorMaskBrushMaterial.uasset" 3783
"/Engine/EditorLandscapeResources/LandscapeDirtyMaterial" 3784
"../../../Engine/Content/EditorLandscapeResources/LandscapeDirtyMaterial.uasset" 3785
"/Engine/EditorLandscapeResources/LandscapeLayerUsageMaterial" 3786
"../../../Engine/Content/EditorLandscapeResources/LandscapeLayerUsageMaterial.uasset" 3787
"../../../Engine/Content/Functions/Engine_MaterialFunctions01/Debug/DebugIntValues.uasset" 3788
"../../../Engine/Content/Functions/Engine_MaterialFunctions01/Texturing/ScaleUVsByCenter.uasset" 3789
"../../../Engine/Content/Functions/Engine_MaterialFunctions02/WorldPositionOffset/LocalPosition.uasset" 3790
"../../../Engine/Content/Functions/Engine_MaterialFunctions01/Texturing/TextureCropping.uasset" 3791
"../../../Engine/Content/Functions/Engine_MaterialFunctions02/ExampleContent/DebugNumberStrip.uasset" 3792
"C:/Users/annie/AppData/Local/UnrealEngine/Editor/UInteractiveToolsPresetCollectionAsset_DefaultCollection.json" 3793
"/Engine/EngineMaterials/NaniteHiddenSectionMaterial" 3794
"../../../Engine/Content/EngineMaterials/NaniteHiddenSectionMaterial.uasset" 3795
"/Engine/EngineMaterials/RemoveSurfaceMaterial" 3796
"../../../Engine/Content/EngineMaterials/RemoveSurfaceMaterial.uasset" 3797
"/Engine/EngineDebugMaterials/DebugMeshMaterial" 3798
"../../../Engine/Content/EngineDebugMaterials/DebugMeshMaterial.uasset" 3799
"/Engine/EngineMaterials/EmissiveMeshMaterial" 3800
"../../../Engine/Content/EngineMaterials/EmissiveMeshMaterial.uasset" 3801
"../../../Engine/Content/EngineMaterials/DefaultWhiteGrid_Low.uasset" 3802
"/Engine/EngineMaterials/M_InvalidLightmapSettings" 3803
"../../../Engine/Content/EngineMaterials/M_InvalidLightmapSettings.uasset" 3804
"../../../Engine/Content/EngineMaterials/InvalidLightmapSettings.uasset" 3805
"/Engine/EngineMaterials/GizmoMaterial" 3806
"../../../Engine/Content/EngineMaterials/GizmoMaterial.uasset" 3807
"/Engine/EngineMaterials/PhAT_JointLimitMaterial" 3808
"../../../Engine/Content/EngineMaterials/PhAT_JointLimitMaterial.uasset" 3809
"/Engine/EngineMaterials/FlattenMaterial" 3810
"../../../Engine/Content/EngineMaterials/FlattenMaterial.uasset" 3811
"../../../Engine/Content/EngineMaterials/BaseFlattenDiffuseMap.uasset" 3812
"../../../Engine/Content/EngineMaterials/BaseFlattenEmissiveMap.uasset" 3813
"../../../Engine/Content/EngineMaterials/BaseFlattenGrayscaleMap.uasset" 3814
"../../../Engine/Content/EngineMaterials/BaseFlattenLinearColor.uasset" 3815
"../../../Engine/Content/EngineMaterials/BaseFlattenNormalMap.uasset" 3816
"../../../Engine/Content/Functions/Engine_MaterialFunctions02/PivotPainter2/Black_1x1_EXR_Texture.uasset" 3817
"/Engine/EngineMaterials/FlattenMaterial_VT" 3818
"../../../Engine/Content/EngineMaterials/FlattenMaterial_VT.uasset" 3819
"../../../Engine/Content/EngineMaterials/BaseFlattenDiffuseMap_VT.uasset" 3820
"../../../Engine/Content/EngineMaterials/BaseFlattenEmissiveMap_VT.uasset" 3821
"../../../Engine/Content/EngineMaterials/BaseFlattenGrayscaleMap_VT.uasset" 3822
"../../../Engine/Content/EngineMaterials/BaseFlattenLinearColor_VT.uasset" 3823
"../../../Engine/Content/EngineMaterials/BaseFlattenNormalMap_VT.uasset" 3824
"../../../Engine/Content/EngineMaterials/Black_1x1_EXR_Texture_VT.uasset" 3825
"/Engine/EngineMaterials/FlattenMaterial_WS_Normal_VT" 3826
"../../../Engine/Content/EngineMaterials/FlattenMaterial_WS_Normal_VT.uasset" 3827
"/Engine/EngineMaterials/Good64x64TilingNoiseHighFreq" 3828
"../../../Engine/Content/EngineMaterials/Good64x64TilingNoiseHighFreq.uasset" 3829
"/Engine/EngineMaterials/DefaultBokeh" 3830
"../../../Engine/Content/EngineMaterials/DefaultBokeh.uasset" 3831
"/Engine/EngineMaterials/MiniFont" 3832
"../../../Engine/Content/EngineMaterials/MiniFont.uasset" 3833
"/Engine/EngineMaterials/WeightMapPlaceholderTexture" 3834
"../../../Engine/Content/EngineMaterials/WeightMapPlaceholderTexture.uasset" 3835
"/Engine/EngineMaterials/WeightMapArrayPlaceholderTexture" 3836
"../../../Engine/Content/EngineMaterials/WeightMapArrayPlaceholderTexture.uasset" 3837
"/Engine/EngineMaterials/DefaultWhiteGrid" 3838
"../../../Engine/Content/EngineMaterials/DefaultWhiteGrid.uasset" 3839
"/Engine/EngineMaterials/PreintegratedSkinBRDF" 3840
"../../../Engine/Content/EngineMaterials/PreintegratedSkinBRDF.uasset" 3841
"/Engine/EngineMaterials/LTC/GGX_LTCAmp" 3842
"../../../Engine/Content/EngineMaterials/LTC/GGX_LTCAmp.uasset" 3843
"/Engine/EngineMaterials/LTC/GGX_LTCMat" 3844
"../../../Engine/Content/EngineMaterials/LTC/GGX_LTCMat.uasset" 3845
"/Engine/EngineMaterials/LTC/Sheen_LTC" 3846
"../../../Engine/Content/EngineMaterials/LTC/Sheen_LTC.uasset" 3847
"/Engine/EngineMaterials/EnergyConservation/GGX_ReflectionEnergy" 3848
"../../../Engine/Content/EngineMaterials/EnergyConservation/GGX_ReflectionEnergy.uasset" 3849
"/Engine/EngineMaterials/EnergyConservation/GGX_TransmissionEnergyArray" 3850
"../../../Engine/Content/EngineMaterials/EnergyConservation/GGX_TransmissionEnergyArray.uasset" 3851
"/Engine/EngineMaterials/EnergyConservation/Sheen_Energy" 3852
"../../../Engine/Content/EngineMaterials/EnergyConservation/Sheen_Energy.uasset" 3853
"/Engine/EngineMaterials/EnergyConservation/Diffuse_Energy" 3854
"../../../Engine/Content/EngineMaterials/EnergyConservation/Diffuse_Energy.uasset" 3855
"/Engine/EngineMaterials/DefaultPhysicalMaterial" 3856
"../../../Engine/Content/EngineMaterials/DefaultPhysicalMaterial.uasset" 3857
"/Engine/EngineMaterials/DefaultDestructiblePhysicalMaterial" 3858
"../../../Engine/Content/EngineMaterials/DefaultDestructiblePhysicalMaterial.uasset" 3859
"/Niagara/ParameterDefinitions/CoreParameters" 3860
"../../Plugins/FX/Niagara/Content/ParameterDefinitions/CoreParameters.uasset" 3861
"/Niagara/ParameterDefinitions/DecalRenderer" 3862
"../../Plugins/FX/Niagara/Content/ParameterDefinitions/DecalRenderer.uasset" 3863
"/Niagara/ParameterDefinitions/LightRenderer" 3864
"../../Plugins/FX/Niagara/Content/ParameterDefinitions/LightRenderer.uasset" 3865
"/Niagara/ParameterDefinitions/MeshRenderer" 3866
"../../Plugins/FX/Niagara/Content/ParameterDefinitions/MeshRenderer.uasset" 3867
"/Niagara/ParameterDefinitions/RibbonRenderer" 3868
"../../Plugins/FX/Niagara/Content/ParameterDefinitions/RibbonRenderer.uasset" 3869
"/Niagara/ParameterDefinitions/SpriteRenderer" 3870
"../../Plugins/FX/Niagara/Content/ParameterDefinitions/SpriteRenderer.uasset" 3871
"/DeformerGraph/Deformers/DG_LinearBlendSkin_Morph_Cloth" 3872
"../../Plugins/Animation/DeformerGraph/Content/Deformers/DG_LinearBlendSkin_Morph_Cloth.uasset" 3873
"../../Plugins/Animation/DeformerGraph/Content/DeformerFunctions/DG_Function_LinearBlendSkin_Morph_Cloth.uasset" 3874
"/DeformerGraph/Deformers/DG_LinearBlendSkin_Morph_Cloth_RecomputeNormals" 3875
"../../Plugins/Animation/DeformerGraph/Content/Deformers/DG_LinearBlendSkin_Morph_Cloth_RecomputeNormals.uasset" 3876
"../../Plugins/Animation/DeformerGraph/Content/DeformerFunctions/DG_Function_ComputeNormalsTangents.uasset" 3877
"../../Plugins/Animation/DeformerGraph/Content/DeformerFunctions/DG_Function_LinearBlendSkin_Morph_Cloth_PositionOnly.uasset" 3878
"/Engine/EditorResources/SequenceRecorder/Countdown" 3879
"../../../Engine/Content/EditorResources/SequenceRecorder/Countdown.uasset" 3880
"/Engine/EditorResources/SequenceRecorder/RecordingIndicator" 3881
"../../../Engine/Content/EditorResources/SequenceRecorder/RecordingIndicator.uasset" 3882
"/Engine/EditorMaterials/PhAT_UnselectedMaterial" 3883
"../../../Engine/Content/EditorMaterials/PhAT_UnselectedMaterial.uasset" 3884
"/Engine/EditorMaterials/PhAT_NoCollisionMaterial" 3885
"../../../Engine/Content/EditorMaterials/PhAT_NoCollisionMaterial.uasset" 3886
"/Engine/BasicShapes/Cube" 3887
"../../../Engine/Content/BasicShapes/Cube.uasset" 3888
"/Engine/BasicShapes/Sphere" 3889
"../../../Engine/Content/BasicShapes/Sphere.uasset" 3890
"../../../Engine/Content/EngineMaterials/DefaultMaterial.uasset" 3891
"/Engine/BasicShapes/Cylinder" 3892
"../../../Engine/Content/BasicShapes/Cylinder.uasset" 3893
"/Engine/BasicShapes/Cone" 3894
"../../../Engine/Content/BasicShapes/Cone.uasset" 3895
"/Engine/BasicShapes/Plane" 3896
"../../../Engine/Content/BasicShapes/Plane.uasset" 3897
"../../../Engine/Documentation/Source/Shared/Types/ABrush/ABrush.INT.udn" 3898
"../../../Engine/Content/Internationalization/icudt64l/brkitr/en_US.res" 3899
"../../../Engine/Content/Internationalization/icudt64l/brkitr/en.res" 3900
"../../../Engine/Content/Internationalization/icudt64l/brkitr/root.res" 3901
"../../../Engine/Content/Internationalization/icudt64l/brkitr/char.brk" 3902
"../../../Engine/Content/Internationalization/icudt64l/brkitr/word.brk" 3903
"/Engine/EditorResources/S_Terrain" 3904
"../../../Engine/Content/EditorResources/S_Terrain.uasset" 3905
"../../../Engine/Plugins/FX/Niagara/Shaders/Private/NiagaraDataInterfaceTexture2DArrayTemplate.ush" 3906
"../../../Engine/Plugins/FX/Niagara/Shaders/Private/NiagaraDataInterfaceActorComponentTemplate.ush" 3907
"../../../Engine/Plugins/FX/Niagara/Shaders/Private/NiagaraDataInterfaceArrayTemplate.ush" 3908
"../../../Engine/Plugins/FX/Niagara/Shaders/Private/NiagaraDataInterfaceArrayRWTemplate.ush" 3909
"../../../Engine/Plugins/FX/Niagara/Shaders/Private/NiagaraDataInterfaceArrayDistributionIntTemplate.ush" 3910
"../../../Engine/Plugins/FX/Niagara/Shaders/Private/NiagaraDataInterfaceAsyncGpuTrace.ush" 3911
"../../../Engine/Plugins/FX/Niagara/Shaders/Private/NiagaraDataInterfaceAsyncGpuTraceTemplate.ush" 3912
"../../../Engine/Plugins/FX/Niagara/Shaders/Private/NiagaraDataInterfaceCamera.ush" 3913
"../../../Engine/Plugins/Experimental/ChaosNiagara/Shaders/NiagaraDataInterfaceChaosDestruction.ush" 3914
"../../../Engine/Plugins/FX/Niagara/Shaders/Private/NiagaraDataInterfaceCollisionQuery.ush" 3915
"D:/Kool/Saxion/Semester 4/Unreal/AE_Unreal/Intermediate/ShaderAutogen/PCD3D_SM5/AutogenShaderHeaders.ush" 3916
"../../../Engine/Plugins/FX/Niagara/Shaders/Private/NiagaraDataInterfaceCollisionQueryTemplate.ush" 3917
"../../../Engine/Plugins/FX/Niagara/Shaders/Private/NiagaraDataInterfaceCurveTemplate.ush" 3918
"../../../Engine/Plugins/FX/Niagara/Shaders/Private/NiagaraDataInterfaceCubeTextureTemplate.ush" 3919
"../../../Engine/Plugins/FX/Niagara/Shaders/Private/DataChannel/NiagaraDataInterfaceDataChannelCommon.ush" 3920
"../../../Engine/Plugins/FX/Niagara/Shaders/Private/DataChannel/NiagaraDataInterfaceDataChannelTemplateCommon.ush" 3921
"../../../Engine/Plugins/FX/Niagara/Shaders/Private/DataChannel/NiagaraDataInterfaceDataChannelTemplateReadCommon.ush" 3922
"../../../Engine/Plugins/FX/Niagara/Shaders/Private/DataChannel/NiagaraDataInterfaceDataChannelTemplate_Read.ush" 3923
"../../../Engine/Plugins/FX/Niagara/Shaders/Private/DataChannel/NiagaraDataInterfaceDataChannelTemplate_Consume.ush" 3924
"../../../Engine/Plugins/FX/Niagara/Shaders/Private/DataChannel/NiagaraDataInterfaceDataChannelTemplateWriteCommon.ush" 3925
"../../../Engine/Plugins/FX/Niagara/Shaders/Private/DataChannel/NiagaraDataInterfaceDataChannelTemplate_Append.ush" 3926
"../../../Engine/Plugins/FX/Niagara/Shaders/Private/NiagaraDataInterfaceDataTableTemplate.ush" 3927
"../../../Engine/Plugins/FX/Niagara/Shaders/Private/NiagaraDataInterfaceDebugDraw.ush" 3928
"../../../Engine/Plugins/FX/Niagara/Shaders/Private/NiagaraDataInterfaceDebugDrawTemplate.ush" 3929
"../../../Engine/Plugins/FX/Niagara/Shaders/Private/NiagaraDataInterfaceDynamicMeshTemplate.ush" 3930
"../../../Engine/Plugins/FX/Niagara/Shaders/Private/NiagaraDataInterfaceEmitterPropertiesTemplate.ush" 3931
"../../../Engine/Plugins/FX/Niagara/Shaders/Private/NiagaraDataInterfaceExportTemplate.ush" 3932
"../../../Engine/Plugins/FX/Niagara/Shaders/Private/NiagaraDataInterfaceGBufferTemplate.ush" 3933
"../../../Engine/Plugins/Experimental/ChaosNiagara/Shaders/NiagaraDataInterfaceGeometryCollection.ush" 3934
"../../../Engine/Plugins/FX/Niagara/Shaders/Private/NiagaraTransformUtils.ush" 3935
"../../../Engine/Plugins/Runtime/HairStrands/Shaders/Private/NiagaraStrandsExternalForce.ush" 3936
"../../../Engine/Plugins/Runtime/HairStrands/Shaders/Private/NiagaraHookeSpringMaterial.ush" 3937
"../../../Engine/Plugins/Runtime/HairStrands/Shaders/Private/NiagaraAngularSpringMaterial.ush" 3938
"../../../Engine/Plugins/Runtime/HairStrands/Shaders/Private/NiagaraConstantVolumeMaterial.ush" 3939
"../../../Engine/Plugins/Runtime/HairStrands/Shaders/Private/NiagaraCosseratRodMaterial.ush" 3940
"../../../Engine/Plugins/Runtime/HairStrands/Shaders/Private/NiagaraStaticCollisionConstraint.ush" 3941
"../../../Engine/Plugins/Runtime/HairStrands/Shaders/Private/NiagaraDataInterfaceHairStrands.ush" 3942
"../../../Engine/Plugins/Runtime/HairStrands/Shaders/Private/NiagaraDataInterfaceHairStrandsTemplate.ush" 3943
"../../../Engine/Plugins/FX/Niagara/Shaders/Private/NiagaraDataInterfaceIntRenderTarget2D.ush" 3944
"../../../Engine/Plugins/FX/Niagara/Shaders/Private/NiagaraDataInterfaceLandscape.ush" 3945
"../../../Engine/Plugins/FX/Niagara/Shaders/Private/NiagaraDataInterfaceMemoryBufferTemplate.ush" 3946
"../../../Engine/Plugins/FX/Niagara/Shaders/Private/NiagaraDataInterfaceMeshRendererInfoTemplate.ush" 3947
"../../../Engine/Plugins/FX/Niagara/Shaders/Private/NiagaraDataInterfaceOcclusion.ush" 3948
"../../../Engine/Plugins/FX/Niagara/Shaders/Private/NiagaraDataInterfacePhysicsAsset.ush" 3949
"../../../Engine/Plugins/Experimental/ChaosNiagara/Shaders/NiagaraDataInterfacePhysicsField.ush" 3950
"../../../Engine/Plugins/FX/Niagara/Shaders/Private/NiagaraDataInterfacePlatformSetTemplate.ush" 3951
"../../../Engine/Plugins/Runtime/HairStrands/Shaders/Private/NiagaraDataInterfaceVelocityGrid.ush" 3952
"../../../Engine/Plugins/Runtime/HairStrands/Shaders/Private/NiagaraDataInterfaceVelocityGridTemplate.ush" 3953
"../../../Engine/Plugins/Runtime/HairStrands/Shaders/Private/NiagaraDataInterfacePressureGrid.ush" 3954
"../../../Engine/Plugins/Runtime/HairStrands/Shaders/Private/NiagaraDataInterfacePressureGridTemplate.ush" 3955
"../../../Engine/Plugins/FX/Niagara/Shaders/Private/NiagaraDataInterfaceRenderTarget2DTemplate.ush" 3956
"../../../Engine/Plugins/FX/Niagara/Shaders/Private/NiagaraDataInterfaceRenderTarget2DArrayTemplate.ush" 3957
"../../../Engine/Plugins/FX/Niagara/Shaders/Private/NiagaraDataInterfaceRenderTargetCubeTemplate.ush" 3958
"../../../Engine/Plugins/FX/Niagara/Shaders/Private/NiagaraDataInterfaceRenderTargetVolumeTemplate.ush" 3959
"../../../Engine/Plugins/FX/Niagara/Shaders/Private/NiagaraDataInterfaceRigidMeshCollisionQuery.ush" 3960
"../../../Engine/Plugins/FX/Niagara/Shaders/Private/NiagaraDistanceFieldQueries.ush" 3961
"../../../Engine/Plugins/FX/Niagara/Shaders/Private/NiagaraDataInterfaceSceneCapture2DTemplate.ush" 3962
"../../../Engine/Plugins/FX/Niagara/Shaders/Private/NiagaraDataInterfaceSimCacheReaderTemplate.ush" 3963
"../../../Engine/Plugins/FX/Niagara/Shaders/Private/NiagaraDataInterfaceSimpleCounterTemplate.ush" 3964
"../../../Engine/Plugins/FX/Niagara/Shaders/Private/NiagaraDataInterfaceSkeletalMesh.ush" 3965
"../../../Engine/Plugins/FX/Niagara/Shaders/Private/NiagaraBaryCentricUtils.ush" 3966
"../../../Engine/Plugins/FX/Niagara/Shaders/Private/NiagaraDataInterfaceSkeletalMeshTemplate.ush" 3967
"../../../Engine/Plugins/FX/Niagara/Shaders/Private/NiagaraDataInterfaceSocketReaderTemplate.ush" 3968
"../../../Engine/Plugins/FX/Niagara/Shaders/Private/NiagaraDataInterfaceSparseVolumeTextureTemplate.ush" 3969
"../../../Engine/Plugins/FX/Niagara/Shaders/Private/NiagaraDataInterfaceSplineTemplate.ush" 3970
"../../../Engine/Plugins/FX/Niagara/Shaders/Private/NiagaraDataInterfaceSpriteRendererInfoTemplate.ush" 3971
"../../../Engine/Plugins/FX/Niagara/Shaders/Private/NiagaraDataInterfaceStaticMeshTemplate.ush" 3972
"../../../Engine/Plugins/FX/Niagara/Shaders/Private/NiagaraDataInterfaceTextureTemplate.ush" 3973
"../../../Engine/Plugins/FX/Niagara/Shaders/Private/NiagaraDataInterfaceVirtualTexture.ush" 3974
"../../../Engine/Plugins/FX/Niagara/Shaders/Private/NiagaraDataInterfaceVirtualTextureTemplate.ush" 3975
"../../../Engine/Plugins/FX/Niagara/Shaders/Private/NiagaraDataInterfaceVirtualTextureSampleTemplate.ush" 3976
"../../../Engine/Plugins/FX/Niagara/Shaders/Private/NiagaraDataInterfaceVolumeCache.ush" 3977
"../../../Engine/Plugins/FX/Niagara/Shaders/Private/NiagaraDataInterfaceVolumeTextureTemplate.ush" 3978
"../../../Engine/Content/EngineSounds/Submixes/MasterEQEffectPreset.uasset" 3979
"../../../Engine/Content/EngineSounds/Submixes/MasterReverbSubmixDefault.uasset" 3980
"../../../Engine/Content/EngineSounds/Submixes/MasterEQSubmixDefault.uasset" 3981
"../../../Engine/Content/EngineSounds/Submixes/MasterSubmixDefault.uasset" 3982
"../../../Engine/Content/ArtTools/RenderToTexture/MaterialFunctions/FoliageZRotation.uasset" 3983
"../../../Engine/Content/Functions/Engine_MaterialFunctions02/Utility/VectorToRadialValue.uasset" 3984
"../../../Engine/Plugins/Fab/Content/Materials/Standard/M_MS_Billboard.uasset" 3985
"../../../Engine/Content/EngineSounds/Submixes/MasterReverbEffectPreset.uasset" 3986
"../../../Engine/Plugins/Fab/Content/Textures/Standard/T_DefaultNormal.uasset" 3987
"../../../Engine/Plugins/Fab/Content/Textures/Standard/T_DefaultMasks.uasset" 3988
"../../../Engine/Plugins/Fab/Content/MaterialFunctions/QMF_WindGust.uasset" 3989
"../../../Engine/Plugins/Fab/Content/MaterialFunctions/QMF_WindAnimation.uasset" 3990
"../../../Engine/Plugins/Fab/Content/Textures/Standard/T_Default_WindNoise.uasset" 3991
"../../../Engine/Plugins/Fab/Content/MaterialParameterCollection/QMPC_GlobalFoliageActor.uasset" 3992
"/Engine/EngineSounds/Submixes/MasterEQEffectPreset" 3993
"../../../Engine/Plugins/Fab/Content/MaterialFunctions/QMF_TwoSidedRoughness.uasset" 3994
"../../../Engine/Plugins/Fab/Content/MaterialFunctions/QMF_HealthSeason.uasset" 3995
"../../../Engine/Content/Functions/Engine_MaterialFunctions03/Blends/Blend_ColorBurn.uasset" 3996
"../../../Engine/Content/Functions/Engine_MaterialFunctions01/ImageAdjustment/3ColorBlend.uasset" 3997
"../../../Engine/Plugins/Fab/Content/MaterialFunctions/QMF_WorldspaceColorVariation.uasset" 3998
"../../../Engine/Plugins/Fab/Content/MaterialFunctions/QMF_PerInstanceActorRandom.uasset" 3999
"../../../Engine/Plugins/Fab/Content/Textures/Standard/T_DefaultColor.uasset" 4000
"../../../Engine/Content/Functions/Engine_MaterialFunctions03/Blends/Blend_LinearDodge.uasset" 4001
"../../../Engine/Content/Functions/Engine_MaterialFunctions02/Lerp_3Color.uasset" 4002
"/Game/Fab/Megascans/Plants/English_Ivy_xfcnebhqx/Medium/xfcnebhqx_tier_2/Textures/T_xfcnebhqx_2K_Billboard_N-T" 4003
"../../../Engine/Content/Functions/Engine_MaterialFunctions01/WorldPositionOffset/SimpleGrassWind.uasset" 4004
"/Game/Fab/Megascans/Plants/English_Ivy_xfcnebhqx/Medium/xfcnebhqx_tier_2/Textures/T_xfcnebhqx_2K_Billboard_B-O" 4005
"/Engine/ArtTools/RenderToTexture/MaterialFunctions/FoliageZRotation" 4006
"/Game/Fab/Megascans/Plants/English_Ivy_xfcnebhqx/Medium/xfcnebhqx_tier_2/Textures/T_xfcnebhqx_2K_ORT" 4007
"/Game/Fab/Megascans/Plants/English_Ivy_xfcnebhqx/Medium/xfcnebhqx_tier_2/Textures/T_xfcnebhqx_2K_N" 4008
"/Game/Fab/Megascans/Plants/English_Ivy_xfcnebhqx/Medium/xfcnebhqx_tier_2/Textures/T_xfcnebhqx_2K_B" 4009
"/Fab/Textures/Standard/T_DefaultNormal" 4010
"/Fab/Textures/Standard/T_DefaultMasks" 4011
"../../../Engine/Plugins/Fab/Content/MaterialFunctions/QMF_GrowthEffect.uasset" 4012
"../../../Engine/Plugins/Fab/Content/MaterialFunctions/QMF_GenerateTwoSidedSpecular.uasset" 4013
"../../../Engine/Plugins/Fab/Content/MaterialFunctions/QMF_GenerateTranslucency.uasset" 4014
"/Engine/EngineSounds/Submixes/MasterReverbEffectPreset" 4015
"../../../Engine/Plugins/Fab/Content/MaterialFunctions/QMF_DistanceBasedOpacity.uasset" 4016
"../../../Engine/Plugins/Fab/Content/MaterialFunctions/QMF_DistanceBasedGradient.uasset" 4017
"../../../Engine/Plugins/Fab/Content/MaterialFunctions/QMF_GenerateBranchMask_Plants.uasset" 4018
"../../../Engine/Plugins/Fab/Content/MaterialFunctions/QMF_AdjustTwoSidedNormal.uasset" 4019
"../../../Engine/Plugins/Fab/Content/MaterialFunctions/QMF_AdjustTwoSidedBaseColor.uasset" 4020
"../../../Engine/Content/Functions/Engine_MaterialFunctions02/Texturing/CustomRotator.uasset" 4021
"../../../Engine/Plugins/Fab/Content/Materials/Standard/M_MS_Foliage.uasset" 4022
"/Engine/EngineSounds/Submixes/MasterEQSubmixDefault" 4023
"/Fab/Textures/Standard/T_DefaultColor" 4024
"/Engine/Functions/Engine_MaterialFunctions02/Lerp_3Color" 4025
"/Engine/Functions/Engine_MaterialFunctions01/WorldPositionOffset/SimpleGrassWind" 4026
"/Fab/Textures/Standard/T_Default_WindNoise" 4027
"/Engine/Functions/Engine_MaterialFunctions03/Blends/Blend_LinearDodge" 4028
"../../../Engine/Content/EngineMaterials/BlendFunc_DefBase.uasset" 4029
"../../../Engine/Content/EngineMaterials/BlendFunc_DefBlend.uasset" 4030
"/Engine/Functions/Engine_MaterialFunctions03/Blends/Blend_ColorBurn" 4031
"/Engine/Functions/Engine_MaterialFunctions01/ImageAdjustment/3ColorBlend" 4032
"../../../Engine/Content/Functions/Engine_MaterialFunctions01/Gradient/LinearGradient.uasset" 4033
"/Fab/MaterialParameterCollection/QMPC_GlobalFoliageActor" 4034
"/Fab/MaterialFunctions/QMF_PerInstanceActorRandom" 4035
"/Engine/Functions/Engine_MaterialFunctions02/Texturing/CustomRotator" 4036
"../../../Engine/Content/Functions/Engine_MaterialFunctions03/Blends/Blend_Lighten.uasset" 4037
"../../../Engine/Content/Functions/Engine_MaterialFunctions03/Blends/Blend_Darken.uasset" 4038
"../../../Engine/Content/Engine_MI_Shaders/T_Normal.uasset" 4039
"../../../Engine/Content/Functions/Engine_MaterialFunctions01/Texturing/FlattenNormal.uasset" 4040
"/Fab/MaterialFunctions/QMF_AdjustTwoSidedBaseColor" 4041
"../../../Engine/Content/Functions/Engine_MaterialFunctions03/Blends/Blend_Overlay.uasset" 4042
"/Fab/MaterialFunctions/QMF_DistanceBasedGradient" 4043
"/Fab/MaterialFunctions/QMF_DistanceBasedOpacity" 4044
"/Fab/MaterialFunctions/QMF_GenerateTranslucency" 4045
"/Fab/MaterialFunctions/QMF_GenerateTwoSidedSpecular" 4046
"/Fab/MaterialFunctions/QMF_GrowthEffect" 4047
"/Fab/MaterialFunctions/QMF_WorldspaceColorVariation" 4048
"/Fab/MaterialFunctions/QMF_WindGust" 4049
"/Fab/MaterialFunctions/QMF_WindAnimation" 4050
"../../../Engine/Content/Functions/Engine_MaterialFunctions02/WorldPositionOffset/ObjectPivotPoint.uasset" 4051
"/Fab/MaterialFunctions/QMF_TwoSidedRoughness" 4052
"/Fab/MaterialFunctions/QMF_HealthSeason" 4053
"D:/Kool/Saxion/Semester 4/Unreal/AE_Unreal/Content/ExternalAssets/Fab/ProceduralNtr_vol2/pnp_v2_assets/Materials/tree_foliage_mats/foliage_pine_tree_LOD2.uasset" 4054
"D:/Kool/Saxion/Semester 4/Unreal/AE_Unreal/Content/ExternalAssets/Fab/ProceduralNtr_vol2/pnp_v2_assets/Textures/Foliage/tree_bark_pine_a_normal.uasset" 4055
"D:/Kool/Saxion/Semester 4/Unreal/AE_Unreal/Content/ExternalAssets/Fab/ProceduralNtr_vol2/pnp_v2_assets/Materials/master_spline_material.uasset" 4056
"../../../Engine/Content/Functions/Engine_MaterialFunctions01/Coordinates/UVRemap_0-1_ToRange.uasset" 4057
"D:/Kool/Saxion/Semester 4/Unreal/AE_Unreal/Content/ExternalAssets/Fab/ProceduralNtr_vol2/pnp_v2_assets/Textures/Foliage/tree_bark_pine_a_merge.uasset" 4058
"D:/Kool/Saxion/Semester 4/Unreal/AE_Unreal/Content/ExternalAssets/Fab/ProceduralNtr_vol2/pnp_v2_assets/Textures/Foliage/tree_bark_pine_a_color.uasset" 4059
"/Engine/Engine_MI_Shaders/T_Normal" 4060
"D:/Kool/Saxion/Semester 4/Unreal/AE_Unreal/Content/ExternalAssets/Fab/ProceduralNtr_vol2/pnp_v2_assets/Materials/tree_foliage_mats/foliage_pine_tree_LOD0.uasset" 4061
"D:/Kool/Saxion/Semester 4/Unreal/AE_Unreal/Content/MyProject/Maps/Project_Main_Scene_sharedassets/L4_Snow_Slush_or_Mud_LayerInfo.uasset" 4062
"D:/Kool/Saxion/Semester 4/Unreal/AE_Unreal/Content/MyProject/Maps/Project_Main_Scene_sharedassets/L3_Snow_Rough_or_Rocks_LayerInfo.uasset" 4063
"D:/Kool/Saxion/Semester 4/Unreal/AE_Unreal/Content/ExternalAssets/Fab/ProceduralNtr_vol2/pnp_v2_assets/Materials/tree_foliage_mats/foliage_pine_tree_LOD1.uasset" 4064
"D:/Kool/Saxion/Semester 4/Unreal/AE_Unreal/Content/ExternalAssets/Fab/ProceduralNtr_vol2/pnp_v2_assets/Assets/pine_trees_full/Foliage_Instances/pine_tree_full_a_FoliageType.uasset" 4065
"/Fab/Materials/Standard/M_MS_Foliage" 4066
"/Engine/Functions/Engine_MaterialFunctions03/Blends/Blend_Darken" 4067
"/Engine/Functions/Engine_MaterialFunctions03/Blends/Blend_Lighten" 4068
"/Game/Fab/Megascans/Plants/English_Ivy_xfcnebhqx/Medium/xfcnebhqx_tier_2/StaticMeshes/SM_xfcnebhqx_VarD" 4069
"/Game/Fab/Megascans/Plants/English_Ivy_xfcnebhqx/Medium/xfcnebhqx_tier_2/StaticMeshes/SM_xfcnebhqx_VarA" 4070
"../../../../../Kool/Saxion/Semester 4/Unreal/AE_Unreal/Content/Fab/Megascans/Plants/English_Ivy_xfcnebhqx/Medium/xfcnebhqx_tier_2/StaticMeshes/SM_xfcnebhqx_VarD.uasset" 4071
"/Game/ExternalAssets/CustomizableVines/Textures/T_Blank_M" 4072
"../../../../../Kool/Saxion/Semester 4/Unreal/AE_Unreal/Content/Fab/Megascans/Plants/English_Ivy_xfcnebhqx/Medium/xfcnebhqx_tier_2/StaticMeshes/SM_xfcnebhqx_VarA.uasset" 4073
"/Game/ExternalAssets/CustomizableVines/Textures/Bark/T_Bark_02_M" 4074
"/Game/ExternalAssets/CustomizableVines/Textures/Leaves/Varieties/T_Leaves_Variety_02_CM" 4075
"/Game/ExternalAssets/CustomizableVines/Textures/Leaves/Varieties/T_Leaves_Variety_02_N" 4076
"/Game/ExternalAssets/CustomizableVines/Materials/MI_Vines_02" 4077
"/Game/Fab/Megascans/Plants/English_Ivy_xfcnebhqx/Medium/FoliageTypes/FT_xfcnebhqx_VarF" 4078
"D:/Kool/Saxion/Semester 4/Unreal/AE_Unreal/Content/ExternalAssets/Fab/ProceduralNtr_vol2/pnp_v2_assets/Assets/Spline_Meshes/pine_branches/Textures/T_Pine_Branches_Translucency.uasset" 4079
"D:/Kool/Saxion/Semester 4/Unreal/AE_Unreal/Content/ExternalAssets/Fab/ProceduralNtr_vol2/pnp_v2_assets/Textures/Landscape/ground_snow_rough_normal.uasset" 4080
"D:/Kool/Saxion/Semester 4/Unreal/AE_Unreal/Content/ExternalAssets/Fab/ProceduralNtr_vol2/pnp_v2_assets/Materials/tree_foliage_mats/foliage_pine_tree_branches_snow.uasset" 4081
"D:/Kool/Saxion/Semester 4/Unreal/AE_Unreal/Content/ExternalAssets/Fab/ProceduralNtr_vol2/pnp_v2_assets/Textures/Landscape/ice_scratched_normal.uasset" 4082
"D:/Kool/Saxion/Semester 4/Unreal/AE_Unreal/Content/ExternalAssets/Fab/ProceduralNtr_vol2/pnp_v2_assets/Assets/Spline_Meshes/pine_branches/Textures/T_Pine_Branches_NM_v02.uasset" 4083
"D:/Kool/Saxion/Semester 4/Unreal/AE_Unreal/Content/ExternalAssets/Fab/ProceduralNtr_vol2/pnp_v2_assets/Textures/Landscape/ice_scratched_merge.uasset" 4084
"D:/Kool/Saxion/Semester 4/Unreal/AE_Unreal/Content/ExternalAssets/Fab/ProceduralNtr_vol2/pnp_v2_assets/Materials/landscape_functions/Create_Merge_Map_Snow.uasset" 4085
"D:/Kool/Saxion/Semester 4/Unreal/AE_Unreal/Content/ExternalAssets/Fab/ProceduralNtr_vol2/pnp_v2_assets/Assets/Spline_Meshes/pine_branches/Textures/T_Pine_Branches_BC_v02.uasset" 4086
"D:/Kool/Saxion/Semester 4/Unreal/AE_Unreal/Content/ExternalAssets/Fab/ProceduralNtr_vol2/pnp_v2_assets/Textures/Landscape/forest_ground_debris_b_merge.uasset" 4087
"D:/Kool/Saxion/Semester 4/Unreal/AE_Unreal/Content/ExternalAssets/Fab/ProceduralNtr_vol2/pnp_v2_assets/Assets/pine_trees_full/Foliage_Instances/pine_tree_full_a_fol.uasset" 4088
"D:/Kool/Saxion/Semester 4/Unreal/AE_Unreal/Content/ExternalAssets/Fab/ProceduralNtr_vol2/pnp_v2_assets/Materials/landscape_functions/Default_Ice_Layer.uasset" 4089
"D:/Kool/Saxion/Semester 4/Unreal/AE_Unreal/Content/ExternalAssets/Fab/ProceduralNtr_vol2/pnp_v2_assets/Materials/landscape_functions/Create_Merge_Map_Ice.uasset" 4090
"D:/Kool/Saxion/Semester 4/Unreal/AE_Unreal/Content/MyProject/Textures/T_StonePath/1K_Plane_M_StoneWall_OcclusionRoughnessMetallic.uasset" 4091
"D:/Kool/Saxion/Semester 4/Unreal/AE_Unreal/Content/ExternalAssets/Fab/ProceduralNtr_vol2/pnp_v2_assets/Textures/Landscape/forest_ground_debris_b_color.uasset" 4092
"D:/Kool/Saxion/Semester 4/Unreal/AE_Unreal/Content/ExternalAssets/Fab/ProceduralNtr_vol2/pnp_v2_assets/Assets/Spline_Meshes/pine_branches/Textures/T_Pine_Branches_merge_v02.uasset" 4093
"D:/Kool/Saxion/Semester 4/Unreal/AE_Unreal/Content/ExternalAssets/Fab/ProceduralNtr_vol2/pnp_v2_assets/Textures/Landscape/forest_ground_debris_b_normal.uasset" 4094
"D:/Kool/Saxion/Semester 4/Unreal/AE_Unreal/Content/ExternalAssets/Fab/ProceduralNtr_vol2/pnp_v2_assets/Materials/landscape_functions/Default_Landscape_Layer.uasset" 4095
"D:/Kool/Saxion/Semester 4/Unreal/AE_Unreal/Content/ExternalAssets/Fab/ProceduralNtr_vol2/pnp_v2_assets/Materials/landscape_functions/Create_Merge_Map_Default.uasset" 4096
"D:/Kool/Saxion/Semester 4/Unreal/AE_Unreal/Content/MyProject/Textures/T_StonePath/1K_Plane_M_StoneWall_Normal.uasset" 4097
"D:/Kool/Saxion/Semester 4/Unreal/AE_Unreal/Content/MyProject/Textures/T_StonePath/1K_Plane_M_StoneWall_BaseColor.uasset" 4098
"../../../../../Kool/Saxion/Semester 4/Unreal/AE_Unreal/Content/Fab/Megascans/Plants/English_Ivy_xfcnebhqx/Medium/xfcnebhqx_tier_2/StaticMeshes/SM_xfcnebhqx_VarF.uasset" 4099
"D:/Kool/Saxion/Semester 4/Unreal/AE_Unreal/Content/ExternalAssets/Fab/ProceduralNtr_vol2/pnp_v2_assets/Materials/landscape_snow_master.uasset" 4100
"/Game/MyProject/Textures/T_StonePath/1K_Plane_M_StoneWall_BaseColor" 4101
"/Game/MyProject/Textures/T_StonePath/1K_Plane_M_StoneWall_Normal" 4102
"/Game/MyProject/Textures/T_StonePath/1K_Plane_M_StoneWall_OcclusionRoughnessMetallic" 4103
"/Game/ExternalAssets/Fab/ProceduralNtr_vol2/pnp_v2_assets/Materials/landscape_functions/Create_Merge_Map_Default" 4104
"/Game/ExternalAssets/Fab/ProceduralNtr_vol2/pnp_v2_assets/Materials/landscape_functions/Default_Landscape_Layer" 4105
"../../../../../Kool/Saxion/Semester 4/Unreal/AE_Unreal/Content/ExternalAssets/Fab/ProceduralNtr_vol2/pnp_v2_assets/Materials/landscape_functions/Default_Attributes.uasset" 4106
"../../../../../Kool/Saxion/Semester 4/Unreal/AE_Unreal/Content/ExternalAssets/Fab/ProceduralNtr_vol2/pnp_v2_assets/Materials/landscape_functions/Default_Landscape_Textures.uasset" 4107
"../../../../../Kool/Saxion/Semester 4/Unreal/AE_Unreal/Content/ExternalAssets/Fab/ProceduralNtr_vol2/pnp_v2_assets/Materials/landscape_functions/Landscape_UVs.uasset" 4108
"/Game/ExternalAssets/Fab/ProceduralNtr_vol2/pnp_v2_assets/Textures/Landscape/forest_ground_debris_b_color" 4109
"/Game/ExternalAssets/Fab/ProceduralNtr_vol2/pnp_v2_assets/Materials/tree_foliage_mats/foliage_pine_tree_LOD0" 4110
"../../../Engine/Content/Functions/Engine_MaterialFunctions02/Utility/MakeFloat4.uasset" 4111
"../../../Engine/Content/Functions/Engine_MaterialFunctions02/WorldPositionOffset/ComponentPivotLocation.uasset" 4112
"../../../../../Kool/Saxion/Semester 4/Unreal/AE_Unreal/Content/ExternalAssets/Fab/ProceduralNtr_vol2/pnp_v2_assets/Materials/wind_function/wind_default.uasset" 4113
"../../../../../Kool/Saxion/Semester 4/Unreal/AE_Unreal/Content/ExternalAssets/Fab/ProceduralNtr_vol2/pnp_v2_assets/Materials/wind_function/wind_per_object_affect_gradient.uasset" 4114
"../../../../../Kool/Saxion/Semester 4/Unreal/AE_Unreal/Content/ExternalAssets/Fab/ProceduralNtr_vol2/pnp_v2_assets/Materials/wind_function/global_wind.uasset" 4115
"../../../../../Kool/Saxion/Semester 4/Unreal/AE_Unreal/Content/ExternalAssets/Fab/ProceduralNtr_vol2/pnp_v2_assets/Textures/Wind/wind_normal.uasset" 4116
"/Game/ExternalAssets/Fab/ProceduralNtr_vol2/pnp_v2_assets/Textures/Landscape/forest_ground_debris_b_merge" 4117
"/Game/ExternalAssets/Fab/ProceduralNtr_vol2/pnp_v2_assets/Textures/Landscape/forest_ground_debris_b_normal" 4118
"/Game/ExternalAssets/Fab/ProceduralNtr_vol2/pnp_v2_assets/Materials/landscape_functions/Create_Merge_Map_Ice" 4119
"/Game/ExternalAssets/Fab/ProceduralNtr_vol2/pnp_v2_assets/Materials/tree_foliage_mats/foliage_pine_tree_LOD1" 4120
"/Game/ExternalAssets/Fab/ProceduralNtr_vol2/pnp_v2_assets/Materials/tree_foliage_mats/foliage_pine_tree_LOD2" 4121
"/Game/ExternalAssets/Fab/ProceduralNtr_vol2/pnp_v2_assets/Materials/landscape_functions/Create_Merge_Map_Snow" 4122
"/Game/ExternalAssets/Fab/ProceduralNtr_vol2/pnp_v2_assets/Materials/landscape_functions/Default_Ice_Layer" 4123
"../../../Engine/Content/Functions/Engine_MaterialFunctions01/ImageAdjustment/CheapContrast.uasset" 4124
"/Game/ExternalAssets/Fab/ProceduralNtr_vol2/pnp_v2_assets/Assets/pine_trees_full/Foliage_Instances/pine_tree_full_a_FoliageType" 4125
"../../../../../Kool/Saxion/Semester 4/Unreal/AE_Unreal/Content/ExternalAssets/Fab/ProceduralNtr_vol2/pnp_v2_assets/Materials/master_foliage.uasset" 4126
"../../../Engine/Content/Functions/Engine_MaterialFunctions01/ImageAdjustment/CheapContrast_RGB.uasset" 4127
"../../../../../Kool/Saxion/Semester 4/Unreal/AE_Unreal/Content/ExternalAssets/Fab/ProceduralNtr_vol2/pnp_v2_assets/Materials/snow/add_snow.uasset" 4128
"../../../../../Kool/Saxion/Semester 4/Unreal/AE_Unreal/Content/ExternalAssets/Fab/ProceduralNtr_vol2/pnp_v2_assets/Materials/snow/master_snow_adjustment.uasset" 4129
"../../../Engine/Content/EngineDebugMaterials/HeatmapGradient.uasset" 4130
"../../../../../Kool/Saxion/Semester 4/Unreal/AE_Unreal/Content/ExternalAssets/Fab/ProceduralNtr_vol2/pnp_v2_assets/Assets/grass/Textures/grass_orange_brown_color.uasset" 4131
"../../../../../Kool/Saxion/Semester 4/Unreal/AE_Unreal/Content/ExternalAssets/Fab/ProceduralNtr_vol2/pnp_v2_assets/Assets/grass/Textures/grass_orange_brown_merge.uasset" 4132
"../../../../../Kool/Saxion/Semester 4/Unreal/AE_Unreal/Content/ExternalAssets/Fab/ProceduralNtr_vol2/pnp_v2_assets/Assets/grass/Textures/grass_orange_brown_normal.uasset" 4133
"../../../../../Kool/Saxion/Semester 4/Unreal/AE_Unreal/Content/ExternalAssets/Fab/ProceduralNtr_vol2/pnp_v2_assets/Textures/Foliage/clouds.uasset" 4134
"../../../../../Kool/Saxion/Semester 4/Unreal/AE_Unreal/Content/ExternalAssets/Fab/ProceduralNtr_vol2/pnp_v2_assets/Textures/Landscape/ground_snow_default_merge.uasset" 4135
"../../../../../Kool/Saxion/Semester 4/Unreal/AE_Unreal/Content/ExternalAssets/Fab/ProceduralNtr_vol2/pnp_v2_assets/Textures/Landscape/ground_snow_soft_normal.uasset" 4136
"/Game/MyProject/Maps/Project_Main_Scene_sharedassets/L3_Snow_Rough_or_Rocks_LayerInfo" 4137
"/Game/MyProject/Maps/Project_Main_Scene_sharedassets/L4_Snow_Slush_or_Mud_LayerInfo" 4138
"../../../../../Kool/Saxion/Semester 4/Unreal/AE_Unreal/Content/ExternalAssets/Fab/ProceduralNtr_vol2/pnp_v2_assets/Assets/pine_trees_full/Foliage_Instances/pine_tree_full_a_fol.uasset" 4139
"/Game/ExternalAssets/Fab/ProceduralNtr_vol2/pnp_v2_assets/Textures/Landscape/ground_snow_rough_normal" 4140
"D:/Kool/Saxion/Semester 4/Unreal/AE_Unreal/Content/ExternalAssets/Fab/ProceduralNtr_vol2/pnp_v2_assets/Materials/landscape_materials/forest_ground_snow_ice_weighted.uasset" 4141
"D:/Kool/Saxion/Semester 4/Unreal/AE_Unreal/Content/ExternalAssets/Fab/ProceduralNtr_vol2/pnp_v2_assets/Assets/pine_trees_full/Textures/pinetreefull_translucency.uasset" 4142
"D:/Kool/Saxion/Semester 4/Unreal/AE_Unreal/Content/ExternalAssets/Fab/ProceduralNtr_vol2/pnp_v2_assets/Assets/pine_trees_full/Textures/pinetreefull_normal.uasset" 4143
"D:/Kool/Saxion/Semester 4/Unreal/AE_Unreal/Content/ExternalAssets/Fab/ProceduralNtr_vol2/pnp_v2_assets/Assets/pine_trees_full/Textures/pinetreefull_merge.uasset" 4144
"D:/Kool/Saxion/Semester 4/Unreal/AE_Unreal/Content/ExternalAssets/Fab/ProceduralNtr_vol2/pnp_v2_assets/Materials/master_foliage_cards.uasset" 4145
"D:/Kool/Saxion/Semester 4/Unreal/AE_Unreal/Content/ExternalAssets/Fab/ProceduralNtr_vol2/pnp_v2_assets/Assets/pine_trees_full/Textures/pinetreefull_albedo.uasset" 4146
"/Game/ExternalAssets/Fab/ProceduralNtr_vol2/pnp_v2_assets/Assets/pine_trees_full/Textures/pinetreefull_translucency" 4147
"D:/Kool/Saxion/Semester 4/Unreal/AE_Unreal/Content/ExternalAssets/Fab/ProceduralNtr_vol2/pnp_v2_assets/Assets/pine_trees_full/pine_tree_card_distant_a.uasset" 4148
"D:/Kool/Saxion/Semester 4/Unreal/AE_Unreal/Content/ExternalAssets/Fab/ProceduralNtr_vol2/pnp_v2_assets/Assets/pine_trees_full/pine_tree_card_distant_a_FoliageType.uasset" 4149
"D:/Kool/Saxion/Semester 4/Unreal/AE_Unreal/Content/ExternalAssets/Fab/ProceduralNtr_vol2/pnp_v2_assets/Assets/grass/grass_clump_green_small02.uasset" 4150
"D:/Kool/Saxion/Semester 4/Unreal/AE_Unreal/Content/ExternalAssets/Fab/ProceduralNtr_vol2/pnp_v2_assets/Assets/grass/Materials/grass_green_01.uasset" 4151
"D:/Kool/Saxion/Semester 4/Unreal/AE_Unreal/Content/ExternalAssets/Fab/ProceduralNtr_vol2/pnp_v2_assets/Assets/grass/grass_clump_green_small01.uasset" 4152
"D:/Kool/Saxion/Semester 4/Unreal/AE_Unreal/Content/ExternalAssets/Fab/ProceduralNtr_vol2/pnp_v2_assets/Assets/pine_trees_full/Materials/pine_tree_cards.uasset" 4153
"D:/Kool/Saxion/Semester 4/Unreal/AE_Unreal/Content/ExternalAssets/Fab/ProceduralNtr_vol2/pnp_v2_assets/Assets/snow/snow_clumps_piles/Static_Meshes/engine_snow_clumps_d_LODs.uasset" 4154
"D:/Kool/Saxion/Semester 4/Unreal/AE_Unreal/Content/ExternalAssets/Fab/ProceduralNtr_vol2/pnp_v2_assets/Assets/snow/snow_clumps_piles/engine_snow_clumps_d_LODs_FoliageType.uasset" 4155
"D:/Kool/Saxion/Semester 4/Unreal/AE_Unreal/Content/ExternalAssets/Fab/ProceduralNtr_vol2/pnp_v2_assets/Assets/snow/snow_clumps_piles/engine_snow_clumps_a_LODs_FoliageType.uasset" 4156
"D:/Kool/Saxion/Semester 4/Unreal/AE_Unreal/Content/ExternalAssets/Fab/ProceduralNtr_vol2/pnp_v2_assets/Assets/grass/Textures/grass_green_color.uasset" 4157
"D:/Kool/Saxion/Semester 4/Unreal/AE_Unreal/Content/ExternalAssets/Fab/ProceduralNtr_vol2/pnp_v2_assets/Assets/snow/snow_clumps_piles/textures/snow_clumps_rubble_normal.uasset" 4158
"D:/Kool/Saxion/Semester 4/Unreal/AE_Unreal/Content/ExternalAssets/Fab/ProceduralNtr_vol2/pnp_v2_assets/Assets/snow/snow_clumps_piles/snow_clumps_piles_a_Cheap.uasset" 4159
"D:/Kool/Saxion/Semester 4/Unreal/AE_Unreal/Content/ExternalAssets/Fab/ProceduralNtr_vol2/pnp_v2_assets/Assets/snow/snow_clumps_piles/Static_Meshes/engine_snow_clumps_a_LODs.uasset" 4160
"D:/Kool/Saxion/Semester 4/Unreal/AE_Unreal/Content/ExternalAssets/Fab/ProceduralNtr_vol2/pnp_v2_assets/Assets/snow/snow_clumps_piles/textures/snow_clumps_rubble_ao.uasset" 4161
"D:/Kool/Saxion/Semester 4/Unreal/AE_Unreal/Content/ExternalAssets/Fab/ProceduralNtr_vol2/pnp_v2_assets/Textures/Landscape/snow_mud_puddles_normal.uasset" 4162
"D:/Kool/Saxion/Semester 4/Unreal/AE_Unreal/Content/ExternalAssets/Fab/ProceduralNtr_vol2/pnp_v2_assets/Textures/Landscape/snow_mud_puddles_merge.uasset" 4163
"D:/Kool/Saxion/Semester 4/Unreal/AE_Unreal/Content/ExternalAssets/Fab/ProceduralNtr_vol2/pnp_v2_assets/Textures/Landscape/snow_mud_puddles_Albedo.uasset" 4164
"D:/Kool/Saxion/Semester 4/Unreal/AE_Unreal/Content/ExternalAssets/Fab/ProceduralNtr_vol2/pnp_v2_assets/Textures/Landscape/ground_snow_speckles_normal.uasset" 4165
"/Game/ExternalAssets/Fab/ProceduralNtr_vol2/pnp_v2_assets/Assets/snow/snow_clumps_piles/textures/snow_clumps_rubble_normal" 4166
"../../../Engine/Content/Functions/Engine_MaterialFunctions01/Texturing/DetailTexturing.uasset" 4167
"D:/Kool/Saxion/Semester 4/Unreal/AE_Unreal/Content/ExternalAssets/Fab/ProceduralNtr_vol2/pnp_v2_assets/Materials/landscape_functions/Default_Snow_Layer.uasset" 4168
"D:/Kool/Saxion/Semester 4/Unreal/AE_Unreal/Content/ExternalAssets/Fab/ProceduralNtr_vol2/pnp_v2_assets/Materials/snow_clumps_piles.uasset" 4169
"D:/Kool/Saxion/Semester 4/Unreal/AE_Unreal/Content/ExternalAssets/Fab/ProceduralNtr_vol2/pnp_v2_assets/Assets/snow/snow_clumps_piles/Static_Meshes/engine_snow_clumps_b_LODs.uasset" 4170
"D:/Kool/Saxion/Semester 4/Unreal/AE_Unreal/Content/ExternalAssets/Fab/ProceduralNtr_vol2/pnp_v2_assets/Assets/eldeberry_bushes/Static_Meshes/Elderberry_Dead_Medium.uasset" 4171
"D:/Kool/Saxion/Semester 4/Unreal/AE_Unreal/Content/ExternalAssets/Fab/ProceduralNtr_vol2/pnp_v2_assets/Assets/snow/snow_clumps_piles/snow_clumps_piles_a.uasset" 4172
"D:/Kool/Saxion/Semester 4/Unreal/AE_Unreal/Content/ExternalAssets/Fab/ProceduralNtr_vol2/pnp_v2_assets/Assets/landscape_auto_foliage/SnowClumps_M01.uasset" 4173
"D:/Kool/Saxion/Semester 4/Unreal/AE_Unreal/Content/ExternalAssets/Fab/ProceduralNtr_vol2/pnp_v2_assets/Assets/landscape_auto_foliage/Orange_Grass_L01.uasset" 4174
"/Game/ExternalAssets/Fab/ProceduralNtr_vol2/pnp_v2_assets/Assets/grass/grass_clump_green_small01" 4175
"../../../../../Kool/Saxion/Semester 4/Unreal/AE_Unreal/Content/ExternalAssets/Fab/ProceduralNtr_vol2/pnp_v2_assets/Assets/grass/Static_Meshes/grass_clump_small01.uasset" 4176
"../../../../../Kool/Saxion/Semester 4/Unreal/AE_Unreal/Content/ExternalAssets/Fab/ProceduralNtr_vol2/pnp_v2_assets/Assets/grass/Materials/grass_orange_snow_01.uasset" 4177
"/Game/ExternalAssets/Fab/ProceduralNtr_vol2/pnp_v2_assets/Assets/grass/grass_clump_green_small02" 4178
"../../../../../Kool/Saxion/Semester 4/Unreal/AE_Unreal/Content/ExternalAssets/Fab/ProceduralNtr_vol2/pnp_v2_assets/Assets/grass/Static_Meshes/grass_clump_small02.uasset" 4179
"/Game/ExternalAssets/Fab/ProceduralNtr_vol2/pnp_v2_assets/Assets/pine_trees_full/pine_tree_card_distant_a_FoliageType" 4180
"D:/Kool/Saxion/Semester 4/Unreal/AE_Unreal/Content/ExternalAssets/Fab/ProceduralNtr_vol2/pnp_v2_assets/Assets/landscape_auto_foliage/EldeBush_Dead_L01.uasset" 4181
"D:/Kool/Saxion/Semester 4/Unreal/AE_Unreal/Content/ExternalAssets/Fab/ProceduralNtr_vol2/pnp_v2_assets/Assets/landscape_auto_foliage/EldeBush_Dead_M01.uasset" 4182
"D:/Kool/Saxion/Semester 4/Unreal/AE_Unreal/Content/ExternalAssets/Fab/ProceduralNtr_vol2/pnp_v2_assets/Assets/grass/grass_patch_01_FoliageType.uasset" 4183
"D:/Kool/Saxion/Semester 4/Unreal/AE_Unreal/Content/ExternalAssets/Fab/ProceduralNtr_vol2/pnp_v2_assets/Assets/grass/grass_patch_02_FoliageType.uasset" 4184
"D:/Kool/Saxion/Semester 4/Unreal/AE_Unreal/Content/ExternalAssets/Fab/ProceduralNtr_vol2/pnp_v2_assets/Assets/grass/grass_clump_small01_FoliageType.uasset" 4185
"D:/Kool/Saxion/Semester 4/Unreal/AE_Unreal/Content/ExternalAssets/Fab/ProceduralNtr_vol2/pnp_v2_assets/Assets/eldeberry_bushes/Elderberry_Living_Medium_FoliageType.uasset" 4186
"D:/Kool/Saxion/Semester 4/Unreal/AE_Unreal/Content/ExternalAssets/Fab/ProceduralNtr_vol2/pnp_v2_assets/Assets/eldeberry_bushes/Elderberry_Living_Large_FoliageType.uasset" 4187
"D:/Kool/Saxion/Semester 4/Unreal/AE_Unreal/Content/ExternalAssets/Fab/ProceduralNtr_vol2/maps/Landscape_Layer_Info/L6_Forest_Ground_b_LayerInfo.uasset" 4188
"D:/Kool/Saxion/Semester 4/Unreal/AE_Unreal/Content/ExternalAssets/Fab/ProceduralNtr_vol2/pnp_v2_assets/Assets/eldeberry_bushes/Elderberry_Dead_Large_FoliageType.uasset" 4189
"D:/Kool/Saxion/Semester 4/Unreal/AE_Unreal/Content/ExternalAssets/Fab/ProceduralNtr_vol2/pnp_v2_assets/Assets/grass/grass_clump_small02_FoliageType.uasset" 4190
"D:/Kool/Saxion/Semester 4/Unreal/AE_Unreal/Content/ExternalAssets/Fab/ProceduralNtr_vol2/maps/Landscape_Layer_Info/L4_Snow_Slush_or_Mud_LayerInfo.uasset" 4191
"../../../../../Kool/Saxion/Semester 4/Unreal/AE_Unreal/Content/ExternalAssets/Fab/ProceduralNtr_vol2/pnp_v2_assets/Assets/pine_trees_full/pine_tree_card_distant_a.uasset" 4192
"D:/Kool/Saxion/Semester 4/Unreal/AE_Unreal/Content/ExternalAssets/Fab/ProceduralNtr_vol2/maps/Landscape_Layer_Info/L5_Forest_Ground_a_LayerInfo.uasset" 4193
"/Game/ExternalAssets/Fab/ProceduralNtr_vol2/pnp_v2_assets/Assets/landscape_auto_foliage/Orange_Grass_L01" 4194
"../../../../../Kool/Saxion/Semester 4/Unreal/AE_Unreal/Content/ExternalAssets/Fab/ProceduralNtr_vol2/pnp_v2_assets/Assets/grass/Static_Meshes/grass_patch_01.uasset" 4195
"/Game/ExternalAssets/Fab/ProceduralNtr_vol2/pnp_v2_assets/Assets/landscape_auto_foliage/SnowClumps_M01" 4196
"../../../../../Kool/Saxion/Semester 4/Unreal/AE_Unreal/Content/ExternalAssets/Fab/ProceduralNtr_vol2/pnp_v2_assets/Assets/snow/snow_clumps_piles/Static_Meshes/engine_snow_clumps_b_LODs.uasset" 4197
"/Game/ExternalAssets/Fab/ProceduralNtr_vol2/pnp_v2_assets/Assets/snow/snow_clumps_piles/engine_snow_clumps_a_LODs_FoliageType" 4198
"../../../../../Kool/Saxion/Semester 4/Unreal/AE_Unreal/Content/ExternalAssets/Fab/ProceduralNtr_vol2/pnp_v2_assets/Assets/snow/snow_clumps_piles/Static_Meshes/engine_snow_clumps_a_LODs.uasset" 4199
"D:/Kool/Saxion/Semester 4/Unreal/AE_Unreal/Content/ExternalAssets/Fab/ProceduralNtr_vol2/maps/Landscape_Layer_Info/L3_Snow_Rough_or_Rocks_LayerInfo.uasset" 4200
"D:/Kool/Saxion/Semester 4/Unreal/AE_Unreal/Content/ExternalAssets/Fab/ProceduralNtr_vol2/maps/Landscape_Layer_Info/L1_Ice_or_Puddle_LayerInfo.uasset" 4201
"D:/Kool/Saxion/Semester 4/Unreal/AE_Unreal/Content/ExternalAssets/Fab/ProceduralNtr_vol2/maps/Landscape_Layer_Info/L2_Snow_or_Grass_LayerInfo.uasset" 4202
"D:/Kool/Saxion/Semester 4/Unreal/AE_Unreal/Content/ExternalAssets/Fab/ProceduralNtr_vol2/maps/Landscape_Layer_Info/L11_Remove_Foliage_Bushes_LayerInfo.uasset" 4203
"D:/Kool/Saxion/Semester 4/Unreal/AE_Unreal/Content/ExternalAssets/Fab/ProceduralNtr_vol2/maps/Landscape_Layer_Info/L12_Remove_Foliage_SnowClumps_LayerInfo.uasset" 4204
"D:/Kool/Saxion/Semester 4/Unreal/AE_Unreal/Content/ExternalAssets/Fab/ProceduralNtr_vol2/pnp_v2_assets/Assets/eldeberry_bushes/Static_Meshes/Elderberry_Living_Medium.uasset" 4205
"D:/Kool/Saxion/Semester 4/Unreal/AE_Unreal/Content/ExternalAssets/Fab/ProceduralNtr_vol2/pnp_v2_assets/Assets/grass/Static_Meshes/grass_patch_02.uasset" 4206
"D:/Kool/Saxion/Semester 4/Unreal/AE_Unreal/Content/ExternalAssets/Fab/ProceduralNtr_vol2/pnp_v2_assets/Assets/eldeberry_bushes/Static_Meshes/Elderberry_Living_Large.uasset" 4207
"D:/Kool/Saxion/Semester 4/Unreal/AE_Unreal/Content/ExternalAssets/Fab/ProceduralNtr_vol2/pnp_v2_assets/Assets/eldeberry_bushes/Textures/T_Elderberry_T.uasset" 4208
"D:/Kool/Saxion/Semester 4/Unreal/AE_Unreal/Content/ExternalAssets/Fab/ProceduralNtr_vol2/pnp_v2_assets/Assets/eldeberry_bushes/Textures/T_Elderberry_BC.uasset" 4209
"D:/Kool/Saxion/Semester 4/Unreal/AE_Unreal/Content/ExternalAssets/Fab/ProceduralNtr_vol2/pnp_v2_assets/Assets/eldeberry_bushes/Textures/T_Elderberry_NM.uasset" 4210
"D:/Kool/Saxion/Semester 4/Unreal/AE_Unreal/Content/ExternalAssets/Fab/ProceduralNtr_vol2/maps/Landscape_Layer_Info/L10_Remove_Foliage_Grass_LayerInfo.uasset" 4211
"D:/Kool/Saxion/Semester 4/Unreal/AE_Unreal/Content/ExternalAssets/Fab/ProceduralNtr_vol2/pnp_v2_assets/Assets/eldeberry_bushes/Textures/T_Elderberry_merge.uasset" 4212
"D:/Kool/Saxion/Semester 4/Unreal/AE_Unreal/Content/ExternalAssets/Fab/ProceduralNtr_vol2/pnp_v2_assets/Assets/eldeberry_bushes/Static_Meshes/Elderberry_Dead_Large.uasset" 4213
"/Game/ExternalAssets/Fab/ProceduralNtr_vol2/maps/Landscape_Layer_Info/L11_Remove_Foliage_Bushes_LayerInfo" 4214
"D:/Kool/Saxion/Semester 4/Unreal/AE_Unreal/Content/ExternalAssets/Fab/ProceduralNtr_vol2/pnp_v2_assets/Assets/eldeberry_bushes/Materials/edleberry_bush_snow.uasset" 4215
"/Game/ExternalAssets/Fab/ProceduralNtr_vol2/maps/Landscape_Layer_Info/L12_Remove_Foliage_SnowClumps_LayerInfo" 4216
"/Game/ExternalAssets/Fab/ProceduralNtr_vol2/maps/Landscape_Layer_Info/L4_Snow_Slush_or_Mud_LayerInfo" 4217
"/Game/ExternalAssets/Fab/ProceduralNtr_vol2/maps/Landscape_Layer_Info/L1_Ice_or_Puddle_LayerInfo" 4218
"/Game/ExternalAssets/Fab/ProceduralNtr_vol2/maps/Landscape_Layer_Info/L2_Snow_or_Grass_LayerInfo" 4219
"/Game/ExternalAssets/Fab/ProceduralNtr_vol2/maps/Landscape_Layer_Info/L3_Snow_Rough_or_Rocks_LayerInfo" 4220
"/Game/ExternalAssets/Fab/ProceduralNtr_vol2/pnp_v2_assets/Assets/snow/snow_clumps_piles/Static_Meshes/engine_snow_clumps_d_LODs" 4221
"/Game/ExternalAssets/Fab/ProceduralNtr_vol2/maps/Landscape_Layer_Info/L5_Forest_Ground_a_LayerInfo" 4222
"/Game/ExternalAssets/Fab/ProceduralNtr_vol2/pnp_v2_assets/Assets/snow/snow_clumps_piles/engine_snow_clumps_d_LODs_FoliageType" 4223
"/Game/ExternalAssets/Fab/ProceduralNtr_vol2/pnp_v2_assets/Assets/grass/grass_clump_small02_FoliageType" 4224
"/Game/ExternalAssets/Fab/ProceduralNtr_vol2/pnp_v2_assets/Assets/grass/grass_patch_02_FoliageType" 4225
"/Game/ExternalAssets/Fab/ProceduralNtr_vol2/pnp_v2_assets/Assets/grass/grass_patch_01_FoliageType" 4226
"/Game/ExternalAssets/Fab/ProceduralNtr_vol2/pnp_v2_assets/Assets/grass/grass_clump_small01_FoliageType" 4227
"/Game/ExternalAssets/Fab/ProceduralNtr_vol2/maps/Landscape_Layer_Info/L6_Forest_Ground_b_LayerInfo" 4228
"../../../Engine/Content/EngineSky/VolumetricClouds/T_Profile_08.uasset" 4229
"../../../Engine/Content/EngineSky/VolumetricClouds/VT_PerlinWorley_Balanced.uasset" 4230
"/Game/ExternalAssets/Fab/ProceduralNtr_vol2/pnp_v2_assets/Assets/eldeberry_bushes/Textures/T_Elderberry_NM" 4231
"../../../Engine/Content/EngineSky/VolumetricClouds/T_CloudPattern.uasset" 4232
"../../../../../Kool/Saxion/Semester 4/Unreal/AE_Unreal/Content/ExternalAssets/Fab/ProceduralNtr_vol2/pnp_v2_assets/Assets/snow/snow_clumps_piles/Static_Meshes/engine_snow_clumps_d_LODs.uasset" 4233
"../../../Engine/Content/EngineSky/VolumetricClouds/T_CloudMask.uasset" 4234
"/Game/ExternalAssets/Fab/ProceduralNtr_vol2/pnp_v2_assets/Assets/eldeberry_bushes/Textures/T_Elderberry_T" 4235
"../../../Engine/Content/Functions/Engine_MaterialFunctions01/Units/Km-to-Cm.uasset" 4236
"../../../Engine/Content/EngineSky/VolumetricClouds/VT_Lightning.uasset" 4237
"../../../Engine/Content/Functions/Engine_MaterialFunctions02/Utility/BreakOutFloat4Components.uasset" 4238
"../../../Engine/Content/EngineSky/VolumetricClouds/m_SimpleVolumetricCloud.uasset" 4239
"D:/Kool/Saxion/Semester 4/Unreal/AE_Unreal/Content/MyProject/Weather/Clouds/MI_StormClouds.uasset" 4240
"D:/Kool/Saxion/Semester 4/Unreal/AE_Unreal/Content/MyProject/Models/SM_WallTriangle.uasset" 4241
"/Game/ExternalAssets/Fab/ProceduralNtr_vol2/pnp_v2_assets/Assets/eldeberry_bushes/Static_Meshes/Elderberry_Living_Large" 4242
"D:/Kool/Saxion/Semester 4/Unreal/AE_Unreal/Content/MyProject/Blueprints/Environment/BP_WallTriangle.uasset" 4243
"D:/Kool/Saxion/Semester 4/Unreal/AE_Unreal/Content/MyProject/Models/M_Gateway.uasset" 4244
"D:/Kool/Saxion/Semester 4/Unreal/AE_Unreal/Content/MyProject/Models/SM_Wall_Arch.uasset" 4245
"D:/Kool/Saxion/Semester 4/Unreal/AE_Unreal/Content/MyProject/Blueprints/Environment/BP_WallArch.uasset" 4246
"../../../../../Kool/Saxion/Semester 4/Unreal/AE_Unreal/Content/ExternalAssets/Fab/ProceduralNtr_vol2/pnp_v2_assets/Assets/grass/Static_Meshes/grass_patch_02.uasset" 4247
"/Game/ExternalAssets/Fab/ProceduralNtr_vol2/pnp_v2_assets/Assets/eldeberry_bushes/Static_Meshes/Elderberry_Living_Medium" 4248
"/Game/ExternalAssets/Fab/ProceduralNtr_vol2/maps/Landscape_Layer_Info/L10_Remove_Foliage_Grass_LayerInfo" 4249
"/Game/ExternalAssets/Fab/ProceduralNtr_vol2/pnp_v2_assets/Materials/landscape_snow_master" 4250
"/Game/ExternalAssets/Fab/ProceduralNtr_vol2/pnp_v2_assets/Materials/landscape_materials/forest_ground_snow_ice_weighted" 4251
"/Game/ExternalAssets/Fab/ProceduralNtr_vol2/pnp_v2_assets/Assets/eldeberry_bushes/Elderberry_Living_Medium_FoliageType" 4252
"/Game/ExternalAssets/Fab/ProceduralNtr_vol2/pnp_v2_assets/Assets/eldeberry_bushes/Elderberry_Living_Large_FoliageType" 4253
"/Game/ExternalAssets/Fab/ProceduralNtr_vol2/pnp_v2_assets/Assets/eldeberry_bushes/Elderberry_Dead_Large_FoliageType" 4254
"/Game/MyProject/Blueprints/Environment/BP_WallArch" 4255
"../../Plugins/Interchange/Assets/Content/Materials/FBXLegacyPhongSurfaceMaterial.uasset" 4256
"../../../Engine/Content/Functions/Engine_MaterialFunctions03/Procedurals/NormalFromHeightmap.uasset" 4257
"../../Plugins/Interchange/Assets/Content/Functions/MF_PhongToMetalRoughness.uasset" 4258
"../../../Engine/Content/EngineMaterials/DefaultNormal.uasset" 4259
"/Game/MyProject/Blueprints/Environment/BP_WallTriangle" 4260
"../../../../../Kool/Saxion/Semester 4/Unreal/AE_Unreal/Content/MyProject/Models/M_stairs.uasset" 4261
"/Game/MyProject/Weather/Clouds/MI_StormClouds" 4262
"D:/Kool/Saxion/Semester 4/Unreal/AE_Unreal/Content/MyProject/Models/M_StoneWall_Top.uasset" 4263
"D:/Kool/Saxion/Semester 4/Unreal/AE_Unreal/Content/MyProject/Models/M_StoneWall.uasset" 4264
"D:/Kool/Saxion/Semester 4/Unreal/AE_Unreal/Content/MyProject/Models/SM_StoneWall.uasset" 4265
"D:/Kool/Saxion/Semester 4/Unreal/AE_Unreal/Content/MyProject/Textures/T_StoneWall/T_StoneWallTrim_OcclusionRoughnessMetallic.uasset" 4266
"D:/Kool/Saxion/Semester 4/Unreal/AE_Unreal/Content/MyProject/Textures/T_StoneWall/T_StoneWallTrim_Normal.uasset" 4267
"D:/Kool/Saxion/Semester 4/Unreal/AE_Unreal/Content/MyProject/Textures/T_StoneWall/T_StoneWallTrim_BaseColor.uasset" 4268
"D:/Kool/Saxion/Semester 4/Unreal/AE_Unreal/Content/MyProject/Materials/M_StoneWallTrim.uasset" 4269
"D:/Kool/Saxion/Semester 4/Unreal/AE_Unreal/Content/MyProject/Textures/T_StoneWall/T_StoneWall_OcclusionRoughnessMetallic.uasset" 4270
"D:/Kool/Saxion/Semester 4/Unreal/AE_Unreal/Content/MyProject/Textures/T_StoneWall/T_StoneWall_Normal.uasset" 4271
"D:/Kool/Saxion/Semester 4/Unreal/AE_Unreal/Content/MyProject/Textures/T_StoneWall/T_StoneWall_BaseColor.uasset" 4272
"D:/Kool/Saxion/Semester 4/Unreal/AE_Unreal/Content/MyProject/Materials/M_StoneWall.uasset" 4273
"D:/Kool/Saxion/Semester 4/Unreal/AE_Unreal/Content/MyProject/Blueprints/Environment/BP_StoneWall.uasset" 4274
"D:/Kool/Saxion/Semester 4/Unreal/AE_Unreal/Content/MyProject/Models/M_StonePillar.uasset" 4275
"D:/Kool/Saxion/Semester 4/Unreal/AE_Unreal/Content/MyProject/Models/SM_StonePillar.uasset" 4276
"D:/Kool/Saxion/Semester 4/Unreal/AE_Unreal/Content/MyProject/Textures/T_StonePillar/T_StonePillar_OcclusionRoughnessMetallic.uasset" 4277
"D:/Kool/Saxion/Semester 4/Unreal/AE_Unreal/Content/MyProject/Textures/T_StonePillar/T_StonePillar_Normal.uasset" 4278
"D:/Kool/Saxion/Semester 4/Unreal/AE_Unreal/Content/MyProject/Textures/T_StonePillar/T_StonePillar_BaseColor.uasset" 4279
"D:/Kool/Saxion/Semester 4/Unreal/AE_Unreal/Content/MyProject/Materials/M_StonePillar.uasset" 4280
"D:/Kool/Saxion/Semester 4/Unreal/AE_Unreal/Content/MyProject/Blueprints/Environment/BP_StonePillar.uasset" 4281
"D:/Kool/Saxion/Semester 4/Unreal/AE_Unreal/Content/MyProject/Models/SM_Stairs.uasset" 4282
"D:/Kool/Saxion/Semester 4/Unreal/AE_Unreal/Content/MyProject/Textures/T_Stairs/T_Stairs_OcclusionRoughnessMetallic.uasset" 4283
"D:/Kool/Saxion/Semester 4/Unreal/AE_Unreal/Content/MyProject/Textures/T_Stairs/T_Stairs_Normal.uasset" 4284
"D:/Kool/Saxion/Semester 4/Unreal/AE_Unreal/Content/MyProject/Textures/T_Stairs/T_Stairs_BaseColor.uasset" 4285
"D:/Kool/Saxion/Semester 4/Unreal/AE_Unreal/Content/MyProject/Materials/M_Stairs.uasset" 4286
"D:/Kool/Saxion/Semester 4/Unreal/AE_Unreal/Content/MyProject/Blueprints/Environment/BP_Stairs.uasset" 4287
"D:/Kool/Saxion/Semester 4/Unreal/AE_Unreal/Content/MyProject/Models/M_Slanted_Railing.uasset" 4288
"D:/Kool/Saxion/Semester 4/Unreal/AE_Unreal/Content/MyProject/Models/SM_SlantedRailing.uasset" 4289
"D:/Kool/Saxion/Semester 4/Unreal/AE_Unreal/Content/MyProject/Blueprints/Environment/BP_SlantedRailing.uasset" 4290
"D:/Kool/Saxion/Semester 4/Unreal/AE_Unreal/Content/MyProject/Models/M_Railing.uasset" 4291
"D:/Kool/Saxion/Semester 4/Unreal/AE_Unreal/Content/MyProject/Models/SM_RailingPillar_geo.uasset" 4292
"D:/Kool/Saxion/Semester 4/Unreal/AE_Unreal/Content/MyProject/Blueprints/Environment/BP_RailingPillar.uasset" 4293
"D:/Kool/Saxion/Semester 4/Unreal/AE_Unreal/Content/MyProject/Models/M_Stone.uasset" 4294
"/Game/MyProject/Models/M_Stone" 4295
"/Game/MyProject/Materials/M_StonePillar" 4296
"/Game/MyProject/Models/SM_StonePillar" 4297
"/Game/MyProject/Blueprints/Environment/BP_StoneWall" 4298
"/Game/MyProject/Blueprints/Environment/BP_RailingPillar" 4299
"/Game/MyProject/Blueprints/Environment/BP_SlantedRailing" 4300
"/Game/MyProject/Blueprints/Environment/BP_Stairs" 4301
"/Game/MyProject/Blueprints/Environment/BP_StonePillar" 4302
"D:/Kool/Saxion/Semester 4/Unreal/AE_Unreal/Content/MyProject/Models/M_roofRailing.uasset" 4303
"D:/Kool/Saxion/Semester 4/Unreal/AE_Unreal/Content/MyProject/Models/M_Pillar.uasset" 4304
"D:/Kool/Saxion/Semester 4/Unreal/AE_Unreal/Content/MyProject/Models/M_PavilionTower.uasset" 4305
"D:/Kool/Saxion/Semester 4/Unreal/AE_Unreal/Content/MyProject/Models/M_PavilionArch_S.uasset" 4306
"/Game/MyProject/Models/M_Pillar" 4307
"D:/Kool/Saxion/Semester 4/Unreal/AE_Unreal/Content/MyProject/Models/M_PavilionArch_L.uasset" 4308
"D:/Kool/Saxion/Semester 4/Unreal/AE_Unreal/Content/MyProject/Models/SM_Pavilion.uasset" 4309
"D:/Kool/Saxion/Semester 4/Unreal/AE_Unreal/Content/MyProject/Models/Material.uasset" 4310
"D:/Kool/Saxion/Semester 4/Unreal/AE_Unreal/Content/MyProject/Textures/T_Pavilion/T_PavilionTower_OcclusionRoughnessMetallic.uasset" 4311
"D:/Kool/Saxion/Semester 4/Unreal/AE_Unreal/Content/MyProject/Textures/T_Pavilion/T_PavilionTower_Normal.uasset" 4312
"D:/Kool/Saxion/Semester 4/Unreal/AE_Unreal/Content/MyProject/Materials/M_PavilionTower.uasset" 4313
"D:/Kool/Saxion/Semester 4/Unreal/AE_Unreal/Content/MyProject/Textures/T_Pavilion/T_PavilionStone_OcclusionRoughnessMetallic.uasset" 4314
"/Game/MyProject/Models/M_roofRailing" 4315
"D:/Kool/Saxion/Semester 4/Unreal/AE_Unreal/Content/MyProject/Textures/T_Pavilion/T_PavilionTower_BaseColor.uasset" 4316
"D:/Kool/Saxion/Semester 4/Unreal/AE_Unreal/Content/MyProject/Textures/T_Pavilion/T_PavilionStone_Normal.uasset" 4317
"D:/Kool/Saxion/Semester 4/Unreal/AE_Unreal/Content/MyProject/Textures/T_Pavilion/T_PavilionStone_BaseColor.uasset" 4318
"D:/Kool/Saxion/Semester 4/Unreal/AE_Unreal/Content/MyProject/Materials/M_PavilionStone.uasset" 4319
"D:/Kool/Saxion/Semester 4/Unreal/AE_Unreal/Content/MyProject/Textures/T_Pavilion/T_PavilionRoof_OcclusionRoughnessMetallic.uasset" 4320
"D:/Kool/Saxion/Semester 4/Unreal/AE_Unreal/Content/MyProject/Textures/T_Pavilion/T_PavilionRoof_Normal.uasset" 4321
"D:/Kool/Saxion/Semester 4/Unreal/AE_Unreal/Content/MyProject/Materials/M_PavilionRoof.uasset" 4322
"D:/Kool/Saxion/Semester 4/Unreal/AE_Unreal/Content/MyProject/Textures/T_Pavilion/T_PavilionRoof_BaseColor.uasset" 4323
"/Game/MyProject/Textures/T_Pavilion/T_PavilionRoof_Normal" 4324
"D:/Kool/Saxion/Semester 4/Unreal/AE_Unreal/Content/MyProject/Textures/T_Pavilion/T_PavilionPillar_OcclusionRoughnessMetallic.uasset" 4325
"D:/Kool/Saxion/Semester 4/Unreal/AE_Unreal/Content/MyProject/Textures/T_Pavilion/T_PavilionPillar_BaseColor.uasset" 4326
"D:/Kool/Saxion/Semester 4/Unreal/AE_Unreal/Content/MyProject/Textures/T_Pavilion/T_PavilionPillar_Normal.uasset" 4327
"D:/Kool/Saxion/Semester 4/Unreal/AE_Unreal/Content/MyProject/Materials/M_PavilionPillar.uasset" 4328
"D:/Kool/Saxion/Semester 4/Unreal/AE_Unreal/Content/MyProject/Textures/T_Pavilion/T_PavilionArchS_OcclusionRoughnessMetallic.uasset" 4329
"D:/Kool/Saxion/Semester 4/Unreal/AE_Unreal/Content/MyProject/Textures/T_Pavilion/T_PavilionArchS_BaseColor.uasset" 4330
"/Game/MyProject/Textures/T_Pavilion/T_PavilionRoof_OcclusionRoughnessMetallic" 4331
"D:/Kool/Saxion/Semester 4/Unreal/AE_Unreal/Content/MyProject/Textures/T_Pavilion/T_PavilionArchS_Normal.uasset" 4332
"D:/Kool/Saxion/Semester 4/Unreal/AE_Unreal/Content/MyProject/Materials/M_PavilionArchS.uasset" 4333
"D:/Kool/Saxion/Semester 4/Unreal/AE_Unreal/Content/MyProject/Textures/T_Pavilion/T_PavilionArchL_OcclusionRoughnessMetallic.uasset" 4334
"D:/Kool/Saxion/Semester 4/Unreal/AE_Unreal/Content/MyProject/Textures/T_Pavilion/T_PavilionArchL_Normal.uasset" 4335
"D:/Kool/Saxion/Semester 4/Unreal/AE_Unreal/Content/MyProject/Textures/T_Pavilion/T_PavilionArchL_BaseColor.uasset" 4336
"D:/Kool/Saxion/Semester 4/Unreal/AE_Unreal/Content/MyProject/Blueprints/Environment/BP_Pavilion.uasset" 4337
"/Game/MyProject/Materials/M_PavilionStone" 4338
"D:/Kool/Saxion/Semester 4/Unreal/AE_Unreal/Content/MyProject/Models/M_Tomb_03_Mat4.uasset" 4339
"D:/Kool/Saxion/Semester 4/Unreal/AE_Unreal/Content/MyProject/Models/M_Tomb_03_Mat3.uasset" 4340
"D:/Kool/Saxion/Semester 4/Unreal/AE_Unreal/Content/MyProject/Materials/M_PavilionArchL.uasset" 4341
"/Game/MyProject/Materials/M_PavilionTower" 4342
"/Game/MyProject/Models/SM_Pavilion" 4343
"D:/Kool/Saxion/Semester 4/Unreal/AE_Unreal/Content/MyProject/Models/M_Tomb_03_Mat2.uasset" 4344
"D:/Kool/Saxion/Semester 4/Unreal/AE_Unreal/Content/MyProject/Models/M_Tomb_03_Mat1.uasset" 4345
"D:/Kool/Saxion/Semester 4/Unreal/AE_Unreal/Content/MyProject/Models/SM_Mausoleoum_03.uasset" 4346
"/Game/MyProject/Blueprints/Environment/BP_Pavilion" 4347
"D:/Kool/Saxion/Semester 4/Unreal/AE_Unreal/Content/MyProject/Textures/T_Mausoleum_03/T_Tomb_03_04_OcclusionRoughnessMetallic.uasset" 4348
"D:/Kool/Saxion/Semester 4/Unreal/AE_Unreal/Content/MyProject/Textures/T_Mausoleum_03/T_Tomb_03_04_Normal.uasset" 4349
"D:/Kool/Saxion/Semester 4/Unreal/AE_Unreal/Content/MyProject/Textures/T_Mausoleum_03/T_Tomb_03_04_BaseColor.uasset" 4350
"D:/Kool/Saxion/Semester 4/Unreal/AE_Unreal/Content/MyProject/Materials/M_Mausoleum_03_04.uasset" 4351
"D:/Kool/Saxion/Semester 4/Unreal/AE_Unreal/Content/MyProject/Textures/T_Mausoleum_03/T_Tomb_03_03_OcclusionRoughnessMetallic.uasset" 4352
"D:/Kool/Saxion/Semester 4/Unreal/AE_Unreal/Content/MyProject/Textures/T_Mausoleum_03/T_Tomb_03_03_BaseColor.uasset" 4353
"D:/Kool/Saxion/Semester 4/Unreal/AE_Unreal/Content/MyProject/Textures/T_Mausoleum_03/T_Tomb_03_03_Normal.uasset" 4354
"D:/Kool/Saxion/Semester 4/Unreal/AE_Unreal/Content/MyProject/Materials/M_Mausoleum_03_03.uasset" 4355
"D:/Kool/Saxion/Semester 4/Unreal/AE_Unreal/Content/MyProject/Textures/T_Mausoleum_03/T_Tomb_03_02_OcclusionRoughnessMetallic.uasset" 4356
"D:/Kool/Saxion/Semester 4/Unreal/AE_Unreal/Content/MyProject/Textures/T_Mausoleum_03/T_Tomb_03_02_Normal.uasset" 4357
"D:/Kool/Saxion/Semester 4/Unreal/AE_Unreal/Content/MyProject/Textures/T_Mausoleum_03/T_Tomb_03_02_BaseColor.uasset" 4358
"D:/Kool/Saxion/Semester 4/Unreal/AE_Unreal/Content/MyProject/Materials/M_Mausoleum_03_02.uasset" 4359
"/Game/MyProject/Models/M_Tomb_03_Mat2" 4360
"/Game/MyProject/Models/M_Tomb_03_Mat3" 4361
"/Game/MyProject/Models/M_Tomb_03_Mat4" 4362
"D:/Kool/Saxion/Semester 4/Unreal/AE_Unreal/Content/MyProject/Textures/T_Mausoleum_03/T_Tomb_03_01_OcclusionRoughnessMetallic.uasset" 4363
"D:/Kool/Saxion/Semester 4/Unreal/AE_Unreal/Content/MyProject/Textures/T_Mausoleum_03/T_Tomb_03_01_Normal.uasset" 4364
"D:/Kool/Saxion/Semester 4/Unreal/AE_Unreal/Content/MyProject/Textures/T_Mausoleum_03/T_Tomb_03_01_BaseColor.uasset" 4365
"D:/Kool/Saxion/Semester 4/Unreal/AE_Unreal/Content/MyProject/Materials/M_Mausoleum_03_01.uasset" 4366
"/Game/MyProject/Materials/M_Mausoleum_03_02" 4367
"D:/Kool/Saxion/Semester 4/Unreal/AE_Unreal/Content/MyProject/Blueprints/Environment/BP_Mausoleoum_03.uasset" 4368
"D:/Kool/Saxion/Semester 4/Unreal/AE_Unreal/Content/MyProject/Models/M_Tomb_02_Mat4.uasset" 4369
"D:/Kool/Saxion/Semester 4/Unreal/AE_Unreal/Content/MyProject/Models/M_Tomb_02_Mat3.uasset" 4370
"D:/Kool/Saxion/Semester 4/Unreal/AE_Unreal/Content/MyProject/Models/M_Tomb_02_Mat2.uasset" 4371
"D:/Kool/Saxion/Semester 4/Unreal/AE_Unreal/Content/MyProject/Models/M_Tomb_02_Mat1.uasset" 4372
"D:/Kool/Saxion/Semester 4/Unreal/AE_Unreal/Content/MyProject/Models/SM_Mausoleoum_02.uasset" 4373
"D:/Kool/Saxion/Semester 4/Unreal/AE_Unreal/Content/MyProject/Textures/T_Mausoleum_02/T_Tomb_02_04_OcclusionRoughnessMetallic.uasset" 4374
"D:/Kool/Saxion/Semester 4/Unreal/AE_Unreal/Content/MyProject/Textures/T_Mausoleum_02/T_Tomb_02_04_Normal.uasset" 4375
"D:/Kool/Saxion/Semester 4/Unreal/AE_Unreal/Content/MyProject/Textures/T_Mausoleum_02/T_Tomb_02_04_BaseColor.uasset" 4376
"D:/Kool/Saxion/Semester 4/Unreal/AE_Unreal/Content/MyProject/Materials/M_Mausoleum_02_04.uasset" 4377
"D:/Kool/Saxion/Semester 4/Unreal/AE_Unreal/Content/MyProject/Textures/T_Mausoleum_02/T_Tomb_02_03_OcclusionRoughnessMetallic.uasset" 4378
"D:/Kool/Saxion/Semester 4/Unreal/AE_Unreal/Content/MyProject/Textures/T_Mausoleum_02/T_Tomb_02_03_Normal.uasset" 4379
"D:/Kool/Saxion/Semester 4/Unreal/AE_Unreal/Content/MyProject/Textures/T_Mausoleum_02/T_Tomb_02_03_BaseColor.uasset" 4380
"D:/Kool/Saxion/Semester 4/Unreal/AE_Unreal/Content/MyProject/Materials/M_Mausoleum_02_03.uasset" 4381
"/Game/MyProject/Materials/M_Mausoleum_03_03" 4382
"/Game/MyProject/Materials/M_Mausoleum_03_04" 4383
"/Game/MyProject/Models/SM_Mausoleoum_03" 4384
"/Game/MyProject/Textures/T_Mausoleum_03/T_Tomb_03_01_Normal" 4385
"/Game/MyProject/Textures/T_Mausoleum_03/T_Tomb_03_01_OcclusionRoughnessMetallic" 4386
"D:/Kool/Saxion/Semester 4/Unreal/AE_Unreal/Content/MyProject/Textures/T_Mausoleum_02/T_Tomb_02_02_OcclusionRoughnessMetallic.uasset" 4387
"D:/Kool/Saxion/Semester 4/Unreal/AE_Unreal/Content/MyProject/Textures/T_Mausoleum_02/T_Tomb_02_02_Normal.uasset" 4388
"/Game/MyProject/Materials/M_Mausoleum_02_03" 4389
"D:/Kool/Saxion/Semester 4/Unreal/AE_Unreal/Content/MyProject/Textures/T_Mausoleum_02/T_Tomb_02_02_BaseColor.uasset" 4390
"D:/Kool/Saxion/Semester 4/Unreal/AE_Unreal/Content/MyProject/Materials/M_Mausoleum_02_02.uasset" 4391
"D:/Kool/Saxion/Semester 4/Unreal/AE_Unreal/Content/MyProject/Textures/T_Mausoleum_02/T_Tomb_02_01_OcclusionRoughnessMetallic.uasset" 4392
"D:/Kool/Saxion/Semester 4/Unreal/AE_Unreal/Content/MyProject/Textures/T_Mausoleum_02/T_Tomb_02_01_Normal.uasset" 4393
"D:/Kool/Saxion/Semester 4/Unreal/AE_Unreal/Content/MyProject/Textures/T_Mausoleum_02/T_Tomb_02_01_BaseColor.uasset" 4394
"D:/Kool/Saxion/Semester 4/Unreal/AE_Unreal/Content/MyProject/Materials/M_Mausoleum_02_01.uasset" 4395
"D:/Kool/Saxion/Semester 4/Unreal/AE_Unreal/Content/MyProject/Blueprints/Environment/BP_Mausoleoum_02.uasset" 4396
"D:/Kool/Saxion/Semester 4/Unreal/AE_Unreal/Content/MyProject/Models/M_Tomb_01_Mat4.uasset" 4397
"D:/Kool/Saxion/Semester 4/Unreal/AE_Unreal/Content/MyProject/Models/M_Tomb_01_Mat3.uasset" 4398
"D:/Kool/Saxion/Semester 4/Unreal/AE_Unreal/Content/MyProject/Models/M_Tomb_01_Mat2.uasset" 4399
"D:/Kool/Saxion/Semester 4/Unreal/AE_Unreal/Content/MyProject/Models/M_Tomb_01_Mat.uasset" 4400
"D:/Kool/Saxion/Semester 4/Unreal/AE_Unreal/Content/MyProject/Models/SM_Mausoleoum_01.uasset" 4401
"D:/Kool/Saxion/Semester 4/Unreal/AE_Unreal/Content/MyProject/Textures/T_Mausoleum_01/T_Mausoleoum_01_04_OcclusionRoughnessMetallic.uasset" 4402
"D:/Kool/Saxion/Semester 4/Unreal/AE_Unreal/Content/MyProject/Textures/T_Mausoleum_01/T_Mausoleoum_01_04_Normal.uasset" 4403
"/Game/MyProject/Materials/M_Mausoleum_02_04" 4404
"/Game/MyProject/Models/SM_Mausoleoum_02" 4405
"/Game/MyProject/Blueprints/Environment/BP_Mausoleoum_03" 4406
"D:/Kool/Saxion/Semester 4/Unreal/AE_Unreal/Content/MyProject/Textures/T_Mausoleum_01/T_Mausoleoum_01_04_BaseColor.uasset" 4407
"D:/Kool/Saxion/Semester 4/Unreal/AE_Unreal/Content/MyProject/Materials/M_Mausoleoum_01_04.uasset" 4408
"/Game/MyProject/Textures/T_Mausoleum_01/T_Mausoleoum_01_04_Normal" 4409
"D:/Kool/Saxion/Semester 4/Unreal/AE_Unreal/Content/MyProject/Textures/T_Mausoleum_01/T_Mausoleoum_01_03_OcclusionRoughnessMetallic.uasset" 4410
"D:/Kool/Saxion/Semester 4/Unreal/AE_Unreal/Content/MyProject/Textures/T_Mausoleum_01/T_Mausoleoum_01_03_Normal.uasset" 4411
"D:/Kool/Saxion/Semester 4/Unreal/AE_Unreal/Content/MyProject/Textures/T_Mausoleum_01/T_Mausoleoum_01_03_BaseColor.uasset" 4412
"D:/Kool/Saxion/Semester 4/Unreal/AE_Unreal/Content/MyProject/Materials/M_Mausoleoum_01_03.uasset" 4413
"/Game/MyProject/Textures/T_Mausoleum_01/T_Mausoleoum_01_04_OcclusionRoughnessMetallic" 4414
"D:/Kool/Saxion/Semester 4/Unreal/AE_Unreal/Content/MyProject/Textures/T_Mausoleum_01/T_Mausoleoum_01_02_Normal.uasset" 4415
"D:/Kool/Saxion/Semester 4/Unreal/AE_Unreal/Content/MyProject/Textures/T_Mausoleum_01/T_Mausoleoum_01_02.uasset" 4416
"D:/Kool/Saxion/Semester 4/Unreal/AE_Unreal/Content/MyProject/Textures/T_Mausoleum_01/T_Mausoleoum_01_02_BaseColor.uasset" 4417
"D:/Kool/Saxion/Semester 4/Unreal/AE_Unreal/Content/MyProject/Materials/M_Mausoleoum_01_02.uasset" 4418
"D:/Kool/Saxion/Semester 4/Unreal/AE_Unreal/Content/MyProject/Textures/T_Mausoleum_01/T_Mausoleoum_01_01__Normal.uasset" 4419
"D:/Kool/Saxion/Semester 4/Unreal/AE_Unreal/Content/MyProject/Textures/T_Mausoleum_01/T_Mausoleoum_01_01_OcclusionRoughnessMetallic.uasset" 4420
"D:/Kool/Saxion/Semester 4/Unreal/AE_Unreal/Content/MyProject/Textures/T_Mausoleum_01/T_Mausoleoum_01_01_BaseColor.uasset" 4421
"D:/Kool/Saxion/Semester 4/Unreal/AE_Unreal/Content/MyProject/Materials/M_Mausoleoum_01_01.uasset" 4422
"D:/Kool/Saxion/Semester 4/Unreal/AE_Unreal/Content/MyProject/Blueprints/Environment/BP_Mausoleoum_01.uasset" 4423
"D:/Kool/Saxion/Semester 4/Unreal/AE_Unreal/Content/MyProject/Models/Grave_Cross_geo.uasset" 4424
"/Game/MyProject/Models/SM_Mausoleoum_01" 4425
"/Game/MyProject/Blueprints/Environment/BP_Mausoleoum_02" 4426
"/Game/MyProject/Textures/T_Mausoleum_01/T_Mausoleoum_01_04_BaseColor" 4427
"D:/Kool/Saxion/Semester 4/Unreal/AE_Unreal/Content/MyProject/Models/SM_Grave_06.uasset" 4428
"D:/Kool/Saxion/Semester 4/Unreal/AE_Unreal/Content/MyProject/Textures/T_Grave_06/T_Grave_06_OcclusionRoughnessMetallic.uasset" 4429
"D:/Kool/Saxion/Semester 4/Unreal/AE_Unreal/Content/MyProject/Textures/T_Grave_06/T_Grave_06_Normal.uasset" 4430
"/Game/MyProject/Models/Grave_Cross_geo" 4431
"D:/Kool/Saxion/Semester 4/Unreal/AE_Unreal/Content/MyProject/Textures/T_Grave_06/T_Grave_06_BaseColor.uasset" 4432
"D:/Kool/Saxion/Semester 4/Unreal/AE_Unreal/Content/MyProject/Materials/M_Grave_06.uasset" 4433
"D:/Kool/Saxion/Semester 4/Unreal/AE_Unreal/Content/MyProject/Blueprints/Environment/BP_Grave_06.uasset" 4434
"D:/Kool/Saxion/Semester 4/Unreal/AE_Unreal/Content/MyProject/Models/SM_Grave_05.uasset" 4435
"D:/Kool/Saxion/Semester 4/Unreal/AE_Unreal/Content/MyProject/Textures/T_Grave_05/T_Grave_05_OcclusionRoughnessMetallic.uasset" 4436
"D:/Kool/Saxion/Semester 4/Unreal/AE_Unreal/Content/MyProject/Textures/T_Grave_05/T_Grave_05_Normal.uasset" 4437
"/Game/MyProject/Blueprints/Environment/BP_Mausoleoum_01" 4438
"D:/Kool/Saxion/Semester 4/Unreal/AE_Unreal/Content/MyProject/Materials/M_Grave_05.uasset" 4439
"D:/Kool/Saxion/Semester 4/Unreal/AE_Unreal/Content/MyProject/Textures/T_Grave_05/T_Grave_05_BaseColor.uasset" 4440
"D:/Kool/Saxion/Semester 4/Unreal/AE_Unreal/Content/MyProject/Blueprints/Environment/BP_Grave_05.uasset" 4441
"D:/Kool/Saxion/Semester 4/Unreal/AE_Unreal/Content/MyProject/Models/SM_Grave_04.uasset" 4442
"D:/Kool/Saxion/Semester 4/Unreal/AE_Unreal/Content/MyProject/Textures/T_Grave_04/T_Grave_04_Normal.uasset" 4443
"D:/Kool/Saxion/Semester 4/Unreal/AE_Unreal/Content/MyProject/Textures/T_Grave_04/T_Grave_04_BaseColor.uasset" 4444
"D:/Kool/Saxion/Semester 4/Unreal/AE_Unreal/Content/MyProject/Textures/T_Grave_04/T_Grave_04.uasset" 4445
"D:/Kool/Saxion/Semester 4/Unreal/AE_Unreal/Content/MyProject/Materials/M_Grave_04.uasset" 4446
"/Game/MyProject/Models/SM_Grave_06" 4447
"D:/Kool/Saxion/Semester 4/Unreal/AE_Unreal/Content/MyProject/Models/SM_Grave_03.uasset" 4448
"/Game/MyProject/Materials/M_Grave_04" 4449
"D:/Kool/Saxion/Semester 4/Unreal/AE_Unreal/Content/MyProject/Blueprints/Environment/BP_Grave_04.uasset" 4450
"D:/Kool/Saxion/Semester 4/Unreal/AE_Unreal/Content/MyProject/Textures/T_Grave_03/T_Grave_03_OcclusionRoughnessMetallic.uasset" 4451
"D:/Kool/Saxion/Semester 4/Unreal/AE_Unreal/Content/MyProject/Textures/T_Grave_03/T_Grave_03_BaseColor.uasset" 4452
"D:/Kool/Saxion/Semester 4/Unreal/AE_Unreal/Content/MyProject/Textures/T_Grave_03/T_Grave_03.uasset" 4453
"D:/Kool/Saxion/Semester 4/Unreal/AE_Unreal/Content/MyProject/Materials/M_Grave_03.uasset" 4454
"D:/Kool/Saxion/Semester 4/Unreal/AE_Unreal/Content/MyProject/Blueprints/Environment/BP_Grave_03.uasset" 4455
"D:/Kool/Saxion/Semester 4/Unreal/AE_Unreal/Content/MyProject/Models/SM_Grave_02.uasset" 4456
"D:/Kool/Saxion/Semester 4/Unreal/AE_Unreal/Content/MyProject/Textures/T_Grave_02/T_Grave_02_OcclusionRoughnessMetallic.uasset" 4457
"D:/Kool/Saxion/Semester 4/Unreal/AE_Unreal/Content/MyProject/Textures/T_Grave_02/T_Grave_02_Normal.uasset" 4458
"D:/Kool/Saxion/Semester 4/Unreal/AE_Unreal/Content/MyProject/Textures/T_Grave_02/T_Grave_02_BaseColor.uasset" 4459
"D:/Kool/Saxion/Semester 4/Unreal/AE_Unreal/Content/MyProject/Materials/M_Grave_02.uasset" 4460
"D:/Kool/Saxion/Semester 4/Unreal/AE_Unreal/Content/MyProject/Models/SM_Grave_01.uasset" 4461
"D:/Kool/Saxion/Semester 4/Unreal/AE_Unreal/Content/MyProject/Blueprints/Environment/BP_Grave_02.uasset" 4462
"D:/Kool/Saxion/Semester 4/Unreal/AE_Unreal/Content/MyProject/Textures/T_Grave_01/T_Grave_01_texture_Normal.uasset" 4463
"D:/Kool/Saxion/Semester 4/Unreal/AE_Unreal/Content/MyProject/Textures/T_Grave_01/T_Grave_01_OcclusionRoughnessMetallic.uasset" 4464
"/Game/MyProject/Models/SM_Grave_04" 4465
"/Game/MyProject/Blueprints/Environment/BP_Grave_05" 4466
"/Game/MyProject/Blueprints/Environment/BP_Grave_06" 4467
"D:/Kool/Saxion/Semester 4/Unreal/AE_Unreal/Content/MyProject/Materials/M_Grave_01.uasset" 4468
"D:/Kool/Saxion/Semester 4/Unreal/AE_Unreal/Content/MyProject/Textures/T_Grave_01/T_Grave_01_BaseColor.uasset" 4469
"D:/Kool/Saxion/Semester 4/Unreal/AE_Unreal/Content/MyProject/Models/M_Fence.uasset" 4470
"D:/Kool/Saxion/Semester 4/Unreal/AE_Unreal/Content/MyProject/Blueprints/Environment/BP_Grave_01.uasset" 4471
"/Game/MyProject/Textures/T_Grave_01/T_Grave_01_OcclusionRoughnessMetallic" 4472
"D:/Kool/Saxion/Semester 4/Unreal/AE_Unreal/Content/MyProject/Models/SM_GothicFence.uasset" 4473
"D:/Kool/Saxion/Semester 4/Unreal/AE_Unreal/Content/MyProject/Textures/T_GothicFence/T_GothicFence_Opacity.uasset" 4474
"D:/Kool/Saxion/Semester 4/Unreal/AE_Unreal/Content/MyProject/Textures/T_GothicFence/T_GothicFence_OcclusionRoughnessMetallic.uasset" 4475
"D:/Kool/Saxion/Semester 4/Unreal/AE_Unreal/Content/MyProject/Textures/T_GothicFence/T_GothicFence_Normal.uasset" 4476
"D:/Kool/Saxion/Semester 4/Unreal/AE_Unreal/Content/MyProject/Textures/T_GothicFence/T_GothicFence_BaseColor.uasset" 4477
"D:/Kool/Saxion/Semester 4/Unreal/AE_Unreal/Content/MyProject/Materials/M_GothicFence.uasset" 4478
"/Game/MyProject/Textures/T_Grave_01/T_Grave_01_texture_Normal" 4479
"D:/Kool/Saxion/Semester 4/Unreal/AE_Unreal/Content/MyProject/Blueprints/Environment/BP_GothicFence.uasset" 4480
"D:/Kool/Saxion/Semester 4/Unreal/AE_Unreal/Content/MyProject/Models/Engel_C.uasset" 4481
"/Game/MyProject/Models/SM_Grave_01" 4482
"D:/Kool/Saxion/Semester 4/Unreal/AE_Unreal/Content/MyProject/Materials/M_Angel_01.uasset" 4483
"D:/Kool/Saxion/Semester 4/Unreal/AE_Unreal/Content/MyProject/Textures/T_Angel_01/Engel_C_Engel_O_Material_u1_v1.uasset" 4484
"D:/Kool/Saxion/Semester 4/Unreal/AE_Unreal/Content/MyProject/Blueprints/Environment/BP_Angel_01.uasset" 4485
"D:/Kool/Saxion/Semester 4/Unreal/AE_Unreal/Content/ExternalAssets/Megaplant_Library/Tree_Yoshino_Cherry/Tree_Yoshino_Cherry_01/SK_Yoshino_Cherry_01_B_Skeleton.uasset" 4486
"/Game/MyProject/Blueprints/Environment/BP_Grave_02" 4487
"/Game/MyProject/Blueprints/Environment/BP_Grave_03" 4488
"/Game/MyProject/Blueprints/Environment/BP_Grave_04" 4489
"D:/Kool/Saxion/Semester 4/Unreal/AE_Unreal/Content/ExternalAssets/Megaplant_Library/Tree_Yoshino_Cherry/Materials/MI_Yoshino_Cherry_01_Foliage.uasset" 4490
"D:/Kool/Saxion/Semester 4/Unreal/AE_Unreal/Content/ExternalAssets/Megaplant_Library/Tree_Yoshino_Cherry/Materials/MI_Yoshino_Cherry_01_Bark.uasset" 4491
"/Game/MyProject/Models/Engel_C" 4492
"D:/Kool/Saxion/Semester 4/Unreal/AE_Unreal/Content/ExternalAssets/Megaplant_Library/Tree_Yoshino_Cherry/Textures/T_Yoshino_Cherry_01_Foliage_NT.uasset" 4493
"D:/Kool/Saxion/Semester 4/Unreal/AE_Unreal/Content/ExternalAssets/Megaplant_Library/Tree_Yoshino_Cherry/Tree_Yoshino_Cherry_01/SK_Yoshino_Cherry_01_B.uasset" 4494
"D:/Kool/Saxion/Semester 4/Unreal/AE_Unreal/Content/ExternalAssets/Megaplant_Library/Tree_Yoshino_Cherry/Textures/T_Yoshino_Cherry_01_Foliage_CA.uasset" 4495
"D:/Kool/Saxion/Semester 4/Unreal/AE_Unreal/Content/ExternalAssets/Megaplant_Library/Tree_Yoshino_Cherry/Materials/M_Yoshino_Foliage.uasset" 4496
"D:/Kool/Saxion/Semester 4/Unreal/AE_Unreal/Content/ExternalAssets/Megaplant_Library/Tree_Yoshino_Cherry/Textures/T_Yoshino_Cherry_01_Bark_NAH.uasset" 4497
"D:/Kool/Saxion/Semester 4/Unreal/AE_Unreal/Content/ExternalAssets/Megaplant_Library/Tree_Yoshino_Cherry/Textures/T_Yoshino_Cherry_01_Bark_C.uasset" 4498
"D:/Kool/Saxion/Semester 4/Unreal/AE_Unreal/Content/ExternalAssets/Megaplant_Library/Tree_Yoshino_Cherry/Materials/M_Yoshino_Bark.uasset" 4499
"D:/Kool/Saxion/Semester 4/Unreal/AE_Unreal/Content/MyProject/Weather/M_VolumetricFog.uasset" 4500
"D:/Kool/Saxion/Semester 4/Unreal/AE_Unreal/Content/MyProject/Weather/MI_VolumetricFog.uasset" 4501
"D:/Kool/Saxion/Semester 4/Unreal/AE_Unreal/Content/MyProject/Models/SM_SceneBlockout.uasset" 4502
"../../../Engine/Content/EngineSky/M_SimpleSkyDome.uasset" 4503
"../../../Engine/Content/EngineSky/T_Sky_Stars.uasset" 4504
"../../../Engine/Content/EngineSky/T_Sky_Clouds_M.uasset" 4505
"../../../Engine/Content/EngineSky/T_Sky_Blue.uasset" 4506
"/Game/ExternalAssets/Megaplant_Library/Tree_Yoshino_Cherry/Tree_Yoshino_Cherry_01/SK_Yoshino_Cherry_01_B_Skeleton" 4507
"/Game/MyProject/Blueprints/Environment/BP_Angel_01" 4508
"/Game/MyProject/Blueprints/Environment/BP_GothicFence" 4509
"/Game/MyProject/Blueprints/Environment/BP_Grave_01" 4510
"C:/Users/annie/AppData/Local/Temp/UnrealShaderWorkingDir/9408057243EBE0109646C8A1E50DDDA1/1/WorkerOutputOnly.out" 4511
"C:/Users/annie/AppData/Local/Temp/UnrealShaderWorkingDir/9408057243EBE0109646C8A1E50DDDA1/3/WorkerOutputOnly.out" 4512
"../../../Engine/Content/EngineSky/M_Sky_Panning_Clouds2.uasset" 4513
"../../../Engine/Content/EngineSky/SM_SkySphere.uasset" 4514
"/Engine/EngineSky/T_Sky_Blue" 4515
"D:/Kool/Saxion/Semester 4/Unreal/AE_Unreal/Content/FirstPerson/Blueprints/BP_FirstPersonCameraManager.uasset" 4516
"D:/Kool/Saxion/Semester 4/Unreal/AE_Unreal/Content/Input/IMC_MouseLook.uasset" 4517
"D:/Kool/Saxion/Semester 4/Unreal/AE_Unreal/Content/Input/IMC_Default.uasset" 4518
"D:/Kool/Saxion/Semester 4/Unreal/AE_Unreal/Content/FirstPerson/Blueprints/BP_FirstPersonPlayerController.uasset" 4519
"D:/Kool/Saxion/Semester 4/Unreal/AE_Unreal/Content/Characters/Mannequins/Anims/Unarmed/Jump/MM_Land.uasset" 4520
"D:/Kool/Saxion/Semester 4/Unreal/AE_Unreal/Content/Characters/Mannequins/Anims/Unarmed/Jump/MM_Jump.uasset" 4521
"D:/Kool/Saxion/Semester 4/Unreal/AE_Unreal/Content/Characters/Mannequins/Anims/Unarmed/Jump/MM_Fall_Loop.uasset" 4522
"D:/Kool/Saxion/Semester 4/Unreal/AE_Unreal/Content/Characters/Mannequins/Anims/Unarmed/Walk/MF_Unarmed_Walk_Right.uasset" 4523
"/Engine/EngineSky/T_Sky_Clouds_M" 4524
"D:/Kool/Saxion/Semester 4/Unreal/AE_Unreal/Content/Characters/Mannequins/Anims/Unarmed/Walk/MF_Unarmed_Walk_Left.uasset" 4525
"D:/Kool/Saxion/Semester 4/Unreal/AE_Unreal/Content/Characters/Mannequins/Anims/Unarmed/Walk/MF_Unarmed_Walk_Fwd_Right.uasset" 4526
"D:/Kool/Saxion/Semester 4/Unreal/AE_Unreal/Content/Characters/Mannequins/Anims/Unarmed/Walk/MF_Unarmed_Walk_Fwd_Left.uasset" 4527
"D:/Kool/Saxion/Semester 4/Unreal/AE_Unreal/Content/Characters/Mannequins/Anims/Unarmed/Walk/MF_Unarmed_Walk_Fwd.uasset" 4528
"D:/Kool/Saxion/Semester 4/Unreal/AE_Unreal/Content/Characters/Mannequins/Anims/Unarmed/Walk/MF_Unarmed_Walk_Bwd_Right.uasset" 4529
"/Engine/EngineSky/T_Sky_Stars" 4530
"/Engine/EngineSky/M_SimpleSkyDome" 4531
"/Game/MyProject/Models/SM_SceneBlockout" 4532
"/Game/MyProject/Weather/MI_VolumetricFog" 4533
"/Game/ExternalAssets/Megaplant_Library/Tree_Yoshino_Cherry/Materials/M_Yoshino_Bark" 4534
"/Game/ExternalAssets/Megaplant_Library/Tree_Yoshino_Cherry/Materials/M_Yoshino_Foliage" 4535
"/Game/ExternalAssets/Megaplant_Library/Tree_Yoshino_Cherry/Tree_Yoshino_Cherry_01/SK_Yoshino_Cherry_01_B" 4536
"C:/Users/annie/AppData/Local/Temp/UnrealShaderWorkingDir/9408057243EBE0109646C8A1E50DDDA1/4/WorkerOutputOnly.out" 4537
"C:/Users/annie/AppData/Local/Temp/UnrealShaderWorkingDir/9408057243EBE0109646C8A1E50DDDA1/6/WorkerOutputOnly.out" 4538
"C:/Users/annie/AppData/Local/Temp/UnrealShaderWorkingDir/9408057243EBE0109646C8A1E50DDDA1/7/WorkerOutputOnly.out" 4539
"/Game/ExternalAssets/Megaplant_Library/Tree_Yoshino_Cherry/Instances/SKM_Yoshino_Cherry_Branch_01" 4540
"../../../../../Kool/Saxion/Semester 4/Unreal/AE_Unreal/Content/ExternalAssets/Megaplant_Library/Tree_Yoshino_Cherry/Instances/SKM_Yoshino_Cherry_Branch_01.uasset" 4541
"../../../../../Kool/Saxion/Semester 4/Unreal/AE_Unreal/Content/ExternalAssets/Megaplant_Library/Tree_Yoshino_Cherry/Instances/SK_Yoshino_Cherry_Branch_01.uasset" 4542
"C:/Users/annie/AppData/Local/Temp/UnrealShaderWorkingDir/9408057243EBE0109646C8A1E50DDDA1/2/WorkerOutputOnly.out" 4543
"C:/Users/annie/AppData/Local/Temp/UnrealShaderWorkingDir/9408057243EBE0109646C8A1E50DDDA1/5/WorkerOutputOnly.out" 4544
"C:/Users/annie/AppData/Local/Temp/UnrealShaderWorkingDir/9408057243EBE0109646C8A1E50DDDA1/8/WorkerOutputOnly.out" 4545
"/Game/ExternalAssets/Megaplant_Library/Tree_Yoshino_Cherry/Instances/SKM_Yoshino_Cherry_Branch_02" 4546
"../../../../../Kool/Saxion/Semester 4/Unreal/AE_Unreal/Content/ExternalAssets/Megaplant_Library/Tree_Yoshino_Cherry/Instances/SKM_Yoshino_Cherry_Branch_02.uasset" 4547
"../../../../../Kool/Saxion/Semester 4/Unreal/AE_Unreal/Content/ExternalAssets/Megaplant_Library/Tree_Yoshino_Cherry/Instances/SK_Yoshino_Cherry_Branch_02.uasset" 4548
"/Game/ExternalAssets/Megaplant_Library/Tree_Yoshino_Cherry/Instances/SKM_Yoshino_Cherry_Branch_03" 4549
"../../../../../Kool/Saxion/Semester 4/Unreal/AE_Unreal/Content/ExternalAssets/Megaplant_Library/Tree_Yoshino_Cherry/Instances/SKM_Yoshino_Cherry_Branch_03.uasset" 4550
"../../../../../Kool/Saxion/Semester 4/Unreal/AE_Unreal/Content/ExternalAssets/Megaplant_Library/Tree_Yoshino_Cherry/Instances/SK_Yoshino_Cherry_Branch_03.uasset" 4551
"/Game/ExternalAssets/Megaplant_Library/Tree_Yoshino_Cherry/Instances/SKM_Yoshino_Cherry_Branch_04" 4552
"../../../../../Kool/Saxion/Semester 4/Unreal/AE_Unreal/Content/ExternalAssets/Megaplant_Library/Tree_Yoshino_Cherry/Instances/SKM_Yoshino_Cherry_Branch_04.uasset" 4553
"../../../../../Kool/Saxion/Semester 4/Unreal/AE_Unreal/Content/ExternalAssets/Megaplant_Library/Tree_Yoshino_Cherry/Instances/SK_Yoshino_Cherry_Branch_04.uasset" 4554
"/Game/ExternalAssets/Megaplant_Library/Tree_Yoshino_Cherry/Instances/SKM_Yoshino_Cherry_Branch_06" 4555
"../../../../../Kool/Saxion/Semester 4/Unreal/AE_Unreal/Content/ExternalAssets/Megaplant_Library/Tree_Yoshino_Cherry/Instances/SKM_Yoshino_Cherry_Branch_06.uasset" 4556
"../../../../../Kool/Saxion/Semester 4/Unreal/AE_Unreal/Content/ExternalAssets/Megaplant_Library/Tree_Yoshino_Cherry/Instances/SK_Yoshino_Cherry_Branch_06.uasset" 4557
"/Game/ExternalAssets/Megaplant_Library/Tree_Yoshino_Cherry/Instances/SKM_Yoshino_Cherry_Branch_07" 4558
"../../../../../Kool/Saxion/Semester 4/Unreal/AE_Unreal/Content/ExternalAssets/Megaplant_Library/Tree_Yoshino_Cherry/Instances/SKM_Yoshino_Cherry_Branch_07.uasset" 4559
"../../../../../Kool/Saxion/Semester 4/Unreal/AE_Unreal/Content/ExternalAssets/Megaplant_Library/Tree_Yoshino_Cherry/Instances/SK_Yoshino_Cherry_Branch_07.uasset" 4560
"/Game/ExternalAssets/Megaplant_Library/Tree_Yoshino_Cherry/Instances/SKM_Yoshino_Cherry_Branch_08" 4561
"../../../../../Kool/Saxion/Semester 4/Unreal/AE_Unreal/Content/ExternalAssets/Megaplant_Library/Tree_Yoshino_Cherry/Instances/SKM_Yoshino_Cherry_Branch_08.uasset" 4562
"../../../../../Kool/Saxion/Semester 4/Unreal/AE_Unreal/Content/ExternalAssets/Megaplant_Library/Tree_Yoshino_Cherry/Instances/SK_Yoshino_Cherry_Branch_08.uasset" 4563
"/Engine/EngineSky/SM_SkySphere" 4564
"D:/Kool/Saxion/Semester 4/Unreal/AE_Unreal/Content/Characters/Mannequins/Anims/Unarmed/Walk/MF_Unarmed_Walk_Bwd_Left.uasset" 4565
"/Game/Characters/Mannequins/Anims/Unarmed/Walk/MF_Unarmed_Walk_Bwd_Right" 4566
"D:/Kool/Saxion/Semester 4/Unreal/AE_Unreal/Content/Characters/Mannequins/Anims/Unarmed/Walk/MF_Unarmed_Walk_Bwd.uasset" 4567
"D:/Kool/Saxion/Semester 4/Unreal/AE_Unreal/Content/Characters/Mannequins/Anims/Unarmed/Jog/MF_Unarmed_Jog_Right.uasset" 4568
"D:/Kool/Saxion/Semester 4/Unreal/AE_Unreal/Content/Characters/Mannequins/Anims/Unarmed/Jog/MF_Unarmed_Jog_Left.uasset" 4569
"../../../../../Kool/Saxion/Semester 4/Unreal/AE_Unreal/Content/Characters/Mannequins/Meshes/SK_Mannequin.uasset" 4570
"D:/Kool/Saxion/Semester 4/Unreal/AE_Unreal/Content/Characters/Mannequins/Anims/Unarmed/Jog/MF_Unarmed_Jog_Fwd_Right.uasset" 4571
"D:/Kool/Saxion/Semester 4/Unreal/AE_Unreal/Content/Characters/Mannequins/Anims/Unarmed/Jog/MF_Unarmed_Jog_Fwd_Left.uasset" 4572
"D:/Kool/Saxion/Semester 4/Unreal/AE_Unreal/Content/Characters/Mannequins/Anims/Unarmed/Jog/MF_Unarmed_Jog_Fwd.uasset" 4573
"D:/Kool/Saxion/Semester 4/Unreal/AE_Unreal/Content/Characters/Mannequins/Anims/Unarmed/Jog/MF_Unarmed_Jog_Bwd_Right.uasset" 4574
"D:/Kool/Saxion/Semester 4/Unreal/AE_Unreal/Content/Characters/Mannequins/Anims/Unarmed/Jog/MF_Unarmed_Jog_Bwd_Left.uasset" 4575
"D:/Kool/Saxion/Semester 4/Unreal/AE_Unreal/Content/Characters/Mannequins/Anims/Unarmed/Jog/MF_Unarmed_Jog_Bwd.uasset" 4576
"../../../Engine/Content/Animation/DefaultAnimCurveCompressionSettings.uasset" 4577
"../../../Engine/Content/Animation/DefaultAnimBoneCompressionSettings.uasset" 4578
"D:/Kool/Saxion/Semester 4/Unreal/AE_Unreal/Content/Characters/Mannequins/Anims/Unarmed/MM_Idle.uasset" 4579
"D:/Kool/Saxion/Semester 4/Unreal/AE_Unreal/Content/Characters/Mannequins/Anims/Unarmed/BS_Idle_Walk_Run.uasset" 4580
"D:/Kool/Saxion/Semester 4/Unreal/AE_Unreal/Content/Characters/Mannequins/Rigs/CR_Mannequin_FootIK.uasset" 4581
"D:/Kool/Saxion/Semester 4/Unreal/AE_Unreal/Content/Characters/Mannequins/Anims/Unarmed/ABP_Unarmed.uasset" 4582
"../../../Engine/Content/MobileResources/HUD/VirtualJoystick_Background.uasset" 4583
"D:/Kool/Saxion/Semester 4/Unreal/AE_Unreal/Content/Input/Touch/UI_Thumbstick.uasset" 4584
"/Game/Characters/Mannequins/Anims/Unarmed/Walk/MF_Unarmed_Walk_Fwd_Left" 4585
"/Game/Characters/Mannequins/Anims/Unarmed/Walk/MF_Unarmed_Walk_Fwd_Right" 4586
"/Game/FirstPerson/Blueprints/BP_FirstPersonPlayerController" 4587
"../../../../../Kool/Saxion/Semester 4/Unreal/AE_Unreal/Content/Input/Touch/UI_TouchSimple.uasset" 4588
"../../../../../Kool/Saxion/Semester 4/Unreal/AE_Unreal/Content/Input/Actions/IA_Jump.uasset" 4589
"../../../../../Kool/Saxion/Semester 4/Unreal/AE_Unreal/Content/Input/Actions/IA_Look.uasset" 4590
"../../../../../Kool/Saxion/Semester 4/Unreal/AE_Unreal/Content/Input/Actions/IA_Move.uasset" 4591
"../../../../../Kool/Saxion/Semester 4/Unreal/AE_Unreal/Content/Input/Actions/IA_MouseLook.uasset" 4592
"../../../../../Kool/Saxion/Semester 4/Unreal/AE_Unreal/Content/Input/Touch/BPI_TouchInterface.uasset" 4593
"../../../Engine/Content/MobileResources/HUD/VirtualJoystick_Thumb.uasset" 4594
"../../../../../Kool/Saxion/Semester 4/Unreal/AE_Unreal/Content/Input/Touch/UI_Thumbstick.uasset" 4595
"/Game/MyProject/Maps/Project_Main_Scene" 4596
"../../../../../Kool/Saxion/Semester 4/Unreal/AE_Unreal/Content/MyProject/Maps/Project_Main_Scene.umap" 4597
"D:/Kool/Saxion/Semester 4/Unreal/AE_Unreal/Content/Characters/Mannequins/Textures/Manny/T_Manny_02_MRA.uasset" 4598
"D:/Kool/Saxion/Semester 4/Unreal/AE_Unreal/Content/Characters/Mannequins/Textures/Manny/T_Manny_02_D.uasset" 4599
"D:/Kool/Saxion/Semester 4/Unreal/AE_Unreal/Content/Characters/Mannequins/Textures/Manny/T_Manny_02_BN.uasset" 4600
"D:/Kool/Saxion/Semester 4/Unreal/AE_Unreal/Content/Characters/Mannequins/Materials/Manny/MI_Manny_02_New.uasset" 4601
"D:/Kool/Saxion/Semester 4/Unreal/AE_Unreal/Content/Characters/Mannequins/Textures/Shared/T_UE_Logo_M.uasset" 4602
"D:/Kool/Saxion/Semester 4/Unreal/AE_Unreal/Content/Characters/Mannequins/Textures/Manny/T_Manny_01_MRA.uasset" 4603
"D:/Kool/Saxion/Semester 4/Unreal/AE_Unreal/Content/Characters/Mannequins/Textures/Manny/T_Manny_01_D.uasset" 4604
"D:/Kool/Saxion/Semester 4/Unreal/AE_Unreal/Content/Characters/Mannequins/Textures/Manny/T_Manny_01_BN.uasset" 4605
"/Game/Characters/Mannequins/Anims/Unarmed/ABP_Unarmed" 4606
"D:/Kool/Saxion/Semester 4/Unreal/AE_Unreal/Content/Characters/Mannequins/Materials/M_Mannequin.uasset" 4607
"D:/Kool/Saxion/Semester 4/Unreal/AE_Unreal/Content/Characters/Mannequins/Materials/Manny/MI_Manny_01_New.uasset" 4608
"D:/Kool/Saxion/Semester 4/Unreal/AE_Unreal/Content/Characters/Mannequins/Rigs/PA_Mannequin.uasset" 4609
"D:/Kool/Saxion/Semester 4/Unreal/AE_Unreal/Content/Characters/Mannequins/Meshes/SKM_Manny_Simple.uasset" 4610
"/Game/Characters/Mannequins/Textures/Manny/T_Manny_01_BN" 4611
"D:/Kool/Saxion/Semester 4/Unreal/AE_Unreal/Content/FirstPerson/Anims/CtrlRig_FPWarp.uasset" 4612
"D:/Kool/Saxion/Semester 4/Unreal/AE_Unreal/Content/FirstPerson/Anims/ABP_FP_Copy.uasset" 4613
"D:/Kool/Saxion/Semester 4/Unreal/AE_Unreal/Content/FirstPerson/Blueprints/BP_FirstPersonCharacter.uasset" 4614
"/Game/Characters/Mannequins/Textures/Manny/T_Manny_01_D" 4615
"D:/Kool/Saxion/Semester 4/Unreal/AE_Unreal/Content/FirstPerson/Blueprints/BP_FirstPersonGameMode.uasset" 4616
"../../../Engine/Plugins/Interchange/Assets/Content/gltf/MaterialFunctions/MF_RotateV2.uasset" 4617
"../../../Engine/Plugins/Interchange/Assets/Content/gltf/MaterialFunctions/MF_TransformUVs.uasset" 4618
"/Game/Characters/Mannequins/Textures/Manny/T_Manny_01_MRA" 4619
"../../../Engine/Plugins/Interchange/Assets/Content/gltf/Textures/T_Anisotropy_Direction_Linear.uasset" 4620
"../../../Engine/Plugins/Interchange/Assets/Content/gltf/MaterialFunctions/MF_SpecularAnisotropy.uasset" 4621
"../../../Engine/Plugins/Interchange/Assets/Content/gltf/MaterialFunctions/MF_Specular.uasset" 4622
"../../../Engine/Plugins/Interchange/Assets/Content/gltf/MaterialFunctions/MF_Occlusion.uasset" 4623
"../../../Engine/Plugins/Interchange/Assets/Content/gltf/MaterialFunctions/MF_ScaleNormal.uasset" 4624
"../../../Engine/Plugins/Interchange/Assets/Content/gltf/MaterialFunctions/MF_Normals.uasset" 4625
"../../../Engine/Plugins/Interchange/Assets/Content/gltf/MaterialFunctions/MF_MetallicRoughness.uasset" 4626
"../../../Engine/Plugins/Interchange/Assets/Content/Functions/MF_IridescenceNoLUT.uasset" 4627
"../../../Engine/Plugins/Interchange/Assets/Content/gltf/MaterialFunctions/MF_Iridescence.uasset" 4628
"../../../Engine/Plugins/Interchange/Assets/Content/gltf/MaterialFunctions/MF_IOR.uasset" 4629
"../../../Engine/Plugins/Interchange/Assets/Content/gltf/MaterialFunctions/MF_Emissive.uasset" 4630
"../../../Engine/Plugins/Interchange/Assets/Content/gltf/Textures/T_White_Linear.uasset" 4631
"/Game/Characters/Mannequins/Textures/Shared/T_UE_Logo_M" 4632
"../../../Engine/Plugins/Interchange/Assets/Content/gltf/Textures/T_Generic_N.uasset" 4633
"../../../Engine/Plugins/Interchange/Assets/Content/gltf/MaterialFunctions/MF_RotateNormals_TS.uasset" 4634
"/Game/Characters/Mannequins/Materials/Manny/MI_Manny_02_New" 4635
"../../../Engine/Plugins/Interchange/Assets/Content/gltf/MaterialFunctions/MF_Clearcoat.uasset" 4636
"../../../Engine/Plugins/Interchange/Assets/Content/gltf/Textures/T_White_srgb.uasset" 4637
"../../../Engine/Plugins/Interchange/Assets/Content/gltf/MaterialFunctions/MF_BaseColor.uasset" 4638
"/InterchangeAssets/gltf/Textures/T_Generic_N" 4639
"../../../Engine/Plugins/Interchange/Assets/Content/gltf/MaterialBodies/MF_ClearCoat_Body.uasset" 4640
"../../../Engine/Content/Functions/Engine_MaterialFunctions03/Math/RemapValueRange.uasset" 4641
"../../../Engine/Plugins/Interchange/Assets/Content/Utilities/New_LUT.uasset" 4642
"../../../Engine/Plugins/Interchange/Assets/Content/Functions/MF_Iridescence.uasset" 4643
"../../../Engine/Plugins/Interchange/Assets/Content/gltf/M_ClearCoat.uasset" 4644
"/InterchangeAssets/gltf/Textures/T_White_Linear" 4645
"../../../Engine/Plugins/Interchange/Assets/Content/gltf/MaterialInstances/MI_ClearCoat_Opaque.uasset" 4646
"../../../Engine/Plugins/Interchange/Assets/Content/gltf/MaterialInstances/MI_ClearCoat_Mask.uasset" 4647
"/InterchangeAssets/gltf/MaterialFunctions/MF_IOR" 4648
"/InterchangeAssets/Functions/MF_IridescenceNoLUT" 4649
"/InterchangeAssets/gltf/MaterialFunctions/MF_MetallicRoughness" 4650
"/InterchangeAssets/gltf/MaterialFunctions/MF_Normals" 4651
"/InterchangeAssets/gltf/MaterialFunctions/MF_Occlusion" 4652
"/InterchangeAssets/gltf/MaterialFunctions/MF_SpecularAnisotropy" 4653
"/InterchangeAssets/gltf/MaterialFunctions/MF_TransformUVs" 4654
"/Game/FirstPerson/Blueprints/BP_FirstPersonGameMode" 4655
"/InterchangeAssets/gltf/Textures/T_White_srgb" 4656
"/InterchangeAssets/gltf/MaterialFunctions/MF_Clearcoat" 4657
"../../../Engine/Plugins/Interchange/Assets/Content/gltf/MaterialInstances/MI_ClearCoat_Blend.uasset" 4658
"../../../Engine/Plugins/Interchange/Assets/Content/gltf/MaterialInstances/MI_ClearCoat_Opaque_DS.uasset" 4659
"../../../Engine/Plugins/Interchange/Assets/Content/gltf/MaterialInstances/MI_ClearCoat_Mask_DS.uasset" 4660
"../../../Engine/Plugins/Interchange/Assets/Content/gltf/MaterialInstances/MI_ClearCoat_Blend_DS.uasset" 4661
"/InterchangeAssets/gltf/MaterialFunctions/MF_Emissive" 4662
"../../../Engine/Plugins/Interchange/Assets/Content/gltf/MaterialBodies/MF_Default_Body.uasset" 4663
"../../../Engine/Plugins/Interchange/Assets/Content/gltf/M_Default.uasset" 4664
"../../../Engine/Plugins/Interchange/Assets/Content/gltf/MaterialInstances/MI_Default_Opaque.uasset" 4665
"../../../Engine/Plugins/Interchange/Assets/Content/gltf/MaterialInstances/MI_Default_Mask.uasset" 4666
"../../../Engine/Plugins/Interchange/Assets/Content/gltf/MaterialInstances/MI_Default_Blend.uasset" 4667
"../../../Engine/Plugins/Interchange/Assets/Content/gltf/MaterialInstances/MI_Default_Opaque_DS.uasset" 4668
"../../../Engine/Plugins/Interchange/Assets/Content/gltf/MaterialInstances/MI_Default_Mask_DS.uasset" 4669
"../../../Engine/Plugins/Interchange/Assets/Content/gltf/MaterialInstances/MI_Default_Blend_DS.uasset" 4670
"../../../Engine/Plugins/Interchange/Assets/Content/gltf/MaterialFunctions/MF_Sheen.uasset" 4671
"../../../Engine/Plugins/Interchange/Assets/Content/gltf/MaterialBodies/MF_Sheen_Body.uasset" 4672
"../../../Engine/Plugins/Interchange/Assets/Content/gltf/M_Sheen.uasset" 4673
"../../../Engine/Plugins/Interchange/Assets/Content/gltf/MaterialInstances/MI_Sheen_Opaque.uasset" 4674
"../../../Engine/Plugins/Interchange/Assets/Content/gltf/MaterialInstances/MI_Sheen_Mask.uasset" 4675
"../../../Engine/Plugins/Interchange/Assets/Content/gltf/MaterialInstances/MI_Sheen_Opaque_DS.uasset" 4676
"../../../Engine/Plugins/Interchange/Assets/Content/gltf/MaterialInstances/MI_Sheen_Blend.uasset" 4677
"../../../Engine/Plugins/Interchange/Assets/Content/gltf/MaterialInstances/MI_Sheen_Blend_DS.uasset" 4678
"../../../Engine/Plugins/Interchange/Assets/Content/gltf/MaterialInstances/MI_Sheen_Mask_DS.uasset" 4679
"/InterchangeAssets/gltf/MaterialFunctions/MF_Iridescence" 4680
"/InterchangeAssets/gltf/MaterialFunctions/MF_Specular" 4681
"/InterchangeAssets/gltf/MaterialInstances/MI_ClearCoat_Mask" 4682
"/InterchangeAssets/gltf/MaterialInstances/MI_ClearCoat_Opaque" 4683
"/InterchangeAssets/gltf/MaterialInstances/MI_ClearCoat_Blend" 4684
"../../../Engine/Plugins/Interchange/Assets/Content/gltf/MaterialFunctions/MF_Transmission.uasset" 4685
"../../../Engine/Plugins/Interchange/Assets/Content/gltf/MaterialBodies/MF_Transmission_Body.uasset" 4686
"/InterchangeAssets/gltf/MaterialInstances/MI_Sheen_Blend_DS" 4687
"../../../Engine/Plugins/Interchange/Assets/Content/gltf/MaterialFunctions/MF_Temporal_Blur.uasset" 4688
"../../../Engine/Plugins/Interchange/Assets/Content/gltf/MaterialFunctions/MF_Fresnel_DS.uasset" 4689
"../../../Engine/Content/Functions/Engine_MaterialFunctions02/Texturing/ScreenAlignedPixelToPixelUVs.uasset" 4690
"../../../Engine/Plugins/Interchange/Assets/Content/gltf/M_Transmission.uasset" 4691
"../../../Engine/Plugins/Interchange/Assets/Content/gltf/MaterialInstances/MI_Transmission.uasset" 4692
"../../../Engine/Plugins/Interchange/Assets/Content/gltf/MaterialInstances/MI_Transmission_DS.uasset" 4693
"../../../Engine/Content/Functions/Engine_MaterialFunctions02/Math/AddComponents.uasset" 4694
"../../../Engine/Plugins/Interchange/Assets/Content/gltf/MaterialFunctions/MF_PerceivedBrightness.uasset" 4695
"../../../Engine/Plugins/Interchange/Assets/Content/gltf/MaterialFunctions/MF_SpecGlossToMetalRoughness.uasset" 4696
"../../../Engine/Plugins/Interchange/Assets/Content/gltf/MaterialFunctions/MF_MaxComponentValue.uasset" 4697
"/InterchangeAssets/gltf/MaterialInstances/MI_Sheen_Mask_DS" 4698
"/InterchangeAssets/gltf/MaterialInstances/MI_Sheen_Opaque_DS" 4699
"/InterchangeAssets/gltf/MaterialInstances/MI_Sheen_Blend" 4700
"/InterchangeAssets/gltf/MaterialInstances/MI_Sheen_Mask" 4701
"/InterchangeAssets/gltf/MaterialInstances/MI_Sheen_Opaque" 4702
"/InterchangeAssets/gltf/MaterialInstances/MI_Default_Blend_DS" 4703
"/InterchangeAssets/gltf/MaterialInstances/MI_Default_Mask_DS" 4704
"/InterchangeAssets/gltf/MaterialInstances/MI_Default_Opaque_DS" 4705
"/InterchangeAssets/gltf/MaterialInstances/MI_Default_Blend" 4706
"../../../Engine/Plugins/Interchange/Assets/Shaders/ThinFilmFunctions.usf" 4707
"../../../../../Kool/Saxion/Semester 4/Unreal/AE_Unreal/Content/ExternalAssets/Fab/ProceduralNtr_vol2/pnp_v2_assets/Assets/eldeberry_bushes/Static_Meshes/Elderberry_Living_Large.uasset" 4708
"C:/Users/annie/AppData/Local/Temp/UnrealShaderWorkingDir/9408057243EBE0109646C8A1E50DDDA1/10/WorkerOutputOnly.out" 4709
"../../../../../Kool/Saxion/Semester 4/Unreal/AE_Unreal/Content/ExternalAssets/Fab/ProceduralNtr_vol2/pnp_v2_assets/Assets/eldeberry_bushes/Static_Meshes/Elderberry_Living_Medium.uasset" 4710
"C:/Users/annie/AppData/Local/Temp/UnrealShaderWorkingDir/9408057243EBE0109646C8A1E50DDDA1/13/WorkerOutputOnly.out" 4711
"../../../../../Kool/Saxion/Semester 4/Unreal/AE_Unreal/Content/ExternalAssets/Fab/ProceduralNtr_vol2/pnp_v2_assets/Assets/eldeberry_bushes/Static_Meshes/Elderberry_Dead_Large.uasset" 4712
"../../../../../Kool/Saxion/Semester 4/Unreal/AE_Unreal/Content/MyProject/Models/SM_Wall_Arch.uasset" 4713
"../../../../../Kool/Saxion/Semester 4/Unreal/AE_Unreal/Content/MyProject/Models/SM_StonePillar.uasset" 4714
"../../../../../Kool/Saxion/Semester 4/Unreal/AE_Unreal/Content/MyProject/Models/SM_StoneWall.uasset" 4715
"../../../../../Kool/Saxion/Semester 4/Unreal/AE_Unreal/Content/MyProject/Models/SM_RailingPillar_geo.uasset" 4716
"C:/Users/annie/AppData/Local/Temp/UnrealShaderWorkingDir/9408057243EBE0109646C8A1E50DDDA1/11/WorkerOutputOnly.out" 4717
"/InterchangeAssets/gltf/MaterialInstances/MI_Default_Mask" 4718
"/InterchangeAssets/gltf/MaterialInstances/MI_Default_Opaque" 4719
"/InterchangeAssets/gltf/MaterialInstances/MI_ClearCoat_Blend_DS" 4720
"/InterchangeAssets/gltf/MaterialInstances/MI_ClearCoat_Mask_DS" 4721
"/InterchangeAssets/gltf/MaterialInstances/MI_ClearCoat_Opaque_DS" 4722
"C:/Users/annie/AppData/Local/Temp/UnrealShaderWorkingDir/9408057243EBE0109646C8A1E50DDDA1/12/WorkerOutputOnly.out" 4723
"/InterchangeAssets/gltf/MaterialFunctions/MF_Transmission" 4724
"/InterchangeAssets/gltf/MaterialFunctions/MF_MaxComponentValue" 4725
"/InterchangeAssets/gltf/MaterialFunctions/MF_SpecGlossToMetalRoughness" 4726
"../../../Engine/Plugins/Interchange/Assets/Content/gltf/MaterialFunctions/MF_DiffuseSpecGloss.uasset" 4727
"../../../Engine/Plugins/Interchange/Assets/Content/gltf/MaterialBodies/MF_SpecularGlossiness_Body.uasset" 4728
"../../../Engine/Plugins/Interchange/Assets/Content/gltf/M_SpecularGlossiness.uasset" 4729
"../../../Engine/Plugins/Interchange/Assets/Content/gltf/MaterialInstances/MI_SpecularGlossiness_Opaque.uasset" 4730
"../../../Engine/Plugins/Interchange/Assets/Content/gltf/MaterialInstances/MI_SpecularGlossiness_Mask.uasset" 4731
"../../../Engine/Plugins/Interchange/Assets/Content/gltf/MaterialInstances/MI_SpecularGlossiness_Blend.uasset" 4732
"../../../Engine/Plugins/Interchange/Assets/Content/gltf/MaterialInstances/MI_SpecularGlossiness_Opaque_DS.uasset" 4733
"../../../Engine/Plugins/Interchange/Assets/Content/gltf/MaterialInstances/MI_SpecularGlossiness_Mask_DS.uasset" 4734
"../../../Engine/Plugins/Interchange/Assets/Content/gltf/MaterialInstances/MI_SpecularGlossiness_Blend_DS.uasset" 4735
"/InterchangeAssets/gltf/MaterialInstances/MI_Transmission_DS" 4736
"/InterchangeAssets/gltf/MaterialInstances/MI_Transmission" 4737
"C:/Users/annie/AppData/Local/Temp/UnrealShaderWorkingDir/9408057243EBE0109646C8A1E50DDDA1/15/WorkerOutputOnly.out" 4738
"../../../../../Kool/Saxion/Semester 4/Unreal/AE_Unreal/Content/MyProject/Models/SM_SlantedRailing.uasset" 4739
"C:/Users/annie/AppData/Local/Temp/UnrealShaderWorkingDir/9408057243EBE0109646C8A1E50DDDA1/17/WorkerOutputOnly.out" 4740
"../../../../../Kool/Saxion/Semester 4/Unreal/AE_Unreal/Content/MyProject/Models/SM_Stairs.uasset" 4741
"C:/Users/annie/AppData/Local/Temp/UnrealShaderWorkingDir/9408057243EBE0109646C8A1E50DDDA1/16/WorkerOutputOnly.out" 4742
"C:/Users/annie/AppData/Local/Temp/UnrealShaderWorkingDir/9408057243EBE0109646C8A1E50DDDA1/18/WorkerOutputOnly.out" 4743
"../../../../../Kool/Saxion/Semester 4/Unreal/AE_Unreal/Content/MyProject/Models/SM_Pavilion.uasset" 4744
"../../../Engine/Plugins/Interchange/Assets/Content/gltf/MaterialBodies/MF_Unlit_Body.uasset" 4745
"../../../Engine/Plugins/Interchange/Assets/Content/gltf/M_Unlit.uasset" 4746
"../../../Engine/Plugins/Interchange/Assets/Content/gltf/MaterialInstances/MI_Unlit_Opaque.uasset" 4747
"../../../Engine/Plugins/Interchange/Assets/Content/gltf/MaterialInstances/MI_Unlit_Blend.uasset" 4748
"../../../Engine/Plugins/Interchange/Assets/Content/gltf/MaterialInstances/MI_Unlit_Opaque_DS.uasset" 4749
"../../../Engine/Plugins/Interchange/Assets/Content/gltf/MaterialInstances/MI_Unlit_Mask_DS.uasset" 4750
"../../../Engine/Plugins/Interchange/Assets/Content/gltf/MaterialInstances/MI_Unlit_Blend_DS.uasset" 4751
"../../../Engine/Plugins/Interchange/Assets/Content/gltf/MaterialInstances/MI_Unlit_Mask.uasset" 4752
"../../../../../Kool/Saxion/Semester 4/Unreal/AE_Unreal/Content/MyProject/Models/SM_Mausoleoum_03.uasset" 4753
"/InterchangeAssets/gltf/MaterialInstances/MI_SpecularGlossiness_Mask" 4754
"/InterchangeAssets/gltf/MaterialInstances/MI_SpecularGlossiness_Opaque" 4755
"/InterchangeAssets/gltf/MaterialInstances/MI_SpecularGlossiness_Blend_DS" 4756
"/InterchangeAssets/gltf/MaterialInstances/MI_SpecularGlossiness_Mask_DS" 4757
"/InterchangeAssets/gltf/MaterialInstances/MI_SpecularGlossiness_Opaque_DS" 4758
"../../../../../Kool/Saxion/Semester 4/Unreal/AE_Unreal/Content/MyProject/Models/SM_Mausoleoum_02.uasset" 4759
"/InterchangeAssets/gltf/MaterialInstances/MI_SpecularGlossiness_Blend" 4760
"../../../Engine/Content/Functions/Engine_MaterialFunctions01/Volumetrics/BeersLaw.uasset" 4761
"../../../Engine/Plugins/Interchange/Assets/Content/Functions/MX_Transmission.uasset" 4762
"../../../Engine/Content/Functions/Substrate/MF_SchlickInternal.uasset" 4763
"../../../Engine/Plugins/Interchange/Assets/Content/Functions/MX_StandardSurface.uasset" 4764
"../../../Engine/Plugins/Interchange/Assets/Content/Functions/MF_OrenNayerView.uasset" 4765
"../../../Engine/Plugins/Interchange/Assets/Content/Functions/MX_TransmissionSurface.uasset" 4766
"../../../Engine/Plugins/Interchange/Assets/Content/Functions/MX_OpenPBR_Translucent.uasset" 4767
"../../../../../Kool/Saxion/Semester 4/Unreal/AE_Unreal/Content/MyProject/Models/SM_Mausoleoum_01.uasset" 4768
"../../../../../Kool/Saxion/Semester 4/Unreal/AE_Unreal/Content/MyProject/Models/SM_Grave_06.uasset" 4769
"../../../../../Kool/Saxion/Semester 4/Unreal/AE_Unreal/Content/MyProject/Models/SM_Grave_04.uasset" 4770
"../../../../../Kool/Saxion/Semester 4/Unreal/AE_Unreal/Content/MyProject/Models/SM_Grave_05.uasset" 4771
"/InterchangeAssets/gltf/MaterialInstances/MI_Unlit_Blend_DS" 4772
"/InterchangeAssets/gltf/MaterialInstances/MI_Unlit_Mask_DS" 4773
"/InterchangeAssets/gltf/MaterialInstances/MI_Unlit_Opaque_DS" 4774
"/InterchangeAssets/gltf/MaterialInstances/MI_Unlit_Blend" 4775
"/InterchangeAssets/gltf/MaterialInstances/MI_Unlit_Mask" 4776
"/InterchangeAssets/gltf/MaterialInstances/MI_Unlit_Opaque" 4777
"/InterchangeAssets/Functions/MX_OpenPBR_Translucent" 4778
"../../../Engine/Plugins/Animation/DeformerGraph/Shaders/Private/DataInterfaceCustomComputeKernel.ush" 4779
"../../../Engine/Plugins/Animation/DeformerGraph/Shaders/Private/DataInterfaceCloth.ush" 4780
"../../../Engine/Plugins/Animation/DeformerGraph/Shaders/Private/DataInterfaceSkinnedMeshRead.ush" 4781
"../../../Engine/Plugins/Animation/DeformerGraph/Shaders/Private/DataInterfaceSkeleton.ush" 4782
"../../../Engine/Plugins/Animation/DeformerGraph/Shaders/Private/DataInterfaceSkeletonCommon.ush" 4783
"../../../Engine/Plugins/Animation/DeformerGraph/Shaders/Private/DataInterfaceMorphTarget.ush" 4784
"../../../Engine/Plugins/Animation/DeformerGraph/Shaders/Private/DataInterfaceSkinnedMeshWrite.ush" 4785
"../../../Engine/Plugins/Animation/DeformerGraph/Shaders/Private/DataInterfaceRawBuffer.ush" 4786
"../../../Engine/Plugins/Runtime/ComputeFramework/Shaders/Private/BufferAlias.ush" 4787
"../../../Engine/Plugins/Animation/DeformerGraph/Shaders/Private/DataInterfaceSkinnedMesh.ush" 4788
"../../../Engine/Plugins/Animation/DeformerGraph/Shaders/Private/DataInterfaceHalfEdge.ush" 4789
"../../../Engine/Plugins/Interchange/Assets/Content/Functions/MX_OpenPBR_Opaque.uasset" 4790
"../../../Engine/Plugins/Animation/ControlRig/Content/Controls/ControlRig_Sphere_solid.uasset" 4791
"../../../Engine/Plugins/Animation/ControlRig/Content/Controls/ControlRig_Arrow2_1mm.uasset" 4792
"../../../Engine/Plugins/Animation/ControlRig/Content/Controls/ControlRig_Arrow2_3mm.uasset" 4793
"../../../Engine/Plugins/Animation/ControlRig/Content/Controls/ControlRig_Arrow2_solid.uasset" 4794
"../../../Engine/Plugins/Animation/ControlRig/Content/Controls/ControlRig_Arrow4_1mm.uasset" 4795
"../../../Engine/Plugins/Animation/ControlRig/Content/Controls/ControlRig_Arrow4_3mm.uasset" 4796
"../../../Engine/Plugins/Animation/ControlRig/Content/Controls/ControlRig_Arrow4_solid.uasset" 4797
"../../../Engine/Plugins/Animation/ControlRig/Content/Controls/ControlRig_Arrow_1mm.uasset" 4798
"../../../Engine/Plugins/Animation/ControlRig/Content/Controls/ControlRig_Arrow_3mm.uasset" 4799
"../../../Engine/Plugins/Animation/ControlRig/Content/Controls/ControlRig_Arrow_solid.uasset" 4800
"../../../Engine/Plugins/Animation/ControlRig/Content/Controls/ControlRig_Box_1mm.uasset" 4801
"../../../Engine/Plugins/Animation/ControlRig/Content/Controls/ControlRig_Box_3mm.uasset" 4802
"/ControlRig/Controls/ControlRig_Box_3mm" 4803
"../../../Engine/Plugins/Animation/ControlRig/Content/Controls/ControlRig_Box_solid.uasset" 4804
"../../../Engine/Plugins/Animation/ControlRig/Content/Controls/ControlRig_Circle_1mm.uasset" 4805
"../../../Engine/Plugins/Animation/ControlRig/Content/Controls/ControlRig_Circle_3mm.uasset" 4806
"../../../Engine/Plugins/Animation/ControlRig/Content/Controls/ControlRig_Circle_solid.uasset" 4807
"../../../Engine/Plugins/Animation/ControlRig/Content/Controls/ControlRig_Diamond_1mm.uasset" 4808
"../../../Engine/Plugins/Animation/ControlRig/Content/Controls/ControlRig_Diamond_3mm.uasset" 4809
"/ControlRig/Controls/ControlRig_Box_1mm" 4810
"../../../Engine/Plugins/Animation/ControlRig/Content/Controls/ControlRig_Diamond_solid.uasset" 4811
"../../../Engine/Plugins/Animation/ControlRig/Content/Controls/ControlRig_HalfCircle_1mm.uasset" 4812
"/ControlRig/Controls/ControlRig_Arrow_solid" 4813
"../../../Engine/Plugins/Animation/ControlRig/Content/Controls/ControlRig_HalfCircle_3mm.uasset" 4814
"../../../Engine/Plugins/Animation/ControlRig/Content/Controls/ControlRig_HalfCircle_solid.uasset" 4815
"../../../Engine/Plugins/Animation/ControlRig/Content/Controls/ControlRig_Hexagon_1mm.uasset" 4816
"../../../Engine/Plugins/Animation/ControlRig/Content/Controls/ControlRig_Hexagon_3mm.uasset" 4817
"../../../Engine/Plugins/Animation/ControlRig/Content/Controls/ControlRig_Hexagon_solid.uasset" 4818
"../../../Engine/Plugins/Animation/ControlRig/Content/Controls/ControlRig_Octagon_1mm.uasset" 4819
"../../../Engine/Plugins/Animation/ControlRig/Content/Controls/ControlRig_Octagon_3mm.uasset" 4820
"../../../Engine/Plugins/Animation/ControlRig/Content/Controls/ControlRig_Octagon_solid.uasset" 4821
"/ControlRig/Controls/ControlRig_Arrow_3mm" 4822
"../../../Engine/Plugins/Animation/ControlRig/Content/Controls/ControlRig_Pyramid_1mm.uasset" 4823
"../../../Engine/Plugins/Animation/ControlRig/Content/Controls/ControlRig_Pyramid_3mm.uasset" 4824
"../../../Engine/Plugins/Animation/ControlRig/Content/Controls/ControlRig_Pyramid_solid.uasset" 4825
"/ControlRig/Controls/ControlRig_Arrow_1mm" 4826
"/ControlRig/Controls/ControlRig_Arrow4_solid" 4827
"/ControlRig/Controls/ControlRig_Arrow4_3mm" 4828
"/ControlRig/Controls/ControlRig_Arrow4_1mm" 4829
"/ControlRig/Controls/ControlRig_Arrow2_solid" 4830
"/ControlRig/Controls/ControlRig_Arrow2_3mm" 4831
"/ControlRig/Controls/ControlRig_Arrow2_1mm" 4832
"/ControlRig/Controls/ControlRig_Sphere_solid" 4833
"/InterchangeAssets/Functions/MX_OpenPBR_Opaque" 4834
"../../../Engine/Plugins/Animation/ControlRig/Content/Controls/ControlRig_QuarterCircle_1mm.uasset" 4835
"../../../Engine/Plugins/Animation/ControlRig/Content/Controls/ControlRig_QuarterCircle_3mm.uasset" 4836
"/ControlRig/Controls/ControlRig_Octagon_1mm" 4837
"../../../Engine/Plugins/Animation/ControlRig/Content/Controls/ControlRig_QuarterCircle_solid.uasset" 4838
"../../../Engine/Plugins/Animation/ControlRig/Content/Controls/ControlRig_RoundedSquare_1mm.uasset" 4839
"../../../Engine/Plugins/Animation/ControlRig/Content/Controls/ControlRig_RoundedSquare_3mm.uasset" 4840
"../../../Engine/Plugins/Animation/ControlRig/Content/Controls/ControlRig_RoundedSquare_solid.uasset" 4841
"../../../Engine/Plugins/Animation/ControlRig/Content/Controls/ControlRig_RoundedTriangle_1mm.uasset" 4842
"../../../Engine/Plugins/Animation/ControlRig/Content/Controls/ControlRig_RoundedTriangle_3mm.uasset" 4843
"../../../Engine/Plugins/Animation/ControlRig/Content/Controls/ControlRig_RoundedTriangle_solid.uasset" 4844
"../../../Engine/Plugins/Animation/ControlRig/Content/Controls/ControlRig_Sphere_1mm.uasset" 4845
"/ControlRig/Controls/ControlRig_Hexagon_solid" 4846
"../../../Engine/Plugins/Animation/ControlRig/Content/Controls/ControlRig_Sphere_3mm.uasset" 4847
"../../../Engine/Plugins/Animation/ControlRig/Content/Controls/ControlRig_Square_1mm.uasset" 4848
"../../../Engine/Plugins/Animation/ControlRig/Content/Controls/ControlRig_Square_3mm.uasset" 4849
"/ControlRig/Controls/ControlRig_Hexagon_3mm" 4850
"/ControlRig/Controls/ControlRig_Pyramid_solid" 4851
"/ControlRig/Controls/ControlRig_Hexagon_1mm" 4852
"/ControlRig/Controls/ControlRig_HalfCircle_solid" 4853
"/ControlRig/Controls/ControlRig_HalfCircle_3mm" 4854
"/ControlRig/Controls/ControlRig_HalfCircle_1mm" 4855
"/ControlRig/Controls/ControlRig_Pyramid_3mm" 4856
"/ControlRig/Controls/ControlRig_Pyramid_1mm" 4857
"/ControlRig/Controls/ControlRig_Diamond_solid" 4858
"/ControlRig/Controls/ControlRig_Octagon_solid" 4859
"/ControlRig/Controls/ControlRig_Octagon_3mm" 4860
"/ControlRig/Controls/ControlRig_Diamond_3mm" 4861
"/ControlRig/Controls/ControlRig_Circle_1mm" 4862
"/ControlRig/Controls/ControlRig_Box_solid" 4863
"/ControlRig/Controls/ControlRig_Diamond_1mm" 4864
"/ControlRig/Controls/ControlRig_Circle_solid" 4865
"/ControlRig/Controls/ControlRig_Circle_3mm" 4866
"../../../Engine/Plugins/Animation/ControlRig/Content/Controls/ControlRig_Square_solid.uasset" 4867
"../../../Engine/Plugins/Animation/ControlRig/Content/Controls/ControlRig_Star4_1mm.uasset" 4868
"../../../Engine/Plugins/Animation/ControlRig/Content/Controls/ControlRig_Star4_3mm.uasset" 4869
"/ControlRig/Controls/ControlRig_Square_3mm" 4870
"../../../Engine/Plugins/Animation/ControlRig/Content/Controls/ControlRig_Star4_solid.uasset" 4871
"../../../Engine/Plugins/Animation/ControlRig/Content/Controls/ControlRig_Triangle_1mm.uasset" 4872
"../../../Engine/Plugins/Animation/ControlRig/Content/Controls/ControlRig_Triangle_3mm.uasset" 4873
"../../../Engine/Plugins/Animation/ControlRig/Content/Controls/ControlRig_Triangle_solid.uasset" 4874
"../../../Engine/Plugins/Animation/ControlRig/Content/Controls/ControlRig_Wedge_1mm.uasset" 4875
"../../../Engine/Plugins/Animation/ControlRig/Content/Controls/ControlRig_Wedge_3mm.uasset" 4876
"../../../Engine/Content/Maps/Entry_BuiltData.uasset" 4877
"../../../Engine/Plugins/Animation/ControlRig/Content/Controls/ControlRig_Wedge_solid.uasset" 4878
"../../../Engine/Content/Maps/Entry.umap" 4879
"../../../Engine/Content/EditorMaterials/PreviewShadowIndicator.uasset" 4880
"../../../Engine/Content/EditorMaterials/PreviewShadowIndicatorMaterial.uasset" 4881
"../../../Engine/Content/EngineMaterials/Substrate/GLints/dict_16_192_64_0p5_0p02_0063_0015.uasset" 4882
"../../../Engine/Content/EngineMaterials/Substrate/GLints/dict_16_192_64_0p5_0p02_0063_0014.uasset" 4883
"../../../Engine/Content/EngineMaterials/Substrate/GLints/dict_16_192_64_0p5_0p02_0063_0013.uasset" 4884
"../../../Engine/Content/EngineMaterials/Substrate/GLints/dict_16_192_64_0p5_0p02_0063_0012.uasset" 4885
"../../../Engine/Content/EngineMaterials/Substrate/GLints/dict_16_192_64_0p5_0p02_0063_0011.uasset" 4886
"/ControlRig/Controls/ControlRig_Square_1mm" 4887
"/ControlRig/Controls/ControlRig_Sphere_3mm" 4888
"/ControlRig/Controls/ControlRig_Sphere_1mm" 4889
"/ControlRig/Controls/ControlRig_RoundedTriangle_solid" 4890
"/ControlRig/Controls/ControlRig_RoundedTriangle_3mm" 4891
"/ControlRig/Controls/ControlRig_Star4_1mm" 4892
"/ControlRig/Controls/ControlRig_Square_solid" 4893
"/ControlRig/Controls/ControlRig_RoundedTriangle_1mm" 4894
"/ControlRig/Controls/ControlRig_RoundedSquare_solid" 4895
"/ControlRig/Controls/ControlRig_RoundedSquare_3mm" 4896
"/ControlRig/Controls/ControlRig_RoundedSquare_1mm" 4897
"/ControlRig/Controls/ControlRig_QuarterCircle_solid" 4898
"/ControlRig/Controls/ControlRig_QuarterCircle_3mm" 4899
"/ControlRig/Controls/ControlRig_QuarterCircle_1mm" 4900
"../../../Engine/Content/EngineMaterials/Substrate/GLints/dict_16_192_64_0p5_0p02_0063_0010.uasset" 4901
"../../../Engine/Content/EngineMaterials/Substrate/GLints/dict_16_192_64_0p5_0p02_0063_0009.uasset" 4902
"../../../Engine/Content/EngineMaterials/Substrate/GLints/dict_16_192_64_0p5_0p02_0063_0008.uasset" 4903
"../../../Engine/Content/EngineMaterials/Substrate/GLints/dict_16_192_64_0p5_0p02_0063_0007.uasset" 4904
"/Engine/EngineMaterials/Substrate/GLints/dict_16_192_64_0p5_0p02_0063_0011" 4905
"../../../Engine/Content/EngineMaterials/Substrate/GLints/dict_16_192_64_0p5_0p02_0063_0006.uasset" 4906
"../../../Engine/Content/EngineMaterials/Substrate/GLints/dict_16_192_64_0p5_0p02_0063_0005.uasset" 4907
"../../../Engine/Content/EngineMaterials/Substrate/GLints/dict_16_192_64_0p5_0p02_0063_0004.uasset" 4908
"../../../Engine/Content/EngineMaterials/Substrate/GLints/dict_16_192_64_0p5_0p02_0063_0003.uasset" 4909
"../../../Engine/Content/EngineMaterials/Substrate/GLints/dict_16_192_64_0p5_0p02_0063_0002.uasset" 4910
"../../../Engine/Content/EngineMaterials/Substrate/GLints/dict_16_192_64_0p5_0p02_0063_0001.uasset" 4911
"../../../Engine/Content/EngineMaterials/Substrate/GLints/dict_16_192_64_0p5_0p02_0063_0000.uasset" 4912
"../../../Engine/Content/EngineMaterials/Substrate/GLints/dict_16_192_64_0p5_0p02_0062_0015.uasset" 4913
"../../../Engine/Content/EngineMaterials/Substrate/GLints/dict_16_192_64_0p5_0p02_0062_0014.uasset" 4914
"/Engine/EngineMaterials/Substrate/GLints/dict_16_192_64_0p5_0p02_0063_0012" 4915
"../../../Engine/Content/EngineMaterials/Substrate/GLints/dict_16_192_64_0p5_0p02_0062_0013.uasset" 4916
"../../../Engine/Content/EngineMaterials/Substrate/GLints/dict_16_192_64_0p5_0p02_0062_0012.uasset" 4917
"/Engine/EngineMaterials/Substrate/GLints/dict_16_192_64_0p5_0p02_0063_0013" 4918
"/Engine/EngineMaterials/Substrate/GLints/dict_16_192_64_0p5_0p02_0063_0014" 4919
"/Engine/EngineMaterials/Substrate/GLints/dict_16_192_64_0p5_0p02_0063_0015" 4920
"/Engine/EditorMaterials/PreviewShadowIndicatorMaterial" 4921
"/Engine/Maps/Entry" 4922
"/ControlRig/Controls/ControlRig_Wedge_solid" 4923
"/ControlRig/Controls/ControlRig_Wedge_3mm" 4924
"/ControlRig/Controls/ControlRig_Wedge_1mm" 4925
"/ControlRig/Controls/ControlRig_Triangle_solid" 4926
"/ControlRig/Controls/ControlRig_Triangle_3mm" 4927
"/ControlRig/Controls/ControlRig_Triangle_1mm" 4928
"/ControlRig/Controls/ControlRig_Star4_solid" 4929
"/ControlRig/Controls/ControlRig_Star4_3mm" 4930
"/Engine/EngineMaterials/Substrate/GLints/dict_16_192_64_0p5_0p02_0063_0009" 4931
"/Engine/EngineMaterials/Substrate/GLints/dict_16_192_64_0p5_0p02_0063_0010" 4932
"../../../Engine/Content/EngineMaterials/Substrate/GLints/dict_16_192_64_0p5_0p02_0062_0011.uasset" 4933
"../../../Engine/Content/EngineMaterials/Substrate/GLints/dict_16_192_64_0p5_0p02_0062_0010.uasset" 4934
"/Engine/EngineMaterials/Substrate/GLints/dict_16_192_64_0p5_0p02_0062_0012" 4935
"../../../Engine/Content/EngineMaterials/Substrate/GLints/dict_16_192_64_0p5_0p02_0062_0009.uasset" 4936
"../../../Engine/Content/EngineMaterials/Substrate/GLints/dict_16_192_64_0p5_0p02_0062_0008.uasset" 4937
"../../../Engine/Content/EngineMaterials/Substrate/GLints/dict_16_192_64_0p5_0p02_0062_0007.uasset" 4938
"../../../Engine/Content/EngineMaterials/Substrate/GLints/dict_16_192_64_0p5_0p02_0062_0006.uasset" 4939
"../../../Engine/Content/EngineMaterials/Substrate/GLints/dict_16_192_64_0p5_0p02_0062_0005.uasset" 4940
"../../../Engine/Content/EngineMaterials/Substrate/GLints/dict_16_192_64_0p5_0p02_0062_0004.uasset" 4941
"/Engine/EngineMaterials/Substrate/GLints/dict_16_192_64_0p5_0p02_0062_0013" 4942
"../../../Engine/Content/EngineMaterials/Substrate/GLints/dict_16_192_64_0p5_0p02_0062_0003.uasset" 4943
"../../../Engine/Content/EngineMaterials/Substrate/GLints/dict_16_192_64_0p5_0p02_0062_0002.uasset" 4944
"../../../Engine/Content/EngineMaterials/Substrate/GLints/dict_16_192_64_0p5_0p02_0062_0000.uasset" 4945
"../../../Engine/Content/EngineMaterials/Substrate/GLints/dict_16_192_64_0p5_0p02_0062_0001.uasset" 4946
"../../../Engine/Content/EngineMaterials/Substrate/GLints/dict_16_192_64_0p5_0p02_0061_0015.uasset" 4947
"../../../Engine/Content/EngineMaterials/Substrate/GLints/dict_16_192_64_0p5_0p02_0061_0014.uasset" 4948
"../../../Engine/Content/EngineMaterials/Substrate/GLints/dict_16_192_64_0p5_0p02_0061_0013.uasset" 4949
"/Engine/EngineMaterials/Substrate/GLints/dict_16_192_64_0p5_0p02_0062_0014" 4950
"../../../Engine/Content/EngineMaterials/Substrate/GLints/dict_16_192_64_0p5_0p02_0061_0012.uasset" 4951
"../../../Engine/Content/EngineMaterials/Substrate/GLints/dict_16_192_64_0p5_0p02_0061_0011.uasset" 4952
"../../../Engine/Content/EngineMaterials/Substrate/GLints/dict_16_192_64_0p5_0p02_0061_0010.uasset" 4953
"../../../Engine/Content/EngineMaterials/Substrate/GLints/dict_16_192_64_0p5_0p02_0061_0009.uasset" 4954
"/Engine/EngineMaterials/Substrate/GLints/dict_16_192_64_0p5_0p02_0062_0015" 4955
"/Engine/EngineMaterials/Substrate/GLints/dict_16_192_64_0p5_0p02_0063_0000" 4956
"/Engine/EngineMaterials/Substrate/GLints/dict_16_192_64_0p5_0p02_0063_0001" 4957
"/Engine/EngineMaterials/Substrate/GLints/dict_16_192_64_0p5_0p02_0063_0002" 4958
"/Engine/EngineMaterials/Substrate/GLints/dict_16_192_64_0p5_0p02_0063_0003" 4959
"/Engine/EngineMaterials/Substrate/GLints/dict_16_192_64_0p5_0p02_0063_0004" 4960
"/Engine/EngineMaterials/Substrate/GLints/dict_16_192_64_0p5_0p02_0063_0005" 4961
"/Engine/EngineMaterials/Substrate/GLints/dict_16_192_64_0p5_0p02_0063_0006" 4962
"/Engine/EngineMaterials/Substrate/GLints/dict_16_192_64_0p5_0p02_0063_0007" 4963
"/Engine/EngineMaterials/Substrate/GLints/dict_16_192_64_0p5_0p02_0063_0008" 4964
"../../../Engine/Content/EngineMaterials/Substrate/GLints/dict_16_192_64_0p5_0p02_0061_0008.uasset" 4965
"../../../Engine/Content/EngineMaterials/Substrate/GLints/dict_16_192_64_0p5_0p02_0061_0007.uasset" 4966
"/Engine/EngineMaterials/Substrate/GLints/dict_16_192_64_0p5_0p02_0061_0009" 4967
"../../../Engine/Content/EngineMaterials/Substrate/GLints/dict_16_192_64_0p5_0p02_0061_0006.uasset" 4968
"../../../Engine/Content/EngineMaterials/Substrate/GLints/dict_16_192_64_0p5_0p02_0061_0005.uasset" 4969
"../../../Engine/Content/EngineMaterials/Substrate/GLints/dict_16_192_64_0p5_0p02_0061_0004.uasset" 4970
"../../../Engine/Content/EngineMaterials/Substrate/GLints/dict_16_192_64_0p5_0p02_0061_0003.uasset" 4971
"../../../Engine/Content/EngineMaterials/Substrate/GLints/dict_16_192_64_0p5_0p02_0061_0002.uasset" 4972
"../../../Engine/Content/EngineMaterials/Substrate/GLints/dict_16_192_64_0p5_0p02_0061_0001.uasset" 4973
"../../../Engine/Content/EngineMaterials/Substrate/GLints/dict_16_192_64_0p5_0p02_0061_0000.uasset" 4974
"../../../Engine/Content/EngineMaterials/Substrate/GLints/dict_16_192_64_0p5_0p02_0060_0015.uasset" 4975
"/Engine/EngineMaterials/Substrate/GLints/dict_16_192_64_0p5_0p02_0061_0010" 4976
"../../../Engine/Content/EngineMaterials/Substrate/GLints/dict_16_192_64_0p5_0p02_0060_0014.uasset" 4977
"../../../Engine/Content/EngineMaterials/Substrate/GLints/dict_16_192_64_0p5_0p02_0060_0013.uasset" 4978
"../../../Engine/Content/EngineMaterials/Substrate/GLints/dict_16_192_64_0p5_0p02_0060_0012.uasset" 4979
"/Engine/EngineMaterials/Substrate/GLints/dict_16_192_64_0p5_0p02_0061_0011" 4980
"/Engine/EngineMaterials/Substrate/GLints/dict_16_192_64_0p5_0p02_0061_0012" 4981
"/Engine/EngineMaterials/Substrate/GLints/dict_16_192_64_0p5_0p02_0061_0013" 4982
"/Engine/EngineMaterials/Substrate/GLints/dict_16_192_64_0p5_0p02_0061_0014" 4983
"/Engine/EngineMaterials/Substrate/GLints/dict_16_192_64_0p5_0p02_0061_0015" 4984
"/Engine/EngineMaterials/Substrate/GLints/dict_16_192_64_0p5_0p02_0062_0000" 4985
"/Engine/EngineMaterials/Substrate/GLints/dict_16_192_64_0p5_0p02_0062_0001" 4986
"/Engine/EngineMaterials/Substrate/GLints/dict_16_192_64_0p5_0p02_0062_0002" 4987
"/Engine/EngineMaterials/Substrate/GLints/dict_16_192_64_0p5_0p02_0062_0003" 4988
"/Engine/EngineMaterials/Substrate/GLints/dict_16_192_64_0p5_0p02_0062_0004" 4989
"/Engine/EngineMaterials/Substrate/GLints/dict_16_192_64_0p5_0p02_0062_0005" 4990
"/Engine/EngineMaterials/Substrate/GLints/dict_16_192_64_0p5_0p02_0062_0006" 4991
"/Engine/EngineMaterials/Substrate/GLints/dict_16_192_64_0p5_0p02_0062_0007" 4992
"/Engine/EngineMaterials/Substrate/GLints/dict_16_192_64_0p5_0p02_0062_0008" 4993
"/Engine/EngineMaterials/Substrate/GLints/dict_16_192_64_0p5_0p02_0062_0009" 4994
"/Engine/EngineMaterials/Substrate/GLints/dict_16_192_64_0p5_0p02_0062_0010" 4995
"/Engine/EngineMaterials/Substrate/GLints/dict_16_192_64_0p5_0p02_0062_0011" 4996
"../../../Engine/Content/EngineMaterials/Substrate/GLints/dict_16_192_64_0p5_0p02_0060_0010.uasset" 4997
"../../../Engine/Content/EngineMaterials/Substrate/GLints/dict_16_192_64_0p5_0p02_0060_0011.uasset" 4998
"/Engine/EngineMaterials/Substrate/GLints/dict_16_192_64_0p5_0p02_0060_0012" 4999
"../../../Engine/Content/EngineMaterials/Substrate/GLints/dict_16_192_64_0p5_0p02_0060_0009.uasset" 5000
"../../../Engine/Content/EngineMaterials/Substrate/GLints/dict_16_192_64_0p5_0p02_0060_0008.uasset" 5001
"../../../Engine/Content/EngineMaterials/Substrate/GLints/dict_16_192_64_0p5_0p02_0060_0007.uasset" 5002
"../../../Engine/Content/EngineMaterials/Substrate/GLints/dict_16_192_64_0p5_0p02_0060_0006.uasset" 5003
"../../../Engine/Content/EngineMaterials/Substrate/GLints/dict_16_192_64_0p5_0p02_0060_0004.uasset" 5004
"../../../Engine/Content/EngineMaterials/Substrate/GLints/dict_16_192_64_0p5_0p02_0060_0005.uasset" 5005
"../../../Engine/Content/EngineMaterials/Substrate/GLints/dict_16_192_64_0p5_0p02_0060_0002.uasset" 5006
"../../../Engine/Content/EngineMaterials/Substrate/GLints/dict_16_192_64_0p5_0p02_0060_0003.uasset" 5007
"/Engine/EngineMaterials/Substrate/GLints/dict_16_192_64_0p5_0p02_0060_0013" 5008
"../../../Engine/Content/EngineMaterials/Substrate/GLints/dict_16_192_64_0p5_0p02_0060_0001.uasset" 5009
"../../../Engine/Content/EngineMaterials/Substrate/GLints/dict_16_192_64_0p5_0p02_0060_0000.uasset" 5010
"../../../Engine/Content/EngineMaterials/Substrate/GLints/dict_16_192_64_0p5_0p02_0059_0015.uasset" 5011
"../../../Engine/Content/EngineMaterials/Substrate/GLints/dict_16_192_64_0p5_0p02_0059_0013.uasset" 5012
"../../../Engine/Content/EngineMaterials/Substrate/GLints/dict_16_192_64_0p5_0p02_0059_0014.uasset" 5013
"../../../Engine/Content/EngineMaterials/Substrate/GLints/dict_16_192_64_0p5_0p02_0059_0012.uasset" 5014
"../../../Engine/Content/EngineMaterials/Substrate/GLints/dict_16_192_64_0p5_0p02_0059_0011.uasset" 5015
"../../../Engine/Content/EngineMaterials/Substrate/GLints/dict_16_192_64_0p5_0p02_0059_0010.uasset" 5016
"../../../Engine/Content/EngineMaterials/Substrate/GLints/dict_16_192_64_0p5_0p02_0059_0009.uasset" 5017
"/Engine/EngineMaterials/Substrate/GLints/dict_16_192_64_0p5_0p02_0060_0014" 5018
"/Engine/EngineMaterials/Substrate/GLints/dict_16_192_64_0p5_0p02_0060_0015" 5019
"/Engine/EngineMaterials/Substrate/GLints/dict_16_192_64_0p5_0p02_0061_0000" 5020
"/Engine/EngineMaterials/Substrate/GLints/dict_16_192_64_0p5_0p02_0061_0001" 5021
"/Engine/EngineMaterials/Substrate/GLints/dict_16_192_64_0p5_0p02_0061_0002" 5022
"/Engine/EngineMaterials/Substrate/GLints/dict_16_192_64_0p5_0p02_0061_0003" 5023
"/Engine/EngineMaterials/Substrate/GLints/dict_16_192_64_0p5_0p02_0061_0004" 5024
"/Engine/EngineMaterials/Substrate/GLints/dict_16_192_64_0p5_0p02_0061_0005" 5025
"/Engine/EngineMaterials/Substrate/GLints/dict_16_192_64_0p5_0p02_0061_0006" 5026
"/Engine/EngineMaterials/Substrate/GLints/dict_16_192_64_0p5_0p02_0061_0007" 5027
"/Engine/EngineMaterials/Substrate/GLints/dict_16_192_64_0p5_0p02_0061_0008" 5028
"/Engine/EngineMaterials/Substrate/GLints/dict_16_192_64_0p5_0p02_0060_0010" 5029
"../../../Engine/Content/EngineMaterials/Substrate/GLints/dict_16_192_64_0p5_0p02_0059_0007.uasset" 5030
"../../../Engine/Content/EngineMaterials/Substrate/GLints/dict_16_192_64_0p5_0p02_0059_0008.uasset" 5031
"/Engine/EngineMaterials/Substrate/GLints/dict_16_192_64_0p5_0p02_0059_0009" 5032
"../../../Engine/Content/EngineMaterials/Substrate/GLints/dict_16_192_64_0p5_0p02_0059_0006.uasset" 5033
"../../../Engine/Content/EngineMaterials/Substrate/GLints/dict_16_192_64_0p5_0p02_0059_0005.uasset" 5034
"../../../Engine/Content/EngineMaterials/Substrate/GLints/dict_16_192_64_0p5_0p02_0059_0004.uasset" 5035
"../../../Engine/Content/EngineMaterials/Substrate/GLints/dict_16_192_64_0p5_0p02_0059_0003.uasset" 5036
"../../../Engine/Content/EngineMaterials/Substrate/GLints/dict_16_192_64_0p5_0p02_0059_0002.uasset" 5037
"../../../Engine/Content/EngineMaterials/Substrate/GLints/dict_16_192_64_0p5_0p02_0059_0001.uasset" 5038
"../../../Engine/Content/EngineMaterials/Substrate/GLints/dict_16_192_64_0p5_0p02_0059_0000.uasset" 5039
"../../../Engine/Content/EngineMaterials/Substrate/GLints/dict_16_192_64_0p5_0p02_0058_0015.uasset" 5040
"/Engine/EngineMaterials/Substrate/GLints/dict_16_192_64_0p5_0p02_0059_0010" 5041
"../../../Engine/Content/EngineMaterials/Substrate/GLints/dict_16_192_64_0p5_0p02_0058_0014.uasset" 5042
"../../../Engine/Content/EngineMaterials/Substrate/GLints/dict_16_192_64_0p5_0p02_0058_0013.uasset" 5043
"../../../Engine/Content/EngineMaterials/Substrate/GLints/dict_16_192_64_0p5_0p02_0058_0012.uasset" 5044
"../../../Engine/Content/EngineMaterials/Substrate/GLints/dict_16_192_64_0p5_0p02_0058_0011.uasset" 5045
"/Engine/EngineMaterials/Substrate/GLints/dict_16_192_64_0p5_0p02_0059_0011" 5046
"/Engine/EngineMaterials/Substrate/GLints/dict_16_192_64_0p5_0p02_0059_0012" 5047
"/Engine/EngineMaterials/Substrate/GLints/dict_16_192_64_0p5_0p02_0059_0013" 5048
"/Engine/EngineMaterials/Substrate/GLints/dict_16_192_64_0p5_0p02_0059_0014" 5049
"/Engine/EngineMaterials/Substrate/GLints/dict_16_192_64_0p5_0p02_0059_0015" 5050
"/Engine/EngineMaterials/Substrate/GLints/dict_16_192_64_0p5_0p02_0060_0000" 5051
"/Engine/EngineMaterials/Substrate/GLints/dict_16_192_64_0p5_0p02_0060_0001" 5052
"/Engine/EngineMaterials/Substrate/GLints/dict_16_192_64_0p5_0p02_0060_0002" 5053
"/Engine/EngineMaterials/Substrate/GLints/dict_16_192_64_0p5_0p02_0060_0003" 5054
"/Engine/EngineMaterials/Substrate/GLints/dict_16_192_64_0p5_0p02_0060_0004" 5055
"/Engine/EngineMaterials/Substrate/GLints/dict_16_192_64_0p5_0p02_0060_0005" 5056
"/Engine/EngineMaterials/Substrate/GLints/dict_16_192_64_0p5_0p02_0060_0006" 5057
"/Engine/EngineMaterials/Substrate/GLints/dict_16_192_64_0p5_0p02_0060_0007" 5058
"/Engine/EngineMaterials/Substrate/GLints/dict_16_192_64_0p5_0p02_0060_0008" 5059
"/Engine/EngineMaterials/Substrate/GLints/dict_16_192_64_0p5_0p02_0060_0009" 5060
"/Engine/EngineMaterials/Substrate/GLints/dict_16_192_64_0p5_0p02_0059_0007" 5061
"/Engine/EngineMaterials/Substrate/GLints/dict_16_192_64_0p5_0p02_0060_0011" 5062
"../../../Engine/Content/EngineMaterials/Substrate/GLints/dict_16_192_64_0p5_0p02_0058_0010.uasset" 5063
"../../../Engine/Content/EngineMaterials/Substrate/GLints/dict_16_192_64_0p5_0p02_0058_0009.uasset" 5064
"/Engine/EngineMaterials/Substrate/GLints/dict_16_192_64_0p5_0p02_0058_0011" 5065
"../../../Engine/Content/EngineMaterials/Substrate/GLints/dict_16_192_64_0p5_0p02_0058_0007.uasset" 5066
"../../../Engine/Content/EngineMaterials/Substrate/GLints/dict_16_192_64_0p5_0p02_0058_0008.uasset" 5067
"../../../Engine/Content/EngineMaterials/Substrate/GLints/dict_16_192_64_0p5_0p02_0058_0006.uasset" 5068
"../../../Engine/Content/EngineMaterials/Substrate/GLints/dict_16_192_64_0p5_0p02_0058_0005.uasset" 5069
"../../../Engine/Content/EngineMaterials/Substrate/GLints/dict_16_192_64_0p5_0p02_0058_0004.uasset" 5070
"../../../Engine/Content/EngineMaterials/Substrate/GLints/dict_16_192_64_0p5_0p02_0058_0003.uasset" 5071
"../../../Engine/Content/EngineMaterials/Substrate/GLints/dict_16_192_64_0p5_0p02_0058_0001.uasset" 5072
"../../../Engine/Content/EngineMaterials/Substrate/GLints/dict_16_192_64_0p5_0p02_0058_0002.uasset" 5073
"/Engine/EngineMaterials/Substrate/GLints/dict_16_192_64_0p5_0p02_0058_0012" 5074
"../../../Engine/Content/EngineMaterials/Substrate/GLints/dict_16_192_64_0p5_0p02_0058_0000.uasset" 5075
"../../../Engine/Content/EngineMaterials/Substrate/GLints/dict_16_192_64_0p5_0p02_0057_0015.uasset" 5076
"../../../Engine/Content/EngineMaterials/Substrate/GLints/dict_16_192_64_0p5_0p02_0057_0014.uasset" 5077
"../../../Engine/Content/EngineMaterials/Substrate/GLints/dict_16_192_64_0p5_0p02_0057_0013.uasset" 5078
"../../../Engine/Content/EngineMaterials/Substrate/GLints/dict_16_192_64_0p5_0p02_0057_0011.uasset" 5079
"../../../Engine/Content/EngineMaterials/Substrate/GLints/dict_16_192_64_0p5_0p02_0057_0012.uasset" 5080
"../../../Engine/Content/EngineMaterials/Substrate/GLints/dict_16_192_64_0p5_0p02_0057_0010.uasset" 5081
"../../../Engine/Content/EngineMaterials/Substrate/GLints/dict_16_192_64_0p5_0p02_0057_0009.uasset" 5082
"../../../Engine/Content/EngineMaterials/Substrate/GLints/dict_16_192_64_0p5_0p02_0057_0008.uasset" 5083
"/Engine/EngineMaterials/Substrate/GLints/dict_16_192_64_0p5_0p02_0058_0013" 5084
"/Engine/EngineMaterials/Substrate/GLints/dict_16_192_64_0p5_0p02_0058_0014" 5085
"/Engine/EngineMaterials/Substrate/GLints/dict_16_192_64_0p5_0p02_0058_0015" 5086
"/Engine/EngineMaterials/Substrate/GLints/dict_16_192_64_0p5_0p02_0059_0000" 5087
"/Engine/EngineMaterials/Substrate/GLints/dict_16_192_64_0p5_0p02_0059_0001" 5088
"/Engine/EngineMaterials/Substrate/GLints/dict_16_192_64_0p5_0p02_0059_0002" 5089
"/Engine/EngineMaterials/Substrate/GLints/dict_16_192_64_0p5_0p02_0059_0003" 5090
"/Engine/EngineMaterials/Substrate/GLints/dict_16_192_64_0p5_0p02_0059_0004" 5091
"/Engine/EngineMaterials/Substrate/GLints/dict_16_192_64_0p5_0p02_0059_0005" 5092
"/Engine/EngineMaterials/Substrate/GLints/dict_16_192_64_0p5_0p02_0059_0006" 5093
"/Engine/EngineMaterials/Substrate/GLints/dict_16_192_64_0p5_0p02_0058_0009" 5094
"/Engine/EngineMaterials/Substrate/GLints/dict_16_192_64_0p5_0p02_0059_0008" 5095
"/Engine/EngineMaterials/Substrate/GLints/dict_16_192_64_0p5_0p02_0058_0010" 5096
"../../../Engine/Content/EngineMaterials/Substrate/GLints/dict_16_192_64_0p5_0p02_0057_0007.uasset" 5097
"../../../Engine/Content/EngineMaterials/Substrate/GLints/dict_16_192_64_0p5_0p02_0057_0006.uasset" 5098
"/Engine/EngineMaterials/Substrate/GLints/dict_16_192_64_0p5_0p02_0057_0008" 5099
"../../../Engine/Content/EngineMaterials/Substrate/GLints/dict_16_192_64_0p5_0p02_0057_0005.uasset" 5100
"../../../Engine/Content/EngineMaterials/Substrate/GLints/dict_16_192_64_0p5_0p02_0057_0004.uasset" 5101
"../../../Engine/Content/EngineMaterials/Substrate/GLints/dict_16_192_64_0p5_0p02_0057_0003.uasset" 5102
"../../../Engine/Content/EngineMaterials/Substrate/GLints/dict_16_192_64_0p5_0p02_0057_0002.uasset" 5103
"../../../Engine/Content/EngineMaterials/Substrate/GLints/dict_16_192_64_0p5_0p02_0057_0001.uasset" 5104
"../../../Engine/Content/EngineMaterials/Substrate/GLints/dict_16_192_64_0p5_0p02_0057_0000.uasset" 5105
"../../../Engine/Content/EngineMaterials/Substrate/GLints/dict_16_192_64_0p5_0p02_0056_0015.uasset" 5106
"../../../Engine/Content/EngineMaterials/Substrate/GLints/dict_16_192_64_0p5_0p02_0056_0014.uasset" 5107
"/Engine/EngineMaterials/Substrate/GLints/dict_16_192_64_0p5_0p02_0057_0009" 5108
"../../../Engine/Content/EngineMaterials/Substrate/GLints/dict_16_192_64_0p5_0p02_0056_0013.uasset" 5109
"../../../Engine/Content/EngineMaterials/Substrate/GLints/dict_16_192_64_0p5_0p02_0056_0012.uasset" 5110
"../../../Engine/Content/EngineMaterials/Substrate/GLints/dict_16_192_64_0p5_0p02_0056_0011.uasset" 5111
"../../../Engine/Content/EngineMaterials/Substrate/GLints/dict_16_192_64_0p5_0p02_0056_0009.uasset" 5112
"../../../Engine/Content/EngineMaterials/Substrate/GLints/dict_16_192_64_0p5_0p02_0056_0010.uasset" 5113
"/Engine/EngineMaterials/Substrate/GLints/dict_16_192_64_0p5_0p02_0057_0010" 5114
"/Engine/EngineMaterials/Substrate/GLints/dict_16_192_64_0p5_0p02_0057_0011" 5115
"/Engine/EngineMaterials/Substrate/GLints/dict_16_192_64_0p5_0p02_0057_0012" 5116
"/Engine/EngineMaterials/Substrate/GLints/dict_16_192_64_0p5_0p02_0057_0013" 5117
"/Engine/EngineMaterials/Substrate/GLints/dict_16_192_64_0p5_0p02_0057_0014" 5118
"/Engine/EngineMaterials/Substrate/GLints/dict_16_192_64_0p5_0p02_0057_0015" 5119
"/Engine/EngineMaterials/Substrate/GLints/dict_16_192_64_0p5_0p02_0058_0000" 5120
"/Engine/EngineMaterials/Substrate/GLints/dict_16_192_64_0p5_0p02_0058_0001" 5121
"/Engine/EngineMaterials/Substrate/GLints/dict_16_192_64_0p5_0p02_0058_0002" 5122
"/Engine/EngineMaterials/Substrate/GLints/dict_16_192_64_0p5_0p02_0058_0003" 5123
"/Engine/EngineMaterials/Substrate/GLints/dict_16_192_64_0p5_0p02_0058_0004" 5124
"/Engine/EngineMaterials/Substrate/GLints/dict_16_192_64_0p5_0p02_0058_0005" 5125
"/Engine/EngineMaterials/Substrate/GLints/dict_16_192_64_0p5_0p02_0058_0006" 5126
"/Engine/EngineMaterials/Substrate/GLints/dict_16_192_64_0p5_0p02_0058_0007" 5127
"/Engine/EngineMaterials/Substrate/GLints/dict_16_192_64_0p5_0p02_0058_0008" 5128
"/Engine/EngineMaterials/Substrate/GLints/dict_16_192_64_0p5_0p02_0057_0007" 5129
"../../../Engine/Content/EngineMaterials/Substrate/GLints/dict_16_192_64_0p5_0p02_0056_0008.uasset" 5130
"../../../Engine/Content/EngineMaterials/Substrate/GLints/dict_16_192_64_0p5_0p02_0056_0007.uasset" 5131
"../../../Engine/Content/EngineMaterials/Substrate/GLints/dict_16_192_64_0p5_0p02_0056_0006.uasset" 5132
"../../../Engine/Content/EngineMaterials/Substrate/GLints/dict_16_192_64_0p5_0p02_0056_0005.uasset" 5133
"/Engine/EngineMaterials/Substrate/GLints/dict_16_192_64_0p5_0p02_0056_0009" 5134
"../../../Engine/Content/EngineMaterials/Substrate/GLints/dict_16_192_64_0p5_0p02_0056_0004.uasset" 5135
"../../../Engine/Content/EngineMaterials/Substrate/GLints/dict_16_192_64_0p5_0p02_0056_0003.uasset" 5136
"../../../Engine/Content/EngineMaterials/Substrate/GLints/dict_16_192_64_0p5_0p02_0056_0002.uasset" 5137
"../../../Engine/Content/EngineMaterials/Substrate/GLints/dict_16_192_64_0p5_0p02_0056_0001.uasset" 5138
"../../../Engine/Content/EngineMaterials/Substrate/GLints/dict_16_192_64_0p5_0p02_0056_0000.uasset" 5139
"../../../Engine/Content/EngineMaterials/Substrate/GLints/dict_16_192_64_0p5_0p02_0055_0015.uasset" 5140
"../../../Engine/Content/EngineMaterials/Substrate/GLints/dict_16_192_64_0p5_0p02_0055_0014.uasset" 5141
"../../../Engine/Content/EngineMaterials/Substrate/GLints/dict_16_192_64_0p5_0p02_0055_0013.uasset" 5142
"../../../Engine/Content/EngineMaterials/Substrate/GLints/dict_16_192_64_0p5_0p02_0055_0012.uasset" 5143
"../../../Engine/Content/EngineMaterials/Substrate/GLints/dict_16_192_64_0p5_0p02_0055_0010.uasset" 5144
"../../../Engine/Content/EngineMaterials/Substrate/GLints/dict_16_192_64_0p5_0p02_0055_0011.uasset" 5145
"/Engine/EngineMaterials/Substrate/GLints/dict_16_192_64_0p5_0p02_0056_0010" 5146
"../../../Engine/Content/EngineMaterials/Substrate/GLints/dict_16_192_64_0p5_0p02_0055_0009.uasset" 5147
"../../../Engine/Content/EngineMaterials/Substrate/GLints/dict_16_192_64_0p5_0p02_0055_0008.uasset" 5148
"../../../Engine/Content/EngineMaterials/Substrate/GLints/dict_16_192_64_0p5_0p02_0055_0007.uasset" 5149
"/Engine/EngineMaterials/Substrate/GLints/dict_16_192_64_0p5_0p02_0056_0011" 5150
"/Engine/EngineMaterials/Substrate/GLints/dict_16_192_64_0p5_0p02_0056_0012" 5151
"/Engine/EngineMaterials/Substrate/GLints/dict_16_192_64_0p5_0p02_0056_0013" 5152
"/Engine/EngineMaterials/Substrate/GLints/dict_16_192_64_0p5_0p02_0056_0014" 5153
"/Engine/EngineMaterials/Substrate/GLints/dict_16_192_64_0p5_0p02_0056_0007" 5154
"/Engine/EngineMaterials/Substrate/GLints/dict_16_192_64_0p5_0p02_0056_0015" 5155
"/Engine/EngineMaterials/Substrate/GLints/dict_16_192_64_0p5_0p02_0057_0000" 5156
"/Engine/EngineMaterials/Substrate/GLints/dict_16_192_64_0p5_0p02_0057_0001" 5157
"/Engine/EngineMaterials/Substrate/GLints/dict_16_192_64_0p5_0p02_0057_0002" 5158
"/Engine/EngineMaterials/Substrate/GLints/dict_16_192_64_0p5_0p02_0057_0003" 5159
"/Engine/EngineMaterials/Substrate/GLints/dict_16_192_64_0p5_0p02_0057_0004" 5160
"/Engine/EngineMaterials/Substrate/GLints/dict_16_192_64_0p5_0p02_0057_0005" 5161
"/Engine/EngineMaterials/Substrate/GLints/dict_16_192_64_0p5_0p02_0057_0006" 5162
"/Engine/EngineMaterials/Substrate/GLints/dict_16_192_64_0p5_0p02_0056_0008" 5163
"../../../Engine/Content/EngineMaterials/Substrate/GLints/dict_16_192_64_0p5_0p02_0055_0006.uasset" 5164
"../../../Engine/Content/EngineMaterials/Substrate/GLints/dict_16_192_64_0p5_0p02_0055_0005.uasset" 5165
"../../../Engine/Content/EngineMaterials/Substrate/GLints/dict_16_192_64_0p5_0p02_0055_0004.uasset" 5166
"../../../Engine/Content/EngineMaterials/Substrate/GLints/dict_16_192_64_0p5_0p02_0055_0003.uasset" 5167
"/Engine/EngineMaterials/Substrate/GLints/dict_16_192_64_0p5_0p02_0055_0007" 5168
"../../../Engine/Content/EngineMaterials/Substrate/GLints/dict_16_192_64_0p5_0p02_0055_0002.uasset" 5169
"../../../Engine/Content/EngineMaterials/Substrate/GLints/dict_16_192_64_0p5_0p02_0055_0001.uasset" 5170
"../../../Engine/Content/EngineMaterials/Substrate/GLints/dict_16_192_64_0p5_0p02_0055_0000.uasset" 5171
"../../../Engine/Content/EngineMaterials/Substrate/GLints/dict_16_192_64_0p5_0p02_0054_0015.uasset" 5172
"../../../Engine/Content/EngineMaterials/Substrate/GLints/dict_16_192_64_0p5_0p02_0054_0014.uasset" 5173
"../../../Engine/Content/EngineMaterials/Substrate/GLints/dict_16_192_64_0p5_0p02_0054_0013.uasset" 5174
"../../../Engine/Content/EngineMaterials/Substrate/GLints/dict_16_192_64_0p5_0p02_0054_0012.uasset" 5175
"../../../Engine/Content/EngineMaterials/Substrate/GLints/dict_16_192_64_0p5_0p02_0054_0011.uasset" 5176
"/Engine/EngineMaterials/Substrate/GLints/dict_16_192_64_0p5_0p02_0055_0008" 5177
"../../../Engine/Content/EngineMaterials/Substrate/GLints/dict_16_192_64_0p5_0p02_0054_0010.uasset" 5178
"../../../Engine/Content/EngineMaterials/Substrate/GLints/dict_16_192_64_0p5_0p02_0054_0009.uasset" 5179
"../../../Engine/Content/EngineMaterials/Substrate/GLints/dict_16_192_64_0p5_0p02_0054_0007.uasset" 5180
"../../../Engine/Content/EngineMaterials/Substrate/GLints/dict_16_192_64_0p5_0p02_0054_0008.uasset" 5181
"/Engine/EngineMaterials/Substrate/GLints/dict_16_192_64_0p5_0p02_0055_0009" 5182
"/Engine/EngineMaterials/Substrate/GLints/dict_16_192_64_0p5_0p02_0055_0010" 5183
"/Engine/EngineMaterials/Substrate/GLints/dict_16_192_64_0p5_0p02_0055_0011" 5184
"/Engine/EngineMaterials/Substrate/GLints/dict_16_192_64_0p5_0p02_0055_0012" 5185
"/Engine/EngineMaterials/Substrate/GLints/dict_16_192_64_0p5_0p02_0055_0013" 5186
"/Engine/EngineMaterials/Substrate/GLints/dict_16_192_64_0p5_0p02_0055_0014" 5187
"/Engine/EngineMaterials/Substrate/GLints/dict_16_192_64_0p5_0p02_0055_0015" 5188
"/Engine/EngineMaterials/Substrate/GLints/dict_16_192_64_0p5_0p02_0056_0000" 5189
"/Engine/EngineMaterials/Substrate/GLints/dict_16_192_64_0p5_0p02_0056_0001" 5190
"/Engine/EngineMaterials/Substrate/GLints/dict_16_192_64_0p5_0p02_0056_0002" 5191
"/Engine/EngineMaterials/Substrate/GLints/dict_16_192_64_0p5_0p02_0056_0003" 5192
"/Engine/EngineMaterials/Substrate/GLints/dict_16_192_64_0p5_0p02_0056_0004" 5193
"/Engine/EngineMaterials/Substrate/GLints/dict_16_192_64_0p5_0p02_0056_0005" 5194
"/Engine/EngineMaterials/Substrate/GLints/dict_16_192_64_0p5_0p02_0056_0006" 5195
"/Engine/EngineMaterials/Substrate/GLints/dict_16_192_64_0p5_0p02_0055_0005" 5196
"/Engine/EngineMaterials/Substrate/GLints/dict_16_192_64_0p5_0p02_0055_0006" 5197
"../../../Engine/Content/EngineMaterials/Substrate/GLints/dict_16_192_64_0p5_0p02_0054_0005.uasset" 5198
"../../../Engine/Content/EngineMaterials/Substrate/GLints/dict_16_192_64_0p5_0p02_0054_0006.uasset" 5199
"../../../Engine/Content/EngineMaterials/Substrate/GLints/dict_16_192_64_0p5_0p02_0054_0004.uasset" 5200
"../../../Engine/Content/EngineMaterials/Substrate/GLints/dict_16_192_64_0p5_0p02_0054_0002.uasset" 5201
"../../../Engine/Content/EngineMaterials/Substrate/GLints/dict_16_192_64_0p5_0p02_0054_0003.uasset" 5202
"/Engine/EngineMaterials/Substrate/GLints/dict_16_192_64_0p5_0p02_0054_0004" 5203
"../../../Engine/Content/EngineMaterials/Substrate/GLints/dict_16_192_64_0p5_0p02_0054_0001.uasset" 5204
"../../../Engine/Content/EngineMaterials/Substrate/GLints/dict_16_192_64_0p5_0p02_0054_0000.uasset" 5205
"../../../Engine/Content/EngineMaterials/Substrate/GLints/dict_16_192_64_0p5_0p02_0053_0015.uasset" 5206
"../../../Engine/Content/EngineMaterials/Substrate/GLints/dict_16_192_64_0p5_0p02_0053_0014.uasset" 5207
"../../../Engine/Content/EngineMaterials/Substrate/GLints/dict_16_192_64_0p5_0p02_0053_0013.uasset" 5208
"../../../Engine/Content/EngineMaterials/Substrate/GLints/dict_16_192_64_0p5_0p02_0053_0012.uasset" 5209
"../../../Engine/Content/EngineMaterials/Substrate/GLints/dict_16_192_64_0p5_0p02_0053_0011.uasset" 5210
"../../../Engine/Content/EngineMaterials/Substrate/GLints/dict_16_192_64_0p5_0p02_0053_0010.uasset" 5211
"../../../Engine/Content/EngineMaterials/Substrate/GLints/dict_16_192_64_0p5_0p02_0053_0009.uasset" 5212
"/Engine/EngineMaterials/Substrate/GLints/dict_16_192_64_0p5_0p02_0054_0007" 5213
"../../../Engine/Content/EngineMaterials/Substrate/GLints/dict_16_192_64_0p5_0p02_0053_0008.uasset" 5214
"../../../Engine/Content/EngineMaterials/Substrate/GLints/dict_16_192_64_0p5_0p02_0053_0007.uasset" 5215
"../../../Engine/Content/EngineMaterials/Substrate/GLints/dict_16_192_64_0p5_0p02_0053_0006.uasset" 5216
"../../../Engine/Content/EngineMaterials/Substrate/GLints/dict_16_192_64_0p5_0p02_0053_0005.uasset" 5217
"/Engine/EngineMaterials/Substrate/GLints/dict_16_192_64_0p5_0p02_0054_0008" 5218
"/Engine/EngineMaterials/Substrate/GLints/dict_16_192_64_0p5_0p02_0054_0009" 5219
"/Engine/EngineMaterials/Substrate/GLints/dict_16_192_64_0p5_0p02_0054_0010" 5220
"/Engine/EngineMaterials/Substrate/GLints/dict_16_192_64_0p5_0p02_0054_0011" 5221
"/Engine/EngineMaterials/Substrate/GLints/dict_16_192_64_0p5_0p02_0054_0012" 5222
"/Engine/EngineMaterials/Substrate/GLints/dict_16_192_64_0p5_0p02_0054_0013" 5223
"/Engine/EngineMaterials/Substrate/GLints/dict_16_192_64_0p5_0p02_0054_0014" 5224
"/Engine/EngineMaterials/Substrate/GLints/dict_16_192_64_0p5_0p02_0054_0015" 5225
"/Engine/EngineMaterials/Substrate/GLints/dict_16_192_64_0p5_0p02_0055_0000" 5226
"/Engine/EngineMaterials/Substrate/GLints/dict_16_192_64_0p5_0p02_0055_0001" 5227
"/Engine/EngineMaterials/Substrate/GLints/dict_16_192_64_0p5_0p02_0055_0002" 5228
"/Engine/EngineMaterials/Substrate/GLints/dict_16_192_64_0p5_0p02_0055_0003" 5229
"/Engine/EngineMaterials/Substrate/GLints/dict_16_192_64_0p5_0p02_0055_0004" 5230
"/Engine/EngineMaterials/Substrate/GLints/dict_16_192_64_0p5_0p02_0054_0005" 5231
"/Engine/EngineMaterials/Substrate/GLints/dict_16_192_64_0p5_0p02_0054_0006" 5232
"../../../Engine/Content/EngineMaterials/Substrate/GLints/dict_16_192_64_0p5_0p02_0053_0004.uasset" 5233
"../../../Engine/Content/EngineMaterials/Substrate/GLints/dict_16_192_64_0p5_0p02_0053_0003.uasset" 5234
"/Engine/EngineMaterials/Substrate/GLints/dict_16_192_64_0p5_0p02_0053_0005" 5235
"../../../Engine/Content/EngineMaterials/Substrate/GLints/dict_16_192_64_0p5_0p02_0053_0001.uasset" 5236
"../../../Engine/Content/EngineMaterials/Substrate/GLints/dict_16_192_64_0p5_0p02_0053_0000.uasset" 5237
"../../../Engine/Content/EngineMaterials/Substrate/GLints/dict_16_192_64_0p5_0p02_0053_0002.uasset" 5238
"../../../Engine/Content/EngineMaterials/Substrate/GLints/dict_16_192_64_0p5_0p02_0052_0015.uasset" 5239
"/Engine/EngineMaterials/Substrate/GLints/dict_16_192_64_0p5_0p02_0053_0006" 5240
"../../../Engine/Content/EngineMaterials/Substrate/GLints/dict_16_192_64_0p5_0p02_0052_0014.uasset" 5241
"../../../Engine/Content/EngineMaterials/Substrate/GLints/dict_16_192_64_0p5_0p02_0052_0013.uasset" 5242
"../../../Engine/Content/EngineMaterials/Substrate/GLints/dict_16_192_64_0p5_0p02_0052_0011.uasset" 5243
"../../../Engine/Content/EngineMaterials/Substrate/GLints/dict_16_192_64_0p5_0p02_0052_0012.uasset" 5244
"../../../Engine/Content/EngineMaterials/Substrate/GLints/dict_16_192_64_0p5_0p02_0052_0010.uasset" 5245
"../../../Engine/Content/EngineMaterials/Substrate/GLints/dict_16_192_64_0p5_0p02_0052_0009.uasset" 5246
"/Engine/EngineMaterials/Substrate/GLints/dict_16_192_64_0p5_0p02_0053_0007" 5247
"../../../Engine/Content/EngineMaterials/Substrate/GLints/dict_16_192_64_0p5_0p02_0052_0008.uasset" 5248
"../../../Engine/Content/EngineMaterials/Substrate/GLints/dict_16_192_64_0p5_0p02_0052_0007.uasset" 5249
"../../../Engine/Content/EngineMaterials/Substrate/GLints/dict_16_192_64_0p5_0p02_0052_0006.uasset" 5250
"../../../Engine/Content/EngineMaterials/Substrate/GLints/dict_16_192_64_0p5_0p02_0052_0005.uasset" 5251
"../../../Engine/Content/EngineMaterials/Substrate/GLints/dict_16_192_64_0p5_0p02_0052_0004.uasset" 5252
"/Engine/EngineMaterials/Substrate/GLints/dict_16_192_64_0p5_0p02_0053_0008" 5253
"/Engine/EngineMaterials/Substrate/GLints/dict_16_192_64_0p5_0p02_0053_0009" 5254
"/Engine/EngineMaterials/Substrate/GLints/dict_16_192_64_0p5_0p02_0053_0010" 5255
"/Engine/EngineMaterials/Substrate/GLints/dict_16_192_64_0p5_0p02_0053_0011" 5256
"/Engine/EngineMaterials/Substrate/GLints/dict_16_192_64_0p5_0p02_0053_0012" 5257
"/Engine/EngineMaterials/Substrate/GLints/dict_16_192_64_0p5_0p02_0053_0013" 5258
"/Engine/EngineMaterials/Substrate/GLints/dict_16_192_64_0p5_0p02_0053_0014" 5259
"/Engine/EngineMaterials/Substrate/GLints/dict_16_192_64_0p5_0p02_0053_0015" 5260
"/Engine/EngineMaterials/Substrate/GLints/dict_16_192_64_0p5_0p02_0054_0000" 5261
"/Engine/EngineMaterials/Substrate/GLints/dict_16_192_64_0p5_0p02_0054_0001" 5262
"/Engine/EngineMaterials/Substrate/GLints/dict_16_192_64_0p5_0p02_0054_0002" 5263
"/Engine/EngineMaterials/Substrate/GLints/dict_16_192_64_0p5_0p02_0054_0003" 5264
"/Engine/EngineMaterials/Substrate/GLints/dict_16_192_64_0p5_0p02_0053_0004" 5265
"../../../Engine/Content/EngineMaterials/Substrate/GLints/dict_16_192_64_0p5_0p02_0052_0003.uasset" 5266
"../../../Engine/Content/EngineMaterials/Substrate/GLints/dict_16_192_64_0p5_0p02_0052_0002.uasset" 5267
"/Engine/EngineMaterials/Substrate/GLints/dict_16_192_64_0p5_0p02_0052_0004" 5268
"../../../Engine/Content/EngineMaterials/Substrate/GLints/dict_16_192_64_0p5_0p02_0052_0001.uasset" 5269
"../../../Engine/Content/EngineMaterials/Substrate/GLints/dict_16_192_64_0p5_0p02_0052_0000.uasset" 5270
"../../../Engine/Content/EngineMaterials/Substrate/GLints/dict_16_192_64_0p5_0p02_0051_0014.uasset" 5271
"../../../Engine/Content/EngineMaterials/Substrate/GLints/dict_16_192_64_0p5_0p02_0051_0015.uasset" 5272
"../../../Engine/Content/EngineMaterials/Substrate/GLints/dict_16_192_64_0p5_0p02_0051_0013.uasset" 5273
"../../../Engine/Content/EngineMaterials/Substrate/GLints/dict_16_192_64_0p5_0p02_0051_0012.uasset" 5274
"../../../Engine/Content/EngineMaterials/Substrate/GLints/dict_16_192_64_0p5_0p02_0051_0011.uasset" 5275
"/Engine/EngineMaterials/Substrate/GLints/dict_16_192_64_0p5_0p02_0052_0005" 5276
"../../../Engine/Content/EngineMaterials/Substrate/GLints/dict_16_192_64_0p5_0p02_0051_0010.uasset" 5277
"../../../Engine/Content/EngineMaterials/Substrate/GLints/dict_16_192_64_0p5_0p02_0051_0009.uasset" 5278
"../../../Engine/Content/EngineMaterials/Substrate/GLints/dict_16_192_64_0p5_0p02_0051_0008.uasset" 5279
"../../../Engine/Content/EngineMaterials/Substrate/GLints/dict_16_192_64_0p5_0p02_0051_0007.uasset" 5280
"../../../Engine/Content/EngineMaterials/Substrate/GLints/dict_16_192_64_0p5_0p02_0051_0006.uasset" 5281
"../../../Engine/Content/EngineMaterials/Substrate/GLints/dict_16_192_64_0p5_0p02_0051_0005.uasset" 5282
"../../../Engine/Content/EngineMaterials/Substrate/GLints/dict_16_192_64_0p5_0p02_0051_0004.uasset" 5283
"/Engine/EngineMaterials/Substrate/GLints/dict_16_192_64_0p5_0p02_0052_0006" 5284
"/Engine/EngineMaterials/Substrate/GLints/dict_16_192_64_0p5_0p02_0052_0007" 5285
"/Engine/EngineMaterials/Substrate/GLints/dict_16_192_64_0p5_0p02_0052_0008" 5286
"/Engine/EngineMaterials/Substrate/GLints/dict_16_192_64_0p5_0p02_0052_0009" 5287
"/Engine/EngineMaterials/Substrate/GLints/dict_16_192_64_0p5_0p02_0052_0010" 5288
"/Engine/EngineMaterials/Substrate/GLints/dict_16_192_64_0p5_0p02_0052_0011" 5289
"/Engine/EngineMaterials/Substrate/GLints/dict_16_192_64_0p5_0p02_0052_0012" 5290
"/Engine/EngineMaterials/Substrate/GLints/dict_16_192_64_0p5_0p02_0052_0013" 5291
"/Engine/EngineMaterials/Substrate/GLints/dict_16_192_64_0p5_0p02_0052_0014" 5292
"/Engine/EngineMaterials/Substrate/GLints/dict_16_192_64_0p5_0p02_0052_0015" 5293
"/Engine/EngineMaterials/Substrate/GLints/dict_16_192_64_0p5_0p02_0053_0000" 5294
"/Engine/EngineMaterials/Substrate/GLints/dict_16_192_64_0p5_0p02_0053_0001" 5295
"/Engine/EngineMaterials/Substrate/GLints/dict_16_192_64_0p5_0p02_0053_0002" 5296
"/Engine/EngineMaterials/Substrate/GLints/dict_16_192_64_0p5_0p02_0053_0003" 5297
"/Engine/EngineMaterials/Substrate/GLints/dict_16_192_64_0p5_0p02_0052_0003" 5298
"../../../Engine/Content/EngineMaterials/Substrate/GLints/dict_16_192_64_0p5_0p02_0051_0003.uasset" 5299
"../../../Engine/Content/EngineMaterials/Substrate/GLints/dict_16_192_64_0p5_0p02_0051_0002.uasset" 5300
"/Engine/EngineMaterials/Substrate/GLints/dict_16_192_64_0p5_0p02_0051_0004" 5301
"../../../Engine/Content/EngineMaterials/Substrate/GLints/dict_16_192_64_0p5_0p02_0051_0001.uasset" 5302
"../../../Engine/Content/EngineMaterials/Substrate/GLints/dict_16_192_64_0p5_0p02_0051_0000.uasset" 5303
"../../../Engine/Content/EngineMaterials/Substrate/GLints/dict_16_192_64_0p5_0p02_0050_0015.uasset" 5304
"../../../Engine/Content/EngineMaterials/Substrate/GLints/dict_16_192_64_0p5_0p02_0050_0014.uasset" 5305
"../../../Engine/Content/EngineMaterials/Substrate/GLints/dict_16_192_64_0p5_0p02_0050_0013.uasset" 5306
"../../../Engine/Content/EngineMaterials/Substrate/GLints/dict_16_192_64_0p5_0p02_0050_0012.uasset" 5307
"../../../Engine/Content/EngineMaterials/Substrate/GLints/dict_16_192_64_0p5_0p02_0050_0011.uasset" 5308
"/Engine/EngineMaterials/Substrate/GLints/dict_16_192_64_0p5_0p02_0051_0005" 5309
"../../../Engine/Content/EngineMaterials/Substrate/GLints/dict_16_192_64_0p5_0p02_0050_0010.uasset" 5310
"../../../Engine/Content/EngineMaterials/Substrate/GLints/dict_16_192_64_0p5_0p02_0050_0009.uasset" 5311
"../../../Engine/Content/EngineMaterials/Substrate/GLints/dict_16_192_64_0p5_0p02_0050_0008.uasset" 5312
"../../../Engine/Content/EngineMaterials/Substrate/GLints/dict_16_192_64_0p5_0p02_0050_0007.uasset" 5313
"../../../Engine/Content/EngineMaterials/Substrate/GLints/dict_16_192_64_0p5_0p02_0050_0006.uasset" 5314
"/Engine/EngineMaterials/Substrate/GLints/dict_16_192_64_0p5_0p02_0051_0006" 5315
"../../../Engine/Content/EngineMaterials/Substrate/GLints/dict_16_192_64_0p5_0p02_0050_0005.uasset" 5316
"../../../Engine/Content/EngineMaterials/Substrate/GLints/dict_16_192_64_0p5_0p02_0050_0004.uasset" 5317
"../../../Engine/Content/EngineMaterials/Substrate/GLints/dict_16_192_64_0p5_0p02_0050_0003.uasset" 5318
"/Engine/EngineMaterials/Substrate/GLints/dict_16_192_64_0p5_0p02_0051_0007" 5319
"/Engine/EngineMaterials/Substrate/GLints/dict_16_192_64_0p5_0p02_0051_0008" 5320
"/Engine/EngineMaterials/Substrate/GLints/dict_16_192_64_0p5_0p02_0051_0009" 5321
"/Engine/EngineMaterials/Substrate/GLints/dict_16_192_64_0p5_0p02_0051_0010" 5322
"/Engine/EngineMaterials/Substrate/GLints/dict_16_192_64_0p5_0p02_0051_0011" 5323
"/Engine/EngineMaterials/Substrate/GLints/dict_16_192_64_0p5_0p02_0051_0012" 5324
"/Engine/EngineMaterials/Substrate/GLints/dict_16_192_64_0p5_0p02_0051_0013" 5325
"/Engine/EngineMaterials/Substrate/GLints/dict_16_192_64_0p5_0p02_0051_0014" 5326
"/Engine/EngineMaterials/Substrate/GLints/dict_16_192_64_0p5_0p02_0051_0015" 5327
"/Engine/EngineMaterials/Substrate/GLints/dict_16_192_64_0p5_0p02_0052_0000" 5328
"/Engine/EngineMaterials/Substrate/GLints/dict_16_192_64_0p5_0p02_0052_0001" 5329
"/Engine/EngineMaterials/Substrate/GLints/dict_16_192_64_0p5_0p02_0052_0002" 5330
"/Engine/EngineMaterials/Substrate/GLints/dict_16_192_64_0p5_0p02_0051_0003" 5331
"../../../Engine/Content/EngineMaterials/Substrate/GLints/dict_16_192_64_0p5_0p02_0050_0002.uasset" 5332
"../../../Engine/Content/EngineMaterials/Substrate/GLints/dict_16_192_64_0p5_0p02_0050_0001.uasset" 5333
"/Engine/EngineMaterials/Substrate/GLints/dict_16_192_64_0p5_0p02_0050_0003" 5334
"../../../Engine/Content/EngineMaterials/Substrate/GLints/dict_16_192_64_0p5_0p02_0050_0000.uasset" 5335
"../../../Engine/Content/EngineMaterials/Substrate/GLints/dict_16_192_64_0p5_0p02_0049_0015.uasset" 5336
"../../../Engine/Content/EngineMaterials/Substrate/GLints/dict_16_192_64_0p5_0p02_0049_0014.uasset" 5337
"../../../Engine/Content/EngineMaterials/Substrate/GLints/dict_16_192_64_0p5_0p02_0049_0013.uasset" 5338
"../../../Engine/Content/EngineMaterials/Substrate/GLints/dict_16_192_64_0p5_0p02_0049_0012.uasset" 5339
"../../../Engine/Content/EngineMaterials/Substrate/GLints/dict_16_192_64_0p5_0p02_0049_0011.uasset" 5340
"../../../Engine/Content/EngineMaterials/Substrate/GLints/dict_16_192_64_0p5_0p02_0049_0010.uasset" 5341
"/Engine/EngineMaterials/Substrate/GLints/dict_16_192_64_0p5_0p02_0050_0004" 5342
"../../../Engine/Content/EngineMaterials/Substrate/GLints/dict_16_192_64_0p5_0p02_0049_0009.uasset" 5343
"../../../Engine/Content/EngineMaterials/Substrate/GLints/dict_16_192_64_0p5_0p02_0049_0008.uasset" 5344
"../../../Engine/Content/EngineMaterials/Substrate/GLints/dict_16_192_64_0p5_0p02_0049_0007.uasset" 5345
"../../../Engine/Content/EngineMaterials/Substrate/GLints/dict_16_192_64_0p5_0p02_0049_0006.uasset" 5346
"../../../Engine/Content/EngineMaterials/Substrate/GLints/dict_16_192_64_0p5_0p02_0049_0004.uasset" 5347
"../../../Engine/Content/EngineMaterials/Substrate/GLints/dict_16_192_64_0p5_0p02_0049_0005.uasset" 5348
"../../../Engine/Content/EngineMaterials/Substrate/GLints/dict_16_192_64_0p5_0p02_0049_0003.uasset" 5349
"/Engine/EngineMaterials/Substrate/GLints/dict_16_192_64_0p5_0p02_0050_0005" 5350
"/Engine/EngineMaterials/Substrate/GLints/dict_16_192_64_0p5_0p02_0050_0006" 5351
"/Engine/EngineMaterials/Substrate/GLints/dict_16_192_64_0p5_0p02_0050_0007" 5352
"/Engine/EngineMaterials/Substrate/GLints/dict_16_192_64_0p5_0p02_0050_0008" 5353
"/Engine/EngineMaterials/Substrate/GLints/dict_16_192_64_0p5_0p02_0050_0009" 5354
"/Engine/EngineMaterials/Substrate/GLints/dict_16_192_64_0p5_0p02_0050_0010" 5355
"/Engine/EngineMaterials/Substrate/GLints/dict_16_192_64_0p5_0p02_0050_0011" 5356
"/Engine/EngineMaterials/Substrate/GLints/dict_16_192_64_0p5_0p02_0050_0012" 5357
"/Engine/EngineMaterials/Substrate/GLints/dict_16_192_64_0p5_0p02_0050_0013" 5358
"/Engine/EngineMaterials/Substrate/GLints/dict_16_192_64_0p5_0p02_0050_0014" 5359
"/Engine/EngineMaterials/Substrate/GLints/dict_16_192_64_0p5_0p02_0050_0015" 5360
"/Engine/EngineMaterials/Substrate/GLints/dict_16_192_64_0p5_0p02_0051_0000" 5361
"/Engine/EngineMaterials/Substrate/GLints/dict_16_192_64_0p5_0p02_0051_0001" 5362
"/Engine/EngineMaterials/Substrate/GLints/dict_16_192_64_0p5_0p02_0051_0002" 5363
"/Engine/EngineMaterials/Substrate/GLints/dict_16_192_64_0p5_0p02_0050_0002" 5364
"../../../Engine/Content/EngineMaterials/Substrate/GLints/dict_16_192_64_0p5_0p02_0049_0002.uasset" 5365
"../../../Engine/Content/EngineMaterials/Substrate/GLints/dict_16_192_64_0p5_0p02_0049_0001.uasset" 5366
"../../../Engine/Content/EngineMaterials/Substrate/GLints/dict_16_192_64_0p5_0p02_0049_0000.uasset" 5367
"/Engine/EngineMaterials/Substrate/GLints/dict_16_192_64_0p5_0p02_0049_0003" 5368
"../../../Engine/Content/EngineMaterials/Substrate/GLints/dict_16_192_64_0p5_0p02_0048_0015.uasset" 5369
"../../../Engine/Content/EngineMaterials/Substrate/GLints/dict_16_192_64_0p5_0p02_0048_0014.uasset" 5370
"../../../Engine/Content/EngineMaterials/Substrate/GLints/dict_16_192_64_0p5_0p02_0048_0013.uasset" 5371
"../../../Engine/Content/EngineMaterials/Substrate/GLints/dict_16_192_64_0p5_0p02_0048_0012.uasset" 5372
"../../../Engine/Content/EngineMaterials/Substrate/GLints/dict_16_192_64_0p5_0p02_0048_0011.uasset" 5373
"../../../Engine/Content/EngineMaterials/Substrate/GLints/dict_16_192_64_0p5_0p02_0048_0010.uasset" 5374
"/Engine/EngineMaterials/Substrate/GLints/dict_16_192_64_0p5_0p02_0049_0004" 5375
"../../../Engine/Content/EngineMaterials/Substrate/GLints/dict_16_192_64_0p5_0p02_0048_0009.uasset" 5376
"../../../Engine/Content/EngineMaterials/Substrate/GLints/dict_16_192_64_0p5_0p02_0048_0008.uasset" 5377
"../../../Engine/Content/EngineMaterials/Substrate/GLints/dict_16_192_64_0p5_0p02_0048_0007.uasset" 5378
"../../../Engine/Content/EngineMaterials/Substrate/GLints/dict_16_192_64_0p5_0p02_0048_0006.uasset" 5379
"../../../Engine/Content/EngineMaterials/Substrate/GLints/dict_16_192_64_0p5_0p02_0048_0005.uasset" 5380
"../../../Engine/Content/EngineMaterials/Substrate/GLints/dict_16_192_64_0p5_0p02_0048_0004.uasset" 5381
"../../../Engine/Content/EngineMaterials/Substrate/GLints/dict_16_192_64_0p5_0p02_0048_0003.uasset" 5382
"../../../Engine/Content/EngineMaterials/Substrate/GLints/dict_16_192_64_0p5_0p02_0048_0002.uasset" 5383
"/Engine/EngineMaterials/Substrate/GLints/dict_16_192_64_0p5_0p02_0049_0005" 5384
"/Engine/EngineMaterials/Substrate/GLints/dict_16_192_64_0p5_0p02_0049_0006" 5385
"/Engine/EngineMaterials/Substrate/GLints/dict_16_192_64_0p5_0p02_0049_0007" 5386
"/Engine/EngineMaterials/Substrate/GLints/dict_16_192_64_0p5_0p02_0049_0008" 5387
"/Engine/EngineMaterials/Substrate/GLints/dict_16_192_64_0p5_0p02_0049_0009" 5388
"/Engine/EngineMaterials/Substrate/GLints/dict_16_192_64_0p5_0p02_0049_0010" 5389
"/Engine/EngineMaterials/Substrate/GLints/dict_16_192_64_0p5_0p02_0049_0011" 5390
"/Engine/EngineMaterials/Substrate/GLints/dict_16_192_64_0p5_0p02_0049_0012" 5391
"/Engine/EngineMaterials/Substrate/GLints/dict_16_192_64_0p5_0p02_0049_0013" 5392
"/Engine/EngineMaterials/Substrate/GLints/dict_16_192_64_0p5_0p02_0049_0014" 5393
"/Engine/EngineMaterials/Substrate/GLints/dict_16_192_64_0p5_0p02_0049_0015" 5394
"/Engine/EngineMaterials/Substrate/GLints/dict_16_192_64_0p5_0p02_0050_0000" 5395
"/Engine/EngineMaterials/Substrate/GLints/dict_16_192_64_0p5_0p02_0050_0001" 5396
"/Engine/EngineMaterials/Substrate/GLints/dict_16_192_64_0p5_0p02_0049_0001" 5397
"/Engine/EngineMaterials/Substrate/GLints/dict_16_192_64_0p5_0p02_0049_0002" 5398
"../../../Engine/Content/EngineMaterials/Substrate/GLints/dict_16_192_64_0p5_0p02_0048_0001.uasset" 5399
"../../../Engine/Content/EngineMaterials/Substrate/GLints/dict_16_192_64_0p5_0p02_0048_0000.uasset" 5400
"/Engine/EngineMaterials/Substrate/GLints/dict_16_192_64_0p5_0p02_0048_0002" 5401
"../../../Engine/Content/EngineMaterials/Substrate/GLints/dict_16_192_64_0p5_0p02_0047_0015.uasset" 5402
"../../../Engine/Content/EngineMaterials/Substrate/GLints/dict_16_192_64_0p5_0p02_0047_0014.uasset" 5403
"../../../Engine/Content/EngineMaterials/Substrate/GLints/dict_16_192_64_0p5_0p02_0047_0012.uasset" 5404
"../../../Engine/Content/EngineMaterials/Substrate/GLints/dict_16_192_64_0p5_0p02_0047_0013.uasset" 5405
"../../../Engine/Content/EngineMaterials/Substrate/GLints/dict_16_192_64_0p5_0p02_0047_0011.uasset" 5406
"../../../Engine/Content/EngineMaterials/Substrate/GLints/dict_16_192_64_0p5_0p02_0047_0010.uasset" 5407
"/Engine/EngineMaterials/Substrate/GLints/dict_16_192_64_0p5_0p02_0048_0003" 5408
"../../../Engine/Content/EngineMaterials/Substrate/GLints/dict_16_192_64_0p5_0p02_0047_0009.uasset" 5409
"../../../Engine/Content/EngineMaterials/Substrate/GLints/dict_16_192_64_0p5_0p02_0047_0008.uasset" 5410
"../../../Engine/Content/EngineMaterials/Substrate/GLints/dict_16_192_64_0p5_0p02_0047_0007.uasset" 5411
"../../../Engine/Content/EngineMaterials/Substrate/GLints/dict_16_192_64_0p5_0p02_0047_0006.uasset" 5412
"../../../Engine/Content/EngineMaterials/Substrate/GLints/dict_16_192_64_0p5_0p02_0047_0005.uasset" 5413
"../../../Engine/Content/EngineMaterials/Substrate/GLints/dict_16_192_64_0p5_0p02_0047_0004.uasset" 5414
"../../../Engine/Content/EngineMaterials/Substrate/GLints/dict_16_192_64_0p5_0p02_0047_0003.uasset" 5415
"../../../Engine/Content/EngineMaterials/Substrate/GLints/dict_16_192_64_0p5_0p02_0047_0002.uasset" 5416
"../../../Engine/Content/EngineMaterials/Substrate/GLints/dict_16_192_64_0p5_0p02_0047_0001.uasset" 5417
"/Engine/EngineMaterials/Substrate/GLints/dict_16_192_64_0p5_0p02_0048_0004" 5418
"/Engine/EngineMaterials/Substrate/GLints/dict_16_192_64_0p5_0p02_0048_0005" 5419
"/Engine/EngineMaterials/Substrate/GLints/dict_16_192_64_0p5_0p02_0048_0006" 5420
"/Engine/EngineMaterials/Substrate/GLints/dict_16_192_64_0p5_0p02_0048_0007" 5421
"/Engine/EngineMaterials/Substrate/GLints/dict_16_192_64_0p5_0p02_0048_0008" 5422
"/Engine/EngineMaterials/Substrate/GLints/dict_16_192_64_0p5_0p02_0048_0009" 5423
"/Engine/EngineMaterials/Substrate/GLints/dict_16_192_64_0p5_0p02_0048_0010" 5424
"/Engine/EngineMaterials/Substrate/GLints/dict_16_192_64_0p5_0p02_0048_0011" 5425
"/Engine/EngineMaterials/Substrate/GLints/dict_16_192_64_0p5_0p02_0048_0012" 5426
"/Engine/EngineMaterials/Substrate/GLints/dict_16_192_64_0p5_0p02_0048_0013" 5427
"/Engine/EngineMaterials/Substrate/GLints/dict_16_192_64_0p5_0p02_0048_0014" 5428
"/Engine/EngineMaterials/Substrate/GLints/dict_16_192_64_0p5_0p02_0048_0015" 5429
"/Engine/EngineMaterials/Substrate/GLints/dict_16_192_64_0p5_0p02_0049_0000" 5430
"/Engine/EngineMaterials/Substrate/GLints/dict_16_192_64_0p5_0p02_0048_0000" 5431
"/Engine/EngineMaterials/Substrate/GLints/dict_16_192_64_0p5_0p02_0048_0001" 5432
"../../../Engine/Content/EngineMaterials/Substrate/GLints/dict_16_192_64_0p5_0p02_0047_0000.uasset" 5433
"../../../Engine/Content/EngineMaterials/Substrate/GLints/dict_16_192_64_0p5_0p02_0046_0015.uasset" 5434
"/Engine/EngineMaterials/Substrate/GLints/dict_16_192_64_0p5_0p02_0047_0001" 5435
"../../../Engine/Content/EngineMaterials/Substrate/GLints/dict_16_192_64_0p5_0p02_0046_0014.uasset" 5436
"../../../Engine/Content/EngineMaterials/Substrate/GLints/dict_16_192_64_0p5_0p02_0046_0013.uasset" 5437
"../../../Engine/Content/EngineMaterials/Substrate/GLints/dict_16_192_64_0p5_0p02_0046_0011.uasset" 5438
"../../../Engine/Content/EngineMaterials/Substrate/GLints/dict_16_192_64_0p5_0p02_0046_0012.uasset" 5439
"../../../Engine/Content/EngineMaterials/Substrate/GLints/dict_16_192_64_0p5_0p02_0046_0010.uasset" 5440
"../../../Engine/Content/EngineMaterials/Substrate/GLints/dict_16_192_64_0p5_0p02_0046_0009.uasset" 5441
"../../../Engine/Content/EngineMaterials/Substrate/GLints/dict_16_192_64_0p5_0p02_0046_0008.uasset" 5442
"../../../Engine/Content/EngineMaterials/Substrate/GLints/dict_16_192_64_0p5_0p02_0046_0007.uasset" 5443
"/Engine/EngineMaterials/Substrate/GLints/dict_16_192_64_0p5_0p02_0047_0002" 5444
"../../../Engine/Content/EngineMaterials/Substrate/GLints/dict_16_192_64_0p5_0p02_0046_0006.uasset" 5445
"../../../Engine/Content/EngineMaterials/Substrate/GLints/dict_16_192_64_0p5_0p02_0046_0005.uasset" 5446
"../../../Engine/Content/EngineMaterials/Substrate/GLints/dict_16_192_64_0p5_0p02_0046_0004.uasset" 5447
"../../../Engine/Content/EngineMaterials/Substrate/GLints/dict_16_192_64_0p5_0p02_0046_0003.uasset" 5448
"../../../Engine/Content/EngineMaterials/Substrate/GLints/dict_16_192_64_0p5_0p02_0046_0002.uasset" 5449
"../../../Engine/Content/EngineMaterials/Substrate/GLints/dict_16_192_64_0p5_0p02_0046_0001.uasset" 5450
"../../../Engine/Content/EngineMaterials/Substrate/GLints/dict_16_192_64_0p5_0p02_0046_0000.uasset" 5451
"/Engine/EngineMaterials/Substrate/GLints/dict_16_192_64_0p5_0p02_0047_0003" 5452
"/Engine/EngineMaterials/Substrate/GLints/dict_16_192_64_0p5_0p02_0047_0004" 5453
"/Engine/EngineMaterials/Substrate/GLints/dict_16_192_64_0p5_0p02_0047_0005" 5454
"/Engine/EngineMaterials/Substrate/GLints/dict_16_192_64_0p5_0p02_0047_0006" 5455
"/Engine/EngineMaterials/Substrate/GLints/dict_16_192_64_0p5_0p02_0047_0007" 5456
"/Engine/EngineMaterials/Substrate/GLints/dict_16_192_64_0p5_0p02_0047_0008" 5457
"/Engine/EngineMaterials/Substrate/GLints/dict_16_192_64_0p5_0p02_0047_0009" 5458
"/Engine/EngineMaterials/Substrate/GLints/dict_16_192_64_0p5_0p02_0047_0010" 5459
"/Engine/EngineMaterials/Substrate/GLints/dict_16_192_64_0p5_0p02_0047_0011" 5460
"/Engine/EngineMaterials/Substrate/GLints/dict_16_192_64_0p5_0p02_0047_0012" 5461
"/Engine/EngineMaterials/Substrate/GLints/dict_16_192_64_0p5_0p02_0047_0013" 5462
"/Engine/EngineMaterials/Substrate/GLints/dict_16_192_64_0p5_0p02_0047_0014" 5463
"/Engine/EngineMaterials/Substrate/GLints/dict_16_192_64_0p5_0p02_0047_0015" 5464
"/Engine/EngineMaterials/Substrate/GLints/dict_16_192_64_0p5_0p02_0046_0015" 5465
"/Engine/EngineMaterials/Substrate/GLints/dict_16_192_64_0p5_0p02_0047_0000" 5466
"../../../Engine/Content/EngineMaterials/Substrate/GLints/dict_16_192_64_0p5_0p02_0045_0015.uasset" 5467
"../../../Engine/Content/EngineMaterials/Substrate/GLints/dict_16_192_64_0p5_0p02_0045_0014.uasset" 5468
"../../../Engine/Content/EngineMaterials/Substrate/GLints/dict_16_192_64_0p5_0p02_0045_0013.uasset" 5469
"../../../Engine/Content/EngineMaterials/Substrate/GLints/dict_16_192_64_0p5_0p02_0045_0012.uasset" 5470
"/Engine/EngineMaterials/Substrate/GLints/dict_16_192_64_0p5_0p02_0046_0000" 5471
"../../../Engine/Content/EngineMaterials/Substrate/GLints/dict_16_192_64_0p5_0p02_0045_0011.uasset" 5472
"../../../Engine/Content/EngineMaterials/Substrate/GLints/dict_16_192_64_0p5_0p02_0045_0010.uasset" 5473
"../../../Engine/Content/EngineMaterials/Substrate/GLints/dict_16_192_64_0p5_0p02_0045_0009.uasset" 5474
"../../../Engine/Content/EngineMaterials/Substrate/GLints/dict_16_192_64_0p5_0p02_0045_0008.uasset" 5475
"../../../Engine/Content/EngineMaterials/Substrate/GLints/dict_16_192_64_0p5_0p02_0045_0007.uasset" 5476
"../../../Engine/Content/EngineMaterials/Substrate/GLints/dict_16_192_64_0p5_0p02_0045_0005.uasset" 5477
"../../../Engine/Content/EngineMaterials/Substrate/GLints/dict_16_192_64_0p5_0p02_0045_0006.uasset" 5478
"../../../Engine/Content/EngineMaterials/Substrate/GLints/dict_16_192_64_0p5_0p02_0045_0004.uasset" 5479
"../../../Engine/Content/EngineMaterials/Substrate/GLints/dict_16_192_64_0p5_0p02_0045_0003.uasset" 5480
"/Engine/EngineMaterials/Substrate/GLints/dict_16_192_64_0p5_0p02_0046_0001" 5481
"../../../Engine/Content/EngineMaterials/Substrate/GLints/dict_16_192_64_0p5_0p02_0045_0002.uasset" 5482
"../../../Engine/Content/EngineMaterials/Substrate/GLints/dict_16_192_64_0p5_0p02_0045_0001.uasset" 5483
"../../../Engine/Content/EngineMaterials/Substrate/GLints/dict_16_192_64_0p5_0p02_0045_0000.uasset" 5484
"../../../Engine/Content/EngineMaterials/Substrate/GLints/dict_16_192_64_0p5_0p02_0044_0015.uasset" 5485
"/Engine/EngineMaterials/Substrate/GLints/dict_16_192_64_0p5_0p02_0046_0002" 5486
"/Engine/EngineMaterials/Substrate/GLints/dict_16_192_64_0p5_0p02_0046_0003" 5487
"/Engine/EngineMaterials/Substrate/GLints/dict_16_192_64_0p5_0p02_0046_0004" 5488
"/Engine/EngineMaterials/Substrate/GLints/dict_16_192_64_0p5_0p02_0046_0005" 5489
"/Engine/EngineMaterials/Substrate/GLints/dict_16_192_64_0p5_0p02_0046_0006" 5490
"/Engine/EngineMaterials/Substrate/GLints/dict_16_192_64_0p5_0p02_0046_0007" 5491
"/Engine/EngineMaterials/Substrate/GLints/dict_16_192_64_0p5_0p02_0046_0008" 5492
"/Engine/EngineMaterials/Substrate/GLints/dict_16_192_64_0p5_0p02_0046_0009" 5493
"/Engine/EngineMaterials/Substrate/GLints/dict_16_192_64_0p5_0p02_0046_0010" 5494
"/Engine/EngineMaterials/Substrate/GLints/dict_16_192_64_0p5_0p02_0046_0011" 5495
"/Engine/EngineMaterials/Substrate/GLints/dict_16_192_64_0p5_0p02_0046_0012" 5496
"/Engine/EngineMaterials/Substrate/GLints/dict_16_192_64_0p5_0p02_0046_0013" 5497
"/Engine/EngineMaterials/Substrate/GLints/dict_16_192_64_0p5_0p02_0046_0014" 5498
"/Engine/EngineMaterials/Substrate/GLints/dict_16_192_64_0p5_0p02_0045_0014" 5499
"/Engine/EngineMaterials/Substrate/GLints/dict_16_192_64_0p5_0p02_0045_0015" 5500
"../../../Engine/Content/EngineMaterials/Substrate/GLints/dict_16_192_64_0p5_0p02_0044_0014.uasset" 5501
"../../../Engine/Content/EngineMaterials/Substrate/GLints/dict_16_192_64_0p5_0p02_0044_0013.uasset" 5502
"../../../Engine/Content/EngineMaterials/Substrate/GLints/dict_16_192_64_0p5_0p02_0044_0012.uasset" 5503
"/Engine/EngineMaterials/Substrate/GLints/dict_16_192_64_0p5_0p02_0044_0015" 5504
"../../../Engine/Content/EngineMaterials/Substrate/GLints/dict_16_192_64_0p5_0p02_0044_0011.uasset" 5505
"../../../Engine/Content/EngineMaterials/Substrate/GLints/dict_16_192_64_0p5_0p02_0044_0010.uasset" 5506
"../../../Engine/Content/EngineMaterials/Substrate/GLints/dict_16_192_64_0p5_0p02_0044_0009.uasset" 5507
"../../../Engine/Content/EngineMaterials/Substrate/GLints/dict_16_192_64_0p5_0p02_0044_0008.uasset" 5508
"../../../Engine/Content/EngineMaterials/Substrate/GLints/dict_16_192_64_0p5_0p02_0044_0007.uasset" 5509
"../../../Engine/Content/EngineMaterials/Substrate/GLints/dict_16_192_64_0p5_0p02_0044_0006.uasset" 5510
"../../../Engine/Content/EngineMaterials/Substrate/GLints/dict_16_192_64_0p5_0p02_0044_0005.uasset" 5511
"/Engine/EngineMaterials/Substrate/GLints/dict_16_192_64_0p5_0p02_0045_0000" 5512
"../../../Engine/Content/EngineMaterials/Substrate/GLints/dict_16_192_64_0p5_0p02_0044_0004.uasset" 5513
"../../../Engine/Content/EngineMaterials/Substrate/GLints/dict_16_192_64_0p5_0p02_0044_0003.uasset" 5514
"../../../Engine/Content/EngineMaterials/Substrate/GLints/dict_16_192_64_0p5_0p02_0044_0002.uasset" 5515
"../../../Engine/Content/EngineMaterials/Substrate/GLints/dict_16_192_64_0p5_0p02_0044_0001.uasset" 5516
"../../../Engine/Content/EngineMaterials/Substrate/GLints/dict_16_192_64_0p5_0p02_0043_0015.uasset" 5517
"../../../Engine/Content/EngineMaterials/Substrate/GLints/dict_16_192_64_0p5_0p02_0044_0000.uasset" 5518
"../../../Engine/Content/EngineMaterials/Substrate/GLints/dict_16_192_64_0p5_0p02_0043_0014.uasset" 5519
"/Engine/EngineMaterials/Substrate/GLints/dict_16_192_64_0p5_0p02_0045_0001" 5520
"/Engine/EngineMaterials/Substrate/GLints/dict_16_192_64_0p5_0p02_0045_0002" 5521
"/Engine/EngineMaterials/Substrate/GLints/dict_16_192_64_0p5_0p02_0045_0003" 5522
"/Engine/EngineMaterials/Substrate/GLints/dict_16_192_64_0p5_0p02_0045_0004" 5523
"/Engine/EngineMaterials/Substrate/GLints/dict_16_192_64_0p5_0p02_0045_0005" 5524
"/Engine/EngineMaterials/Substrate/GLints/dict_16_192_64_0p5_0p02_0045_0006" 5525
"/Engine/EngineMaterials/Substrate/GLints/dict_16_192_64_0p5_0p02_0045_0007" 5526
"/Engine/EngineMaterials/Substrate/GLints/dict_16_192_64_0p5_0p02_0045_0008" 5527
"/Engine/EngineMaterials/Substrate/GLints/dict_16_192_64_0p5_0p02_0045_0009" 5528
"/Engine/EngineMaterials/Substrate/GLints/dict_16_192_64_0p5_0p02_0045_0010" 5529
"/Engine/EngineMaterials/Substrate/GLints/dict_16_192_64_0p5_0p02_0045_0011" 5530
"/Engine/EngineMaterials/Substrate/GLints/dict_16_192_64_0p5_0p02_0045_0012" 5531
"/Engine/EngineMaterials/Substrate/GLints/dict_16_192_64_0p5_0p02_0045_0013" 5532
"/Engine/EngineMaterials/Substrate/GLints/dict_16_192_64_0p5_0p02_0044_0013" 5533
"/Engine/EngineMaterials/Substrate/GLints/dict_16_192_64_0p5_0p02_0044_0014" 5534
"../../../Engine/Content/EngineMaterials/Substrate/GLints/dict_16_192_64_0p5_0p02_0043_0013.uasset" 5535
"../../../Engine/Content/EngineMaterials/Substrate/GLints/dict_16_192_64_0p5_0p02_0043_0012.uasset" 5536
"/Engine/EngineMaterials/Substrate/GLints/dict_16_192_64_0p5_0p02_0043_0014" 5537
"../../../Engine/Content/EngineMaterials/Substrate/GLints/dict_16_192_64_0p5_0p02_0043_0011.uasset" 5538
"../../../Engine/Content/EngineMaterials/Substrate/GLints/dict_16_192_64_0p5_0p02_0043_0010.uasset" 5539
"../../../Engine/Content/EngineMaterials/Substrate/GLints/dict_16_192_64_0p5_0p02_0043_0009.uasset" 5540
"../../../Engine/Content/EngineMaterials/Substrate/GLints/dict_16_192_64_0p5_0p02_0043_0008.uasset" 5541
"../../../Engine/Content/EngineMaterials/Substrate/GLints/dict_16_192_64_0p5_0p02_0043_0007.uasset" 5542
"../../../Engine/Content/EngineMaterials/Substrate/GLints/dict_16_192_64_0p5_0p02_0043_0006.uasset" 5543
"../../../Engine/Content/EngineMaterials/Substrate/GLints/dict_16_192_64_0p5_0p02_0043_0005.uasset" 5544
"../../../Engine/Content/EngineMaterials/Substrate/GLints/dict_16_192_64_0p5_0p02_0043_0004.uasset" 5545
"/Engine/EngineMaterials/Substrate/GLints/dict_16_192_64_0p5_0p02_0043_0015" 5546
"../../../Engine/Content/EngineMaterials/Substrate/GLints/dict_16_192_64_0p5_0p02_0043_0003.uasset" 5547
"../../../Engine/Content/EngineMaterials/Substrate/GLints/dict_16_192_64_0p5_0p02_0043_0002.uasset" 5548
"../../../Engine/Content/EngineMaterials/Substrate/GLints/dict_16_192_64_0p5_0p02_0043_0001.uasset" 5549
"../../../Engine/Content/EngineMaterials/Substrate/GLints/dict_16_192_64_0p5_0p02_0043_0000.uasset" 5550
"../../../Engine/Content/EngineMaterials/Substrate/GLints/dict_16_192_64_0p5_0p02_0042_0014.uasset" 5551
"../../../Engine/Content/EngineMaterials/Substrate/GLints/dict_16_192_64_0p5_0p02_0042_0015.uasset" 5552
"/Engine/EngineMaterials/Substrate/GLints/dict_16_192_64_0p5_0p02_0044_0000" 5553
"../../../Engine/Content/EngineMaterials/Substrate/GLints/dict_16_192_64_0p5_0p02_0042_0013.uasset" 5554
"/Engine/EngineMaterials/Substrate/GLints/dict_16_192_64_0p5_0p02_0044_0001" 5555
"/Engine/EngineMaterials/Substrate/GLints/dict_16_192_64_0p5_0p02_0044_0002" 5556
"/Engine/EngineMaterials/Substrate/GLints/dict_16_192_64_0p5_0p02_0044_0003" 5557
"/Engine/EngineMaterials/Substrate/GLints/dict_16_192_64_0p5_0p02_0044_0004" 5558
"/Engine/EngineMaterials/Substrate/GLints/dict_16_192_64_0p5_0p02_0044_0005" 5559
"/Engine/EngineMaterials/Substrate/GLints/dict_16_192_64_0p5_0p02_0044_0006" 5560
"/Engine/EngineMaterials/Substrate/GLints/dict_16_192_64_0p5_0p02_0044_0007" 5561
"/Engine/EngineMaterials/Substrate/GLints/dict_16_192_64_0p5_0p02_0044_0008" 5562
"/Engine/EngineMaterials/Substrate/GLints/dict_16_192_64_0p5_0p02_0044_0009" 5563
"/Engine/EngineMaterials/Substrate/GLints/dict_16_192_64_0p5_0p02_0044_0010" 5564
"/Engine/EngineMaterials/Substrate/GLints/dict_16_192_64_0p5_0p02_0044_0011" 5565
"/Engine/EngineMaterials/Substrate/GLints/dict_16_192_64_0p5_0p02_0044_0012" 5566
"/Engine/EngineMaterials/Substrate/GLints/dict_16_192_64_0p5_0p02_0043_0013" 5567
"../../../Engine/Content/EngineMaterials/Substrate/GLints/dict_16_192_64_0p5_0p02_0042_0012.uasset" 5568
"../../../Engine/Content/EngineMaterials/Substrate/GLints/dict_16_192_64_0p5_0p02_0042_0011.uasset" 5569
"../../../Engine/Content/EngineMaterials/Substrate/GLints/dict_16_192_64_0p5_0p02_0042_0010.uasset" 5570
"../../../Engine/Content/EngineMaterials/Substrate/GLints/dict_16_192_64_0p5_0p02_0042_0009.uasset" 5571
"/Engine/EngineMaterials/Substrate/GLints/dict_16_192_64_0p5_0p02_0042_0013" 5572
"../../../Engine/Content/EngineMaterials/Substrate/GLints/dict_16_192_64_0p5_0p02_0042_0008.uasset" 5573
"../../../Engine/Content/EngineMaterials/Substrate/GLints/dict_16_192_64_0p5_0p02_0042_0007.uasset" 5574
"../../../Engine/Content/EngineMaterials/Substrate/GLints/dict_16_192_64_0p5_0p02_0042_0006.uasset" 5575
"../../../Engine/Content/EngineMaterials/Substrate/GLints/dict_16_192_64_0p5_0p02_0042_0005.uasset" 5576
"../../../Engine/Content/EngineMaterials/Substrate/GLints/dict_16_192_64_0p5_0p02_0042_0004.uasset" 5577
"../../../Engine/Content/EngineMaterials/Substrate/GLints/dict_16_192_64_0p5_0p02_0042_0003.uasset" 5578
"/Engine/EngineMaterials/Substrate/GLints/dict_16_192_64_0p5_0p02_0042_0014" 5579
"../../../Engine/Content/EngineMaterials/Substrate/GLints/dict_16_192_64_0p5_0p02_0042_0001.uasset" 5580
"../../../Engine/Content/EngineMaterials/Substrate/GLints/dict_16_192_64_0p5_0p02_0042_0002.uasset" 5581
"../../../Engine/Content/EngineMaterials/Substrate/GLints/dict_16_192_64_0p5_0p02_0042_0000.uasset" 5582
"../../../Engine/Content/EngineMaterials/Substrate/GLints/dict_16_192_64_0p5_0p02_0041_0015.uasset" 5583
"../../../Engine/Content/EngineMaterials/Substrate/GLints/dict_16_192_64_0p5_0p02_0041_0014.uasset" 5584
"../../../Engine/Content/EngineMaterials/Substrate/GLints/dict_16_192_64_0p5_0p02_0041_0013.uasset" 5585
"/Engine/EngineMaterials/Substrate/GLints/dict_16_192_64_0p5_0p02_0042_0015" 5586
"/Engine/EngineMaterials/Substrate/GLints/dict_16_192_64_0p5_0p02_0043_0000" 5587
"/Engine/EngineMaterials/Substrate/GLints/dict_16_192_64_0p5_0p02_0043_0001" 5588
"/Engine/EngineMaterials/Substrate/GLints/dict_16_192_64_0p5_0p02_0043_0002" 5589
"/Engine/EngineMaterials/Substrate/GLints/dict_16_192_64_0p5_0p02_0043_0003" 5590
"/Engine/EngineMaterials/Substrate/GLints/dict_16_192_64_0p5_0p02_0043_0004" 5591
"/Engine/EngineMaterials/Substrate/GLints/dict_16_192_64_0p5_0p02_0043_0005" 5592
"/Engine/EngineMaterials/Substrate/GLints/dict_16_192_64_0p5_0p02_0043_0006" 5593
"/Engine/EngineMaterials/Substrate/GLints/dict_16_192_64_0p5_0p02_0043_0007" 5594
"/Engine/EngineMaterials/Substrate/GLints/dict_16_192_64_0p5_0p02_0043_0008" 5595
"/Engine/EngineMaterials/Substrate/GLints/dict_16_192_64_0p5_0p02_0043_0009" 5596
"/Engine/EngineMaterials/Substrate/GLints/dict_16_192_64_0p5_0p02_0043_0010" 5597
"/Engine/EngineMaterials/Substrate/GLints/dict_16_192_64_0p5_0p02_0043_0011" 5598
"/Engine/EngineMaterials/Substrate/GLints/dict_16_192_64_0p5_0p02_0042_0011" 5599
"/Engine/EngineMaterials/Substrate/GLints/dict_16_192_64_0p5_0p02_0043_0012" 5600
"/Engine/EngineMaterials/Substrate/GLints/dict_16_192_64_0p5_0p02_0042_0012" 5601
"../../../Engine/Content/EngineMaterials/Substrate/GLints/dict_16_192_64_0p5_0p02_0041_0012.uasset" 5602
"../../../Engine/Content/EngineMaterials/Substrate/GLints/dict_16_192_64_0p5_0p02_0041_0011.uasset" 5603
"../../../Engine/Content/EngineMaterials/Substrate/GLints/dict_16_192_64_0p5_0p02_0041_0010.uasset" 5604
"../../../Engine/Content/EngineMaterials/Substrate/GLints/dict_16_192_64_0p5_0p02_0041_0009.uasset" 5605
"/Engine/EngineMaterials/Substrate/GLints/dict_16_192_64_0p5_0p02_0041_0013" 5606
"../../../Engine/Content/EngineMaterials/Substrate/GLints/dict_16_192_64_0p5_0p02_0041_0008.uasset" 5607
"../../../Engine/Content/EngineMaterials/Substrate/GLints/dict_16_192_64_0p5_0p02_0041_0007.uasset" 5608
"../../../Engine/Content/EngineMaterials/Substrate/GLints/dict_16_192_64_0p5_0p02_0041_0006.uasset" 5609
"../../../Engine/Content/EngineMaterials/Substrate/GLints/dict_16_192_64_0p5_0p02_0041_0005.uasset" 5610
"../../../Engine/Content/EngineMaterials/Substrate/GLints/dict_16_192_64_0p5_0p02_0041_0004.uasset" 5611
"../../../Engine/Content/EngineMaterials/Substrate/GLints/dict_16_192_64_0p5_0p02_0041_0003.uasset" 5612
"../../../Engine/Content/EngineMaterials/Substrate/GLints/dict_16_192_64_0p5_0p02_0041_0002.uasset" 5613
"../../../Engine/Content/EngineMaterials/Substrate/GLints/dict_16_192_64_0p5_0p02_0041_0001.uasset" 5614
"../../../Engine/Content/EngineMaterials/Substrate/GLints/dict_16_192_64_0p5_0p02_0041_0000.uasset" 5615
"../../../Engine/Content/EngineMaterials/Substrate/GLints/dict_16_192_64_0p5_0p02_0040_0015.uasset" 5616
"/Engine/EngineMaterials/Substrate/GLints/dict_16_192_64_0p5_0p02_0041_0014" 5617
"../../../Engine/Content/EngineMaterials/Substrate/GLints/dict_16_192_64_0p5_0p02_0040_0013.uasset" 5618
"../../../Engine/Content/EngineMaterials/Substrate/GLints/dict_16_192_64_0p5_0p02_0040_0014.uasset" 5619
"../../../Engine/Content/EngineMaterials/Substrate/GLints/dict_16_192_64_0p5_0p02_0040_0012.uasset" 5620
"../../../Engine/Content/EngineMaterials/Substrate/GLints/dict_16_192_64_0p5_0p02_0040_0011.uasset" 5621
"/Engine/EngineMaterials/Substrate/GLints/dict_16_192_64_0p5_0p02_0041_0015" 5622
"/Engine/EngineMaterials/Substrate/GLints/dict_16_192_64_0p5_0p02_0042_0000" 5623
"/Engine/EngineMaterials/Substrate/GLints/dict_16_192_64_0p5_0p02_0042_0001" 5624
"/Engine/EngineMaterials/Substrate/GLints/dict_16_192_64_0p5_0p02_0042_0002" 5625
"/Engine/EngineMaterials/Substrate/GLints/dict_16_192_64_0p5_0p02_0042_0003" 5626
"/Engine/EngineMaterials/Substrate/GLints/dict_16_192_64_0p5_0p02_0042_0004" 5627
"/Engine/EngineMaterials/Substrate/GLints/dict_16_192_64_0p5_0p02_0042_0005" 5628
"/Engine/EngineMaterials/Substrate/GLints/dict_16_192_64_0p5_0p02_0042_0006" 5629
"/Engine/EngineMaterials/Substrate/GLints/dict_16_192_64_0p5_0p02_0042_0007" 5630
"/Engine/EngineMaterials/Substrate/GLints/dict_16_192_64_0p5_0p02_0042_0008" 5631
"/Engine/EngineMaterials/Substrate/GLints/dict_16_192_64_0p5_0p02_0042_0009" 5632
"/Engine/EngineMaterials/Substrate/GLints/dict_16_192_64_0p5_0p02_0042_0010" 5633
"/Engine/EngineMaterials/Substrate/GLints/dict_16_192_64_0p5_0p02_0041_0011" 5634
"/Engine/EngineMaterials/Substrate/GLints/dict_16_192_64_0p5_0p02_0041_0012" 5635
"../../../Engine/Content/EngineMaterials/Substrate/GLints/dict_16_192_64_0p5_0p02_0040_0010.uasset" 5636
"../../../Engine/Content/EngineMaterials/Substrate/GLints/dict_16_192_64_0p5_0p02_0040_0009.uasset" 5637
"/Engine/EngineMaterials/Substrate/GLints/dict_16_192_64_0p5_0p02_0040_0011" 5638
"../../../Engine/Content/EngineMaterials/Substrate/GLints/dict_16_192_64_0p5_0p02_0040_0008.uasset" 5639
"../../../Engine/Content/EngineMaterials/Substrate/GLints/dict_16_192_64_0p5_0p02_0040_0007.uasset" 5640
"../../../Engine/Content/EngineMaterials/Substrate/GLints/dict_16_192_64_0p5_0p02_0040_0006.uasset" 5641
"../../../Engine/Content/EngineMaterials/Substrate/GLints/dict_16_192_64_0p5_0p02_0040_0005.uasset" 5642
"../../../Engine/Content/EngineMaterials/Substrate/GLints/dict_16_192_64_0p5_0p02_0040_0004.uasset" 5643
"../../../Engine/Content/EngineMaterials/Substrate/GLints/dict_16_192_64_0p5_0p02_0040_0003.uasset" 5644
"/Engine/EngineMaterials/Substrate/GLints/dict_16_192_64_0p5_0p02_0040_0012" 5645
"../../../Engine/Content/EngineMaterials/Substrate/GLints/dict_16_192_64_0p5_0p02_0040_0001.uasset" 5646
"../../../Engine/Content/EngineMaterials/Substrate/GLints/dict_16_192_64_0p5_0p02_0040_0002.uasset" 5647
"../../../Engine/Content/EngineMaterials/Substrate/GLints/dict_16_192_64_0p5_0p02_0040_0000.uasset" 5648
"../../../Engine/Content/EngineMaterials/Substrate/GLints/dict_16_192_64_0p5_0p02_0039_0015.uasset" 5649
"../../../Engine/Content/EngineMaterials/Substrate/GLints/dict_16_192_64_0p5_0p02_0039_0014.uasset" 5650
"../../../Engine/Content/EngineMaterials/Substrate/GLints/dict_16_192_64_0p5_0p02_0039_0013.uasset" 5651
"../../../Engine/Content/EngineMaterials/Substrate/GLints/dict_16_192_64_0p5_0p02_0039_0012.uasset" 5652
"/Engine/EngineMaterials/Substrate/GLints/dict_16_192_64_0p5_0p02_0040_0013" 5653
"../../../Engine/Content/EngineMaterials/Substrate/GLints/dict_16_192_64_0p5_0p02_0039_0011.uasset" 5654
"/Engine/EngineMaterials/Substrate/GLints/dict_16_192_64_0p5_0p02_0040_0014" 5655
"/Engine/EngineMaterials/Substrate/GLints/dict_16_192_64_0p5_0p02_0040_0015" 5656
"/Engine/EngineMaterials/Substrate/GLints/dict_16_192_64_0p5_0p02_0041_0000" 5657
"/Engine/EngineMaterials/Substrate/GLints/dict_16_192_64_0p5_0p02_0041_0001" 5658
"/Engine/EngineMaterials/Substrate/GLints/dict_16_192_64_0p5_0p02_0041_0002" 5659
"/Engine/EngineMaterials/Substrate/GLints/dict_16_192_64_0p5_0p02_0041_0003" 5660
"/Engine/EngineMaterials/Substrate/GLints/dict_16_192_64_0p5_0p02_0041_0004" 5661
"/Engine/EngineMaterials/Substrate/GLints/dict_16_192_64_0p5_0p02_0041_0005" 5662
"/Engine/EngineMaterials/Substrate/GLints/dict_16_192_64_0p5_0p02_0041_0006" 5663
"/Engine/EngineMaterials/Substrate/GLints/dict_16_192_64_0p5_0p02_0041_0007" 5664
"/Engine/EngineMaterials/Substrate/GLints/dict_16_192_64_0p5_0p02_0041_0008" 5665
"/Engine/EngineMaterials/Substrate/GLints/dict_16_192_64_0p5_0p02_0041_0009" 5666
"/Engine/EngineMaterials/Substrate/GLints/dict_16_192_64_0p5_0p02_0041_0010" 5667
"/Engine/EngineMaterials/Substrate/GLints/dict_16_192_64_0p5_0p02_0040_0010" 5668
"../../../Engine/Content/EngineMaterials/Substrate/GLints/dict_16_192_64_0p5_0p02_0039_0009.uasset" 5669
"../../../Engine/Content/EngineMaterials/Substrate/GLints/dict_16_192_64_0p5_0p02_0039_0010.uasset" 5670
"../../../Engine/Content/EngineMaterials/Substrate/GLints/dict_16_192_64_0p5_0p02_0039_0008.uasset" 5671
"/Engine/EngineMaterials/Substrate/GLints/dict_16_192_64_0p5_0p02_0039_0011" 5672
"../../../Engine/Content/EngineMaterials/Substrate/GLints/dict_16_192_64_0p5_0p02_0039_0006.uasset" 5673
"../../../Engine/Content/EngineMaterials/Substrate/GLints/dict_16_192_64_0p5_0p02_0039_0007.uasset" 5674
"../../../Engine/Content/EngineMaterials/Substrate/GLints/dict_16_192_64_0p5_0p02_0039_0005.uasset" 5675
"../../../Engine/Content/EngineMaterials/Substrate/GLints/dict_16_192_64_0p5_0p02_0039_0004.uasset" 5676
"../../../Engine/Content/EngineMaterials/Substrate/GLints/dict_16_192_64_0p5_0p02_0039_0003.uasset" 5677
"../../../Engine/Content/EngineMaterials/Substrate/GLints/dict_16_192_64_0p5_0p02_0039_0002.uasset" 5678
"../../../Engine/Content/EngineMaterials/Substrate/GLints/dict_16_192_64_0p5_0p02_0039_0001.uasset" 5679
"/Engine/EngineMaterials/Substrate/GLints/dict_16_192_64_0p5_0p02_0039_0012" 5680
"../../../Engine/Content/EngineMaterials/Substrate/GLints/dict_16_192_64_0p5_0p02_0039_0000.uasset" 5681
"../../../Engine/Content/EngineMaterials/Substrate/GLints/dict_16_192_64_0p5_0p02_0038_0015.uasset" 5682
"../../../Engine/Content/EngineMaterials/Substrate/GLints/dict_16_192_64_0p5_0p02_0038_0014.uasset" 5683
"../../../Engine/Content/EngineMaterials/Substrate/GLints/dict_16_192_64_0p5_0p02_0038_0013.uasset" 5684
"../../../Engine/Content/EngineMaterials/Substrate/GLints/dict_16_192_64_0p5_0p02_0038_0012.uasset" 5685
"../../../Engine/Content/EngineMaterials/Substrate/GLints/dict_16_192_64_0p5_0p02_0038_0011.uasset" 5686
"../../../Engine/Content/EngineMaterials/Substrate/GLints/dict_16_192_64_0p5_0p02_0038_0010.uasset" 5687
"/Engine/EngineMaterials/Substrate/GLints/dict_16_192_64_0p5_0p02_0039_0013" 5688
"/Engine/EngineMaterials/Substrate/GLints/dict_16_192_64_0p5_0p02_0039_0014" 5689
"/Engine/EngineMaterials/Substrate/GLints/dict_16_192_64_0p5_0p02_0039_0015" 5690
"/Engine/EngineMaterials/Substrate/GLints/dict_16_192_64_0p5_0p02_0040_0000" 5691
"/Engine/EngineMaterials/Substrate/GLints/dict_16_192_64_0p5_0p02_0040_0001" 5692
"/Engine/EngineMaterials/Substrate/GLints/dict_16_192_64_0p5_0p02_0040_0002" 5693
"/Engine/EngineMaterials/Substrate/GLints/dict_16_192_64_0p5_0p02_0040_0003" 5694
"/Engine/EngineMaterials/Substrate/GLints/dict_16_192_64_0p5_0p02_0040_0004" 5695
"/Engine/EngineMaterials/Substrate/GLints/dict_16_192_64_0p5_0p02_0040_0005" 5696
"/Engine/EngineMaterials/Substrate/GLints/dict_16_192_64_0p5_0p02_0040_0006" 5697
"/Engine/EngineMaterials/Substrate/GLints/dict_16_192_64_0p5_0p02_0040_0007" 5698
"/Engine/EngineMaterials/Substrate/GLints/dict_16_192_64_0p5_0p02_0040_0008" 5699
"/Engine/EngineMaterials/Substrate/GLints/dict_16_192_64_0p5_0p02_0039_0009" 5700
"/Engine/EngineMaterials/Substrate/GLints/dict_16_192_64_0p5_0p02_0040_0009" 5701
"/Engine/EngineMaterials/Substrate/GLints/dict_16_192_64_0p5_0p02_0039_0010" 5702
"../../../Engine/Content/EngineMaterials/Substrate/GLints/dict_16_192_64_0p5_0p02_0038_0009.uasset" 5703
"../../../Engine/Content/EngineMaterials/Substrate/GLints/dict_16_192_64_0p5_0p02_0038_0008.uasset" 5704
"/Engine/EngineMaterials/Substrate/GLints/dict_16_192_64_0p5_0p02_0038_0010" 5705
"../../../Engine/Content/EngineMaterials/Substrate/GLints/dict_16_192_64_0p5_0p02_0038_0007.uasset" 5706
"../../../Engine/Content/EngineMaterials/Substrate/GLints/dict_16_192_64_0p5_0p02_0038_0006.uasset" 5707
"../../../Engine/Content/EngineMaterials/Substrate/GLints/dict_16_192_64_0p5_0p02_0038_0005.uasset" 5708
"../../../Engine/Content/EngineMaterials/Substrate/GLints/dict_16_192_64_0p5_0p02_0038_0004.uasset" 5709
"../../../Engine/Content/EngineMaterials/Substrate/GLints/dict_16_192_64_0p5_0p02_0038_0003.uasset" 5710
"../../../Engine/Content/EngineMaterials/Substrate/GLints/dict_16_192_64_0p5_0p02_0038_0002.uasset" 5711
"/Engine/EngineMaterials/Substrate/GLints/dict_16_192_64_0p5_0p02_0038_0011" 5712
"../../../Engine/Content/EngineMaterials/Substrate/GLints/dict_16_192_64_0p5_0p02_0038_0001.uasset" 5713
"../../../Engine/Content/EngineMaterials/Substrate/GLints/dict_16_192_64_0p5_0p02_0038_0000.uasset" 5714
"../../../Engine/Content/EngineMaterials/Substrate/GLints/dict_16_192_64_0p5_0p02_0037_0014.uasset" 5715
"../../../Engine/Content/EngineMaterials/Substrate/GLints/dict_16_192_64_0p5_0p02_0037_0015.uasset" 5716
"../../../Engine/Content/EngineMaterials/Substrate/GLints/dict_16_192_64_0p5_0p02_0037_0013.uasset" 5717
"../../../Engine/Content/EngineMaterials/Substrate/GLints/dict_16_192_64_0p5_0p02_0037_0012.uasset" 5718
"/Engine/EngineMaterials/Substrate/GLints/dict_16_192_64_0p5_0p02_0038_0012" 5719
"../../../Engine/Content/EngineMaterials/Substrate/GLints/dict_16_192_64_0p5_0p02_0037_0011.uasset" 5720
"../../../Engine/Content/EngineMaterials/Substrate/GLints/dict_16_192_64_0p5_0p02_0037_0010.uasset" 5721
"../../../Engine/Content/EngineMaterials/Substrate/GLints/dict_16_192_64_0p5_0p02_0037_0009.uasset" 5722
"/Engine/EngineMaterials/Substrate/GLints/dict_16_192_64_0p5_0p02_0038_0013" 5723
"/Engine/EngineMaterials/Substrate/GLints/dict_16_192_64_0p5_0p02_0038_0014" 5724
"/Engine/EngineMaterials/Substrate/GLints/dict_16_192_64_0p5_0p02_0038_0015" 5725
"/Engine/EngineMaterials/Substrate/GLints/dict_16_192_64_0p5_0p02_0039_0000" 5726
"/Engine/EngineMaterials/Substrate/GLints/dict_16_192_64_0p5_0p02_0039_0001" 5727
"/Engine/EngineMaterials/Substrate/GLints/dict_16_192_64_0p5_0p02_0039_0002" 5728
"/Engine/EngineMaterials/Substrate/GLints/dict_16_192_64_0p5_0p02_0039_0003" 5729
"/Engine/EngineMaterials/Substrate/GLints/dict_16_192_64_0p5_0p02_0039_0004" 5730
"/Engine/EngineMaterials/Substrate/GLints/dict_16_192_64_0p5_0p02_0039_0005" 5731
"/Engine/EngineMaterials/Substrate/GLints/dict_16_192_64_0p5_0p02_0039_0006" 5732
"/Engine/EngineMaterials/Substrate/GLints/dict_16_192_64_0p5_0p02_0039_0007" 5733
"/Engine/EngineMaterials/Substrate/GLints/dict_16_192_64_0p5_0p02_0039_0008" 5734
"../../../Engine/Content/EngineMaterials/Substrate/GLints/dict_16_192_64_0p5_0p02_0037_0008.uasset" 5735
"../../../Engine/Content/EngineMaterials/Substrate/GLints/dict_16_192_64_0p5_0p02_0037_0007.uasset" 5736
"../../../Engine/Content/EngineMaterials/Substrate/GLints/dict_16_192_64_0p5_0p02_0037_0006.uasset" 5737
"../../../Engine/Content/EngineMaterials/Substrate/GLints/dict_16_192_64_0p5_0p02_0037_0005.uasset" 5738
"/Engine/EngineMaterials/Substrate/GLints/dict_16_192_64_0p5_0p02_0037_0009" 5739
"../../../Engine/Content/EngineMaterials/Substrate/GLints/dict_16_192_64_0p5_0p02_0037_0004.uasset" 5740
"../../../Engine/Content/EngineMaterials/Substrate/GLints/dict_16_192_64_0p5_0p02_0037_0003.uasset" 5741
"../../../Engine/Content/EngineMaterials/Substrate/GLints/dict_16_192_64_0p5_0p02_0037_0002.uasset" 5742
"../../../Engine/Content/EngineMaterials/Substrate/GLints/dict_16_192_64_0p5_0p02_0037_0001.uasset" 5743
"../../../Engine/Content/EngineMaterials/Substrate/GLints/dict_16_192_64_0p5_0p02_0037_0000.uasset" 5744
"../../../Engine/Content/EngineMaterials/Substrate/GLints/dict_16_192_64_0p5_0p02_0036_0015.uasset" 5745
"../../../Engine/Content/EngineMaterials/Substrate/GLints/dict_16_192_64_0p5_0p02_0036_0014.uasset" 5746
"../../../Engine/Content/EngineMaterials/Substrate/GLints/dict_16_192_64_0p5_0p02_0036_0012.uasset" 5747
"../../../Engine/Content/EngineMaterials/Substrate/GLints/dict_16_192_64_0p5_0p02_0036_0013.uasset" 5748
"/Engine/EngineMaterials/Substrate/GLints/dict_16_192_64_0p5_0p02_0037_0010" 5749
"../../../Engine/Content/EngineMaterials/Substrate/GLints/dict_16_192_64_0p5_0p02_0036_0010.uasset" 5750
"../../../Engine/Content/EngineMaterials/Substrate/GLints/dict_16_192_64_0p5_0p02_0036_0011.uasset" 5751
"/Engine/EngineMaterials/Substrate/GLints/dict_16_192_64_0p5_0p02_0037_0011" 5752
"/Engine/EngineMaterials/Substrate/GLints/dict_16_192_64_0p5_0p02_0037_0012" 5753
"/Engine/EngineMaterials/Substrate/GLints/dict_16_192_64_0p5_0p02_0037_0013" 5754
"/Engine/EngineMaterials/Substrate/GLints/dict_16_192_64_0p5_0p02_0037_0014" 5755
"/Engine/EngineMaterials/Substrate/GLints/dict_16_192_64_0p5_0p02_0037_0015" 5756
"/Engine/EngineMaterials/Substrate/GLints/dict_16_192_64_0p5_0p02_0038_0000" 5757
"/Engine/EngineMaterials/Substrate/GLints/dict_16_192_64_0p5_0p02_0038_0001" 5758
"/Engine/EngineMaterials/Substrate/GLints/dict_16_192_64_0p5_0p02_0038_0002" 5759
"/Engine/EngineMaterials/Substrate/GLints/dict_16_192_64_0p5_0p02_0038_0003" 5760
"/Engine/EngineMaterials/Substrate/GLints/dict_16_192_64_0p5_0p02_0038_0004" 5761
"/Engine/EngineMaterials/Substrate/GLints/dict_16_192_64_0p5_0p02_0038_0005" 5762
"/Engine/EngineMaterials/Substrate/GLints/dict_16_192_64_0p5_0p02_0038_0006" 5763
"/Engine/EngineMaterials/Substrate/GLints/dict_16_192_64_0p5_0p02_0038_0007" 5764
"/Engine/EngineMaterials/Substrate/GLints/dict_16_192_64_0p5_0p02_0038_0008" 5765
"/Engine/EngineMaterials/Substrate/GLints/dict_16_192_64_0p5_0p02_0038_0009" 5766
"../../../Engine/Content/EngineMaterials/Substrate/GLints/dict_16_192_64_0p5_0p02_0036_0008.uasset" 5767
"../../../Engine/Content/EngineMaterials/Substrate/GLints/dict_16_192_64_0p5_0p02_0036_0009.uasset" 5768
"/Engine/EngineMaterials/Substrate/GLints/dict_16_192_64_0p5_0p02_0036_0010" 5769
"../../../Engine/Content/EngineMaterials/Substrate/GLints/dict_16_192_64_0p5_0p02_0036_0007.uasset" 5770
"../../../Engine/Content/EngineMaterials/Substrate/GLints/dict_16_192_64_0p5_0p02_0036_0006.uasset" 5771
"../../../Engine/Content/EngineMaterials/Substrate/GLints/dict_16_192_64_0p5_0p02_0036_0005.uasset" 5772
"../../../Engine/Content/EngineMaterials/Substrate/GLints/dict_16_192_64_0p5_0p02_0036_0004.uasset" 5773
"../../../Engine/Content/EngineMaterials/Substrate/GLints/dict_16_192_64_0p5_0p02_0036_0003.uasset" 5774
"../../../Engine/Content/EngineMaterials/Substrate/GLints/dict_16_192_64_0p5_0p02_0036_0002.uasset" 5775
"../../../Engine/Content/EngineMaterials/Substrate/GLints/dict_16_192_64_0p5_0p02_0036_0001.uasset" 5776
"/Engine/EngineMaterials/Substrate/GLints/dict_16_192_64_0p5_0p02_0036_0011" 5777
"../../../Engine/Content/EngineMaterials/Substrate/GLints/dict_16_192_64_0p5_0p02_0036_0000.uasset" 5778
"../../../Engine/Content/EngineMaterials/Substrate/GLints/dict_16_192_64_0p5_0p02_0035_0015.uasset" 5779
"../../../Engine/Content/EngineMaterials/Substrate/GLints/dict_16_192_64_0p5_0p02_0035_0014.uasset" 5780
"../../../Engine/Content/EngineMaterials/Substrate/GLints/dict_16_192_64_0p5_0p02_0035_0013.uasset" 5781
"../../../Engine/Content/EngineMaterials/Substrate/GLints/dict_16_192_64_0p5_0p02_0035_0012.uasset" 5782
"../../../Engine/Content/EngineMaterials/Substrate/GLints/dict_16_192_64_0p5_0p02_0035_0011.uasset" 5783
"../../../Engine/Content/EngineMaterials/Substrate/GLints/dict_16_192_64_0p5_0p02_0035_0010.uasset" 5784
"../../../Engine/Content/EngineMaterials/Substrate/GLints/dict_16_192_64_0p5_0p02_0035_0009.uasset" 5785
"/Engine/EngineMaterials/Substrate/GLints/dict_16_192_64_0p5_0p02_0036_0012" 5786
"/Engine/EngineMaterials/Substrate/GLints/dict_16_192_64_0p5_0p02_0036_0013" 5787
"/Engine/EngineMaterials/Substrate/GLints/dict_16_192_64_0p5_0p02_0036_0014" 5788
"/Engine/EngineMaterials/Substrate/GLints/dict_16_192_64_0p5_0p02_0036_0015" 5789
"/Engine/EngineMaterials/Substrate/GLints/dict_16_192_64_0p5_0p02_0037_0000" 5790
"/Engine/EngineMaterials/Substrate/GLints/dict_16_192_64_0p5_0p02_0037_0001" 5791
"/Engine/EngineMaterials/Substrate/GLints/dict_16_192_64_0p5_0p02_0037_0002" 5792
"/Engine/EngineMaterials/Substrate/GLints/dict_16_192_64_0p5_0p02_0037_0003" 5793
"/Engine/EngineMaterials/Substrate/GLints/dict_16_192_64_0p5_0p02_0037_0004" 5794
"/Engine/EngineMaterials/Substrate/GLints/dict_16_192_64_0p5_0p02_0037_0005" 5795
"/Engine/EngineMaterials/Substrate/GLints/dict_16_192_64_0p5_0p02_0037_0006" 5796
"/Engine/EngineMaterials/Substrate/GLints/dict_16_192_64_0p5_0p02_0037_0007" 5797
"/Engine/EngineMaterials/Substrate/GLints/dict_16_192_64_0p5_0p02_0037_0008" 5798
"/Engine/EngineMaterials/Substrate/GLints/dict_16_192_64_0p5_0p02_0036_0008" 5799
"../../../Engine/Content/EngineMaterials/Substrate/GLints/dict_16_192_64_0p5_0p02_0035_0008.uasset" 5800
"../../../Engine/Content/EngineMaterials/Substrate/GLints/dict_16_192_64_0p5_0p02_0035_0007.uasset" 5801
"/Engine/EngineMaterials/Substrate/GLints/dict_16_192_64_0p5_0p02_0035_0009" 5802
"../../../Engine/Content/EngineMaterials/Substrate/GLints/dict_16_192_64_0p5_0p02_0035_0006.uasset" 5803
"../../../Engine/Content/EngineMaterials/Substrate/GLints/dict_16_192_64_0p5_0p02_0035_0005.uasset" 5804
"../../../Engine/Content/EngineMaterials/Substrate/GLints/dict_16_192_64_0p5_0p02_0035_0004.uasset" 5805
"../../../Engine/Content/EngineMaterials/Substrate/GLints/dict_16_192_64_0p5_0p02_0035_0003.uasset" 5806
"../../../Engine/Content/EngineMaterials/Substrate/GLints/dict_16_192_64_0p5_0p02_0035_0002.uasset" 5807
"../../../Engine/Content/EngineMaterials/Substrate/GLints/dict_16_192_64_0p5_0p02_0035_0001.uasset" 5808
"../../../Engine/Content/EngineMaterials/Substrate/GLints/dict_16_192_64_0p5_0p02_0035_0000.uasset" 5809
"../../../Engine/Content/EngineMaterials/Substrate/GLints/dict_16_192_64_0p5_0p02_0034_0015.uasset" 5810
"../../../Engine/Content/EngineMaterials/Substrate/GLints/dict_16_192_64_0p5_0p02_0034_0014.uasset" 5811
"../../../Engine/Content/EngineMaterials/Substrate/GLints/dict_16_192_64_0p5_0p02_0034_0013.uasset" 5812
"../../../Engine/Content/EngineMaterials/Substrate/GLints/dict_16_192_64_0p5_0p02_0034_0012.uasset" 5813
"/Engine/EngineMaterials/Substrate/GLints/dict_16_192_64_0p5_0p02_0035_0010" 5814
"../../../Engine/Content/EngineMaterials/Substrate/GLints/dict_16_192_64_0p5_0p02_0034_0011.uasset" 5815
"../../../Engine/Content/EngineMaterials/Substrate/GLints/dict_16_192_64_0p5_0p02_0034_0010.uasset" 5816
"/Engine/EngineMaterials/Substrate/GLints/dict_16_192_64_0p5_0p02_0035_0011" 5817
"../../../Engine/Content/EngineMaterials/Substrate/GLints/dict_16_192_64_0p5_0p02_0034_0009.uasset" 5818
"/Engine/EngineMaterials/Substrate/GLints/dict_16_192_64_0p5_0p02_0035_0012" 5819
"/Engine/EngineMaterials/Substrate/GLints/dict_16_192_64_0p5_0p02_0035_0013" 5820
"/Engine/EngineMaterials/Substrate/GLints/dict_16_192_64_0p5_0p02_0035_0014" 5821
"/Engine/EngineMaterials/Substrate/GLints/dict_16_192_64_0p5_0p02_0035_0015" 5822
"/Engine/EngineMaterials/Substrate/GLints/dict_16_192_64_0p5_0p02_0036_0000" 5823
"/Engine/EngineMaterials/Substrate/GLints/dict_16_192_64_0p5_0p02_0036_0001" 5824
"/Engine/EngineMaterials/Substrate/GLints/dict_16_192_64_0p5_0p02_0036_0002" 5825
"/Engine/EngineMaterials/Substrate/GLints/dict_16_192_64_0p5_0p02_0036_0003" 5826
"/Engine/EngineMaterials/Substrate/GLints/dict_16_192_64_0p5_0p02_0036_0004" 5827
"/Engine/EngineMaterials/Substrate/GLints/dict_16_192_64_0p5_0p02_0036_0005" 5828
"/Engine/EngineMaterials/Substrate/GLints/dict_16_192_64_0p5_0p02_0036_0006" 5829
"/Engine/EngineMaterials/Substrate/GLints/dict_16_192_64_0p5_0p02_0036_0007" 5830
"/Engine/EngineMaterials/Substrate/GLints/dict_16_192_64_0p5_0p02_0036_0009" 5831
"../../../Engine/Content/EngineMaterials/Substrate/GLints/dict_16_192_64_0p5_0p02_0034_0008.uasset" 5832
"../../../Engine/Content/EngineMaterials/Substrate/GLints/dict_16_192_64_0p5_0p02_0034_0007.uasset" 5833
"/Engine/EngineMaterials/Substrate/GLints/dict_16_192_64_0p5_0p02_0034_0009" 5834
"../../../Engine/Content/EngineMaterials/Substrate/GLints/dict_16_192_64_0p5_0p02_0034_0006.uasset" 5835
"../../../Engine/Content/EngineMaterials/Substrate/GLints/dict_16_192_64_0p5_0p02_0034_0005.uasset" 5836
"../../../Engine/Content/EngineMaterials/Substrate/GLints/dict_16_192_64_0p5_0p02_0034_0003.uasset" 5837
"../../../Engine/Content/EngineMaterials/Substrate/GLints/dict_16_192_64_0p5_0p02_0034_0004.uasset" 5838
"../../../Engine/Content/EngineMaterials/Substrate/GLints/dict_16_192_64_0p5_0p02_0034_0002.uasset" 5839
"../../../Engine/Content/EngineMaterials/Substrate/GLints/dict_16_192_64_0p5_0p02_0034_0001.uasset" 5840
"../../../Engine/Content/EngineMaterials/Substrate/GLints/dict_16_192_64_0p5_0p02_0034_0000.uasset" 5841
"/Engine/EngineMaterials/Substrate/GLints/dict_16_192_64_0p5_0p02_0034_0010" 5842
"../../../Engine/Content/EngineMaterials/Substrate/GLints/dict_16_192_64_0p5_0p02_0033_0015.uasset" 5843
"../../../Engine/Content/EngineMaterials/Substrate/GLints/dict_16_192_64_0p5_0p02_0033_0014.uasset" 5844
"../../../Engine/Content/EngineMaterials/Substrate/GLints/dict_16_192_64_0p5_0p02_0033_0013.uasset" 5845
"../../../Engine/Content/EngineMaterials/Substrate/GLints/dict_16_192_64_0p5_0p02_0033_0012.uasset" 5846
"../../../Engine/Content/EngineMaterials/Substrate/GLints/dict_16_192_64_0p5_0p02_0033_0011.uasset" 5847
"../../../Engine/Content/EngineMaterials/Substrate/GLints/dict_16_192_64_0p5_0p02_0033_0010.uasset" 5848
"../../../Engine/Content/EngineMaterials/Substrate/GLints/dict_16_192_64_0p5_0p02_0033_0009.uasset" 5849
"/Engine/EngineMaterials/Substrate/GLints/dict_16_192_64_0p5_0p02_0034_0011" 5850
"/Engine/EngineMaterials/Substrate/GLints/dict_16_192_64_0p5_0p02_0034_0012" 5851
"/Engine/EngineMaterials/Substrate/GLints/dict_16_192_64_0p5_0p02_0034_0013" 5852
"/Engine/EngineMaterials/Substrate/GLints/dict_16_192_64_0p5_0p02_0034_0014" 5853
"/Engine/EngineMaterials/Substrate/GLints/dict_16_192_64_0p5_0p02_0034_0015" 5854
"/Engine/EngineMaterials/Substrate/GLints/dict_16_192_64_0p5_0p02_0035_0000" 5855
"/Engine/EngineMaterials/Substrate/GLints/dict_16_192_64_0p5_0p02_0035_0001" 5856
"/Engine/EngineMaterials/Substrate/GLints/dict_16_192_64_0p5_0p02_0035_0002" 5857
"/Engine/EngineMaterials/Substrate/GLints/dict_16_192_64_0p5_0p02_0035_0003" 5858
"/Engine/EngineMaterials/Substrate/GLints/dict_16_192_64_0p5_0p02_0035_0004" 5859
"/Engine/EngineMaterials/Substrate/GLints/dict_16_192_64_0p5_0p02_0035_0005" 5860
"/Engine/EngineMaterials/Substrate/GLints/dict_16_192_64_0p5_0p02_0035_0006" 5861
"/Engine/EngineMaterials/Substrate/GLints/dict_16_192_64_0p5_0p02_0035_0007" 5862
"/Engine/EngineMaterials/Substrate/GLints/dict_16_192_64_0p5_0p02_0034_0007" 5863
"/Engine/EngineMaterials/Substrate/GLints/dict_16_192_64_0p5_0p02_0035_0008" 5864
"/Engine/EngineMaterials/Substrate/GLints/dict_16_192_64_0p5_0p02_0034_0008" 5865
"../../../Engine/Content/EngineMaterials/Substrate/GLints/dict_16_192_64_0p5_0p02_0033_0008.uasset" 5866
"../../../Engine/Content/EngineMaterials/Substrate/GLints/dict_16_192_64_0p5_0p02_0033_0007.uasset" 5867
"../../../Engine/Content/EngineMaterials/Substrate/GLints/dict_16_192_64_0p5_0p02_0033_0006.uasset" 5868
"../../../Engine/Content/EngineMaterials/Substrate/GLints/dict_16_192_64_0p5_0p02_0033_0005.uasset" 5869
"/Engine/EngineMaterials/Substrate/GLints/dict_16_192_64_0p5_0p02_0033_0009" 5870
"../../../Engine/Content/EngineMaterials/Substrate/GLints/dict_16_192_64_0p5_0p02_0033_0004.uasset" 5871
"../../../Engine/Content/EngineMaterials/Substrate/GLints/dict_16_192_64_0p5_0p02_0033_0003.uasset" 5872
"../../../Engine/Content/EngineMaterials/Substrate/GLints/dict_16_192_64_0p5_0p02_0033_0002.uasset" 5873
"../../../Engine/Content/EngineMaterials/Substrate/GLints/dict_16_192_64_0p5_0p02_0033_0001.uasset" 5874
"../../../Engine/Content/EngineMaterials/Substrate/GLints/dict_16_192_64_0p5_0p02_0033_0000.uasset" 5875
"../../../Engine/Content/EngineMaterials/Substrate/GLints/dict_16_192_64_0p5_0p02_0032_0015.uasset" 5876
"../../../Engine/Content/EngineMaterials/Substrate/GLints/dict_16_192_64_0p5_0p02_0032_0014.uasset" 5877
"../../../Engine/Content/EngineMaterials/Substrate/GLints/dict_16_192_64_0p5_0p02_0032_0013.uasset" 5878
"/Engine/EngineMaterials/Substrate/GLints/dict_16_192_64_0p5_0p02_0033_0010" 5879
"../../../Engine/Content/EngineMaterials/Substrate/GLints/dict_16_192_64_0p5_0p02_0032_0012.uasset" 5880
"../../../Engine/Content/EngineMaterials/Substrate/GLints/dict_16_192_64_0p5_0p02_0032_0011.uasset" 5881
"../../../Engine/Content/EngineMaterials/Substrate/GLints/dict_16_192_64_0p5_0p02_0032_0010.uasset" 5882
"../../../Engine/Content/EngineMaterials/Substrate/GLints/dict_16_192_64_0p5_0p02_0032_0009.uasset" 5883
"../../../Engine/Content/EngineMaterials/Substrate/GLints/dict_16_192_64_0p5_0p02_0032_0008.uasset" 5884
"../../../Engine/Content/EngineMaterials/Substrate/GLints/dict_16_192_64_0p5_0p02_0032_0007.uasset" 5885
"/Engine/EngineMaterials/Substrate/GLints/dict_16_192_64_0p5_0p02_0033_0011" 5886
"/Engine/EngineMaterials/Substrate/GLints/dict_16_192_64_0p5_0p02_0033_0012" 5887
"/Engine/EngineMaterials/Substrate/GLints/dict_16_192_64_0p5_0p02_0033_0013" 5888
"/Engine/EngineMaterials/Substrate/GLints/dict_16_192_64_0p5_0p02_0033_0014" 5889
"/Engine/EngineMaterials/Substrate/GLints/dict_16_192_64_0p5_0p02_0033_0015" 5890
"/Engine/EngineMaterials/Substrate/GLints/dict_16_192_64_0p5_0p02_0034_0000" 5891
"/Engine/EngineMaterials/Substrate/GLints/dict_16_192_64_0p5_0p02_0034_0001" 5892
"/Engine/EngineMaterials/Substrate/GLints/dict_16_192_64_0p5_0p02_0034_0002" 5893
"/Engine/EngineMaterials/Substrate/GLints/dict_16_192_64_0p5_0p02_0034_0003" 5894
"/Engine/EngineMaterials/Substrate/GLints/dict_16_192_64_0p5_0p02_0034_0004" 5895
"/Engine/EngineMaterials/Substrate/GLints/dict_16_192_64_0p5_0p02_0034_0005" 5896
"/Engine/EngineMaterials/Substrate/GLints/dict_16_192_64_0p5_0p02_0034_0006" 5897
"/Engine/EngineMaterials/Substrate/GLints/dict_16_192_64_0p5_0p02_0033_0007" 5898
"/Engine/EngineMaterials/Substrate/GLints/dict_16_192_64_0p5_0p02_0033_0008" 5899
"../../../Engine/Content/EngineMaterials/Substrate/GLints/dict_16_192_64_0p5_0p02_0032_0005.uasset" 5900
"../../../Engine/Content/EngineMaterials/Substrate/GLints/dict_16_192_64_0p5_0p02_0032_0006.uasset" 5901
"/Engine/EngineMaterials/Substrate/GLints/dict_16_192_64_0p5_0p02_0032_0007" 5902
"../../../Engine/Content/EngineMaterials/Substrate/GLints/dict_16_192_64_0p5_0p02_0032_0004.uasset" 5903
"../../../Engine/Content/EngineMaterials/Substrate/GLints/dict_16_192_64_0p5_0p02_0032_0003.uasset" 5904
"../../../Engine/Content/EngineMaterials/Substrate/GLints/dict_16_192_64_0p5_0p02_0032_0002.uasset" 5905
"../../../Engine/Content/EngineMaterials/Substrate/GLints/dict_16_192_64_0p5_0p02_0032_0001.uasset" 5906
"../../../Engine/Content/EngineMaterials/Substrate/GLints/dict_16_192_64_0p5_0p02_0032_0000.uasset" 5907
"../../../Engine/Content/EngineMaterials/Substrate/GLints/dict_16_192_64_0p5_0p02_0031_0015.uasset" 5908
"../../../Engine/Content/EngineMaterials/Substrate/GLints/dict_16_192_64_0p5_0p02_0031_0014.uasset" 5909
"../../../Engine/Content/EngineMaterials/Substrate/GLints/dict_16_192_64_0p5_0p02_0031_0013.uasset" 5910
"/Engine/EngineMaterials/Substrate/GLints/dict_16_192_64_0p5_0p02_0032_0008" 5911
"../../../Engine/Content/EngineMaterials/Substrate/GLints/dict_16_192_64_0p5_0p02_0031_0012.uasset" 5912
"../../../Engine/Content/EngineMaterials/Substrate/GLints/dict_16_192_64_0p5_0p02_0031_0011.uasset" 5913
"../../../Engine/Content/EngineMaterials/Substrate/GLints/dict_16_192_64_0p5_0p02_0031_0010.uasset" 5914
"../../../Engine/Content/EngineMaterials/Substrate/GLints/dict_16_192_64_0p5_0p02_0031_0008.uasset" 5915
"../../../Engine/Content/EngineMaterials/Substrate/GLints/dict_16_192_64_0p5_0p02_0031_0009.uasset" 5916
"../../../Engine/Content/EngineMaterials/Substrate/GLints/dict_16_192_64_0p5_0p02_0031_0007.uasset" 5917
"/Engine/EngineMaterials/Substrate/GLints/dict_16_192_64_0p5_0p02_0032_0009" 5918
"/Engine/EngineMaterials/Substrate/GLints/dict_16_192_64_0p5_0p02_0032_0010" 5919
"/Engine/EngineMaterials/Substrate/GLints/dict_16_192_64_0p5_0p02_0032_0011" 5920
"/Engine/EngineMaterials/Substrate/GLints/dict_16_192_64_0p5_0p02_0032_0012" 5921
"/Engine/EngineMaterials/Substrate/GLints/dict_16_192_64_0p5_0p02_0032_0013" 5922
"/Engine/EngineMaterials/Substrate/GLints/dict_16_192_64_0p5_0p02_0032_0014" 5923
"/Engine/EngineMaterials/Substrate/GLints/dict_16_192_64_0p5_0p02_0032_0015" 5924
"/Engine/EngineMaterials/Substrate/GLints/dict_16_192_64_0p5_0p02_0033_0000" 5925
"/Engine/EngineMaterials/Substrate/GLints/dict_16_192_64_0p5_0p02_0033_0001" 5926
"/Engine/EngineMaterials/Substrate/GLints/dict_16_192_64_0p5_0p02_0033_0002" 5927
"/Engine/EngineMaterials/Substrate/GLints/dict_16_192_64_0p5_0p02_0033_0003" 5928
"/Engine/EngineMaterials/Substrate/GLints/dict_16_192_64_0p5_0p02_0033_0004" 5929
"/Engine/EngineMaterials/Substrate/GLints/dict_16_192_64_0p5_0p02_0033_0005" 5930
"/Engine/EngineMaterials/Substrate/GLints/dict_16_192_64_0p5_0p02_0033_0006" 5931
"../../../Engine/Content/EngineMaterials/Substrate/GLints/dict_16_192_64_0p5_0p02_0031_0005.uasset" 5932
"../../../Engine/Content/EngineMaterials/Substrate/GLints/dict_16_192_64_0p5_0p02_0031_0006.uasset" 5933
"/Engine/EngineMaterials/Substrate/GLints/dict_16_192_64_0p5_0p02_0031_0007" 5934
"../../../Engine/Content/EngineMaterials/Substrate/GLints/dict_16_192_64_0p5_0p02_0031_0004.uasset" 5935
"../../../Engine/Content/EngineMaterials/Substrate/GLints/dict_16_192_64_0p5_0p02_0031_0003.uasset" 5936
"../../../Engine/Content/EngineMaterials/Substrate/GLints/dict_16_192_64_0p5_0p02_0031_0002.uasset" 5937
"../../../Engine/Content/EngineMaterials/Substrate/GLints/dict_16_192_64_0p5_0p02_0031_0001.uasset" 5938
"../../../Engine/Content/EngineMaterials/Substrate/GLints/dict_16_192_64_0p5_0p02_0031_0000.uasset" 5939
"../../../Engine/Content/EngineMaterials/Substrate/GLints/dict_16_192_64_0p5_0p02_0030_0014.uasset" 5940
"../../../Engine/Content/EngineMaterials/Substrate/GLints/dict_16_192_64_0p5_0p02_0030_0015.uasset" 5941
"/Engine/EngineMaterials/Substrate/GLints/dict_16_192_64_0p5_0p02_0031_0008" 5942
"../../../Engine/Content/EngineMaterials/Substrate/GLints/dict_16_192_64_0p5_0p02_0030_0013.uasset" 5943
"../../../Engine/Content/EngineMaterials/Substrate/GLints/dict_16_192_64_0p5_0p02_0030_0012.uasset" 5944
"../../../Engine/Content/EngineMaterials/Substrate/GLints/dict_16_192_64_0p5_0p02_0030_0011.uasset" 5945
"/Engine/EngineMaterials/Substrate/GLints/dict_16_192_64_0p5_0p02_0031_0009" 5946
"../../../Engine/Content/EngineMaterials/Substrate/GLints/dict_16_192_64_0p5_0p02_0030_0010.uasset" 5947
"../../../Engine/Content/EngineMaterials/Substrate/GLints/dict_16_192_64_0p5_0p02_0030_0009.uasset" 5948
"../../../Engine/Content/EngineMaterials/Substrate/GLints/dict_16_192_64_0p5_0p02_0030_0007.uasset" 5949
"../../../Engine/Content/EngineMaterials/Substrate/GLints/dict_16_192_64_0p5_0p02_0030_0008.uasset" 5950
"/Engine/EngineMaterials/Substrate/GLints/dict_16_192_64_0p5_0p02_0031_0010" 5951
"/Engine/EngineMaterials/Substrate/GLints/dict_16_192_64_0p5_0p02_0031_0011" 5952
"/Engine/EngineMaterials/Substrate/GLints/dict_16_192_64_0p5_0p02_0031_0012" 5953
"/Engine/EngineMaterials/Substrate/GLints/dict_16_192_64_0p5_0p02_0031_0013" 5954
"/Engine/EngineMaterials/Substrate/GLints/dict_16_192_64_0p5_0p02_0031_0014" 5955
"/Engine/EngineMaterials/Substrate/GLints/dict_16_192_64_0p5_0p02_0031_0015" 5956
"/Engine/EngineMaterials/Substrate/GLints/dict_16_192_64_0p5_0p02_0032_0000" 5957
"/Engine/EngineMaterials/Substrate/GLints/dict_16_192_64_0p5_0p02_0032_0001" 5958
"/Engine/EngineMaterials/Substrate/GLints/dict_16_192_64_0p5_0p02_0032_0002" 5959
"/Engine/EngineMaterials/Substrate/GLints/dict_16_192_64_0p5_0p02_0032_0003" 5960
"/Engine/EngineMaterials/Substrate/GLints/dict_16_192_64_0p5_0p02_0032_0004" 5961
"/Engine/EngineMaterials/Substrate/GLints/dict_16_192_64_0p5_0p02_0032_0005" 5962
"/Engine/EngineMaterials/Substrate/GLints/dict_16_192_64_0p5_0p02_0032_0006" 5963
"../../../Engine/Content/EngineMaterials/Substrate/GLints/dict_16_192_64_0p5_0p02_0030_0006.uasset" 5964
"../../../Engine/Content/EngineMaterials/Substrate/GLints/dict_16_192_64_0p5_0p02_0030_0005.uasset" 5965
"../../../Engine/Content/EngineMaterials/Substrate/GLints/dict_16_192_64_0p5_0p02_0030_0004.uasset" 5966
"/Engine/EngineMaterials/Substrate/GLints/dict_16_192_64_0p5_0p02_0030_0007" 5967
"../../../Engine/Content/EngineMaterials/Substrate/GLints/dict_16_192_64_0p5_0p02_0030_0003.uasset" 5968
"../../../Engine/Content/EngineMaterials/Substrate/GLints/dict_16_192_64_0p5_0p02_0030_0002.uasset" 5969
"../../../Engine/Content/EngineMaterials/Substrate/GLints/dict_16_192_64_0p5_0p02_0030_0001.uasset" 5970
"../../../Engine/Content/EngineMaterials/Substrate/GLints/dict_16_192_64_0p5_0p02_0030_0000.uasset" 5971
"../../../Engine/Content/EngineMaterials/Substrate/GLints/dict_16_192_64_0p5_0p02_0029_0015.uasset" 5972
"../../../Engine/Content/EngineMaterials/Substrate/GLints/dict_16_192_64_0p5_0p02_0029_0014.uasset" 5973
"/Engine/EngineMaterials/Substrate/GLints/dict_16_192_64_0p5_0p02_0030_0008" 5974
"../../../Engine/Content/EngineMaterials/Substrate/GLints/dict_16_192_64_0p5_0p02_0029_0013.uasset" 5975
"../../../Engine/Content/EngineMaterials/Substrate/GLints/dict_16_192_64_0p5_0p02_0029_0012.uasset" 5976
"../../../Engine/Content/EngineMaterials/Substrate/GLints/dict_16_192_64_0p5_0p02_0029_0011.uasset" 5977
"../../../Engine/Content/EngineMaterials/Substrate/GLints/dict_16_192_64_0p5_0p02_0029_0010.uasset" 5978
"/Engine/EngineMaterials/Substrate/GLints/dict_16_192_64_0p5_0p02_0030_0009" 5979
"../../../Engine/Content/EngineMaterials/Substrate/GLints/dict_16_192_64_0p5_0p02_0029_0009.uasset" 5980
"../../../Engine/Content/EngineMaterials/Substrate/GLints/dict_16_192_64_0p5_0p02_0029_0008.uasset" 5981
"../../../Engine/Content/EngineMaterials/Substrate/GLints/dict_16_192_64_0p5_0p02_0029_0007.uasset" 5982
"/Engine/EngineMaterials/Substrate/GLints/dict_16_192_64_0p5_0p02_0030_0010" 5983
"/Engine/EngineMaterials/Substrate/GLints/dict_16_192_64_0p5_0p02_0030_0011" 5984
"/Engine/EngineMaterials/Substrate/GLints/dict_16_192_64_0p5_0p02_0030_0012" 5985
"/Engine/EngineMaterials/Substrate/GLints/dict_16_192_64_0p5_0p02_0030_0013" 5986
"/Engine/EngineMaterials/Substrate/GLints/dict_16_192_64_0p5_0p02_0030_0014" 5987
"/Engine/EngineMaterials/Substrate/GLints/dict_16_192_64_0p5_0p02_0030_0015" 5988
"/Engine/EngineMaterials/Substrate/GLints/dict_16_192_64_0p5_0p02_0031_0000" 5989
"/Engine/EngineMaterials/Substrate/GLints/dict_16_192_64_0p5_0p02_0031_0001" 5990
"/Engine/EngineMaterials/Substrate/GLints/dict_16_192_64_0p5_0p02_0031_0002" 5991
"/Engine/EngineMaterials/Substrate/GLints/dict_16_192_64_0p5_0p02_0031_0003" 5992
"/Engine/EngineMaterials/Substrate/GLints/dict_16_192_64_0p5_0p02_0031_0004" 5993
"/Engine/EngineMaterials/Substrate/GLints/dict_16_192_64_0p5_0p02_0031_0005" 5994
"/Engine/EngineMaterials/Substrate/GLints/dict_16_192_64_0p5_0p02_0031_0006" 5995
"/Engine/EngineMaterials/Substrate/GLints/dict_16_192_64_0p5_0p02_0030_0005" 5996
"/Engine/EngineMaterials/Substrate/GLints/dict_16_192_64_0p5_0p02_0030_0006" 5997
"../../../Engine/Content/EngineMaterials/Substrate/GLints/dict_16_192_64_0p5_0p02_0029_0006.uasset" 5998
"../../../Engine/Content/EngineMaterials/Substrate/GLints/dict_16_192_64_0p5_0p02_0029_0005.uasset" 5999
"../../../Engine/Content/EngineMaterials/Substrate/GLints/dict_16_192_64_0p5_0p02_0029_0004.uasset" 6000
"../../../Engine/Content/EngineMaterials/Substrate/GLints/dict_16_192_64_0p5_0p02_0029_0003.uasset" 6001
"../../../Engine/Content/EngineMaterials/Substrate/GLints/dict_16_192_64_0p5_0p02_0029_0002.uasset" 6002
"/Engine/EngineMaterials/Substrate/GLints/dict_16_192_64_0p5_0p02_0029_0007" 6003
"../../../Engine/Content/EngineMaterials/Substrate/GLints/dict_16_192_64_0p5_0p02_0029_0001.uasset" 6004
"../../../Engine/Content/EngineMaterials/Substrate/GLints/dict_16_192_64_0p5_0p02_0029_0000.uasset" 6005
"../../../Engine/Content/EngineMaterials/Substrate/GLints/dict_16_192_64_0p5_0p02_0028_0015.uasset" 6006
"../../../Engine/Content/EngineMaterials/Substrate/GLints/dict_16_192_64_0p5_0p02_0028_0014.uasset" 6007
"../../../Engine/Content/EngineMaterials/Substrate/GLints/dict_16_192_64_0p5_0p02_0028_0013.uasset" 6008
"../../../Engine/Content/EngineMaterials/Substrate/GLints/dict_16_192_64_0p5_0p02_0028_0011.uasset" 6009
"../../../Engine/Content/EngineMaterials/Substrate/GLints/dict_16_192_64_0p5_0p02_0028_0012.uasset" 6010
"../../../Engine/Content/EngineMaterials/Substrate/GLints/dict_16_192_64_0p5_0p02_0028_0010.uasset" 6011
"../../../Engine/Content/EngineMaterials/Substrate/GLints/dict_16_192_64_0p5_0p02_0028_0009.uasset" 6012
"/Engine/EngineMaterials/Substrate/GLints/dict_16_192_64_0p5_0p02_0029_0008" 6013
"../../../Engine/Content/EngineMaterials/Substrate/GLints/dict_16_192_64_0p5_0p02_0028_0008.uasset" 6014
"../../../Engine/Content/EngineMaterials/Substrate/GLints/dict_16_192_64_0p5_0p02_0028_0007.uasset" 6015
"../../../Engine/Content/EngineMaterials/Substrate/GLints/dict_16_192_64_0p5_0p02_0028_0005.uasset" 6016
"../../../Engine/Content/EngineMaterials/Substrate/GLints/dict_16_192_64_0p5_0p02_0028_0006.uasset" 6017
"/Engine/EngineMaterials/Substrate/GLints/dict_16_192_64_0p5_0p02_0029_0009" 6018
"/Engine/EngineMaterials/Substrate/GLints/dict_16_192_64_0p5_0p02_0029_0010" 6019
"/Engine/EngineMaterials/Substrate/GLints/dict_16_192_64_0p5_0p02_0029_0011" 6020
"/Engine/EngineMaterials/Substrate/GLints/dict_16_192_64_0p5_0p02_0029_0012" 6021
"/Engine/EngineMaterials/Substrate/GLints/dict_16_192_64_0p5_0p02_0029_0013" 6022
"/Engine/EngineMaterials/Substrate/GLints/dict_16_192_64_0p5_0p02_0029_0014" 6023
"/Engine/EngineMaterials/Substrate/GLints/dict_16_192_64_0p5_0p02_0029_0015" 6024
"/Engine/EngineMaterials/Substrate/GLints/dict_16_192_64_0p5_0p02_0030_0000" 6025
"/Engine/EngineMaterials/Substrate/GLints/dict_16_192_64_0p5_0p02_0030_0001" 6026
"/Engine/EngineMaterials/Substrate/GLints/dict_16_192_64_0p5_0p02_0030_0002" 6027
"/Engine/EngineMaterials/Substrate/GLints/dict_16_192_64_0p5_0p02_0030_0003" 6028
"/Engine/EngineMaterials/Substrate/GLints/dict_16_192_64_0p5_0p02_0030_0004" 6029
"/Engine/EngineMaterials/Substrate/GLints/dict_16_192_64_0p5_0p02_0029_0005" 6030
"/Engine/EngineMaterials/Substrate/GLints/dict_16_192_64_0p5_0p02_0029_0006" 6031
"../../../Engine/Content/EngineMaterials/Substrate/GLints/dict_16_192_64_0p5_0p02_0028_0003.uasset" 6032
"../../../Engine/Content/EngineMaterials/Substrate/GLints/dict_16_192_64_0p5_0p02_0028_0004.uasset" 6033
"/Engine/EngineMaterials/Substrate/GLints/dict_16_192_64_0p5_0p02_0028_0005" 6034
"../../../Engine/Content/EngineMaterials/Substrate/GLints/dict_16_192_64_0p5_0p02_0028_0002.uasset" 6035
"../../../Engine/Content/EngineMaterials/Substrate/GLints/dict_16_192_64_0p5_0p02_0028_0001.uasset" 6036
"../../../Engine/Content/EngineMaterials/Substrate/GLints/dict_16_192_64_0p5_0p02_0028_0000.uasset" 6037
"../../../Engine/Content/EngineMaterials/Substrate/GLints/dict_16_192_64_0p5_0p02_0027_0015.uasset" 6038
"../../../Engine/Content/EngineMaterials/Substrate/GLints/dict_16_192_64_0p5_0p02_0027_0014.uasset" 6039
"../../../Engine/Content/EngineMaterials/Substrate/GLints/dict_16_192_64_0p5_0p02_0027_0013.uasset" 6040
"../../../Engine/Content/EngineMaterials/Substrate/GLints/dict_16_192_64_0p5_0p02_0027_0012.uasset" 6041
"/Engine/EngineMaterials/Substrate/GLints/dict_16_192_64_0p5_0p02_0028_0006" 6042
"../../../Engine/Content/EngineMaterials/Substrate/GLints/dict_16_192_64_0p5_0p02_0027_0011.uasset" 6043
"../../../Engine/Content/EngineMaterials/Substrate/GLints/dict_16_192_64_0p5_0p02_0027_0010.uasset" 6044
"../../../Engine/Content/EngineMaterials/Substrate/GLints/dict_16_192_64_0p5_0p02_0027_0009.uasset" 6045
"../../../Engine/Content/EngineMaterials/Substrate/GLints/dict_16_192_64_0p5_0p02_0027_0008.uasset" 6046
"../../../Engine/Content/EngineMaterials/Substrate/GLints/dict_16_192_64_0p5_0p02_0027_0007.uasset" 6047
"../../../Engine/Content/EngineMaterials/Substrate/GLints/dict_16_192_64_0p5_0p02_0027_0006.uasset" 6048
"../../../Engine/Content/EngineMaterials/Substrate/GLints/dict_16_192_64_0p5_0p02_0027_0005.uasset" 6049
"/Engine/EngineMaterials/Substrate/GLints/dict_16_192_64_0p5_0p02_0028_0007" 6050
"/Engine/EngineMaterials/Substrate/GLints/dict_16_192_64_0p5_0p02_0028_0008" 6051
"/Engine/EngineMaterials/Substrate/GLints/dict_16_192_64_0p5_0p02_0028_0009" 6052
"/Engine/EngineMaterials/Substrate/GLints/dict_16_192_64_0p5_0p02_0028_0010" 6053
"/Engine/EngineMaterials/Substrate/GLints/dict_16_192_64_0p5_0p02_0028_0011" 6054
"/Engine/EngineMaterials/Substrate/GLints/dict_16_192_64_0p5_0p02_0028_0012" 6055
"/Engine/EngineMaterials/Substrate/GLints/dict_16_192_64_0p5_0p02_0028_0013" 6056
"/Engine/EngineMaterials/Substrate/GLints/dict_16_192_64_0p5_0p02_0028_0014" 6057
"/Engine/EngineMaterials/Substrate/GLints/dict_16_192_64_0p5_0p02_0028_0015" 6058
"/Engine/EngineMaterials/Substrate/GLints/dict_16_192_64_0p5_0p02_0029_0000" 6059
"/Engine/EngineMaterials/Substrate/GLints/dict_16_192_64_0p5_0p02_0029_0001" 6060
"/Engine/EngineMaterials/Substrate/GLints/dict_16_192_64_0p5_0p02_0029_0002" 6061
"/Engine/EngineMaterials/Substrate/GLints/dict_16_192_64_0p5_0p02_0029_0003" 6062
"/Engine/EngineMaterials/Substrate/GLints/dict_16_192_64_0p5_0p02_0029_0004" 6063
"../../../Engine/Content/EngineMaterials/Substrate/GLints/dict_16_192_64_0p5_0p02_0027_0004.uasset" 6064
"../../../Engine/Content/EngineMaterials/Substrate/GLints/dict_16_192_64_0p5_0p02_0027_0003.uasset" 6065
"/Engine/EngineMaterials/Substrate/GLints/dict_16_192_64_0p5_0p02_0027_0005" 6066
"../../../Engine/Content/EngineMaterials/Substrate/GLints/dict_16_192_64_0p5_0p02_0027_0001.uasset" 6067
"../../../Engine/Content/EngineMaterials/Substrate/GLints/dict_16_192_64_0p5_0p02_0027_0002.uasset" 6068
"../../../Engine/Content/EngineMaterials/Substrate/GLints/dict_16_192_64_0p5_0p02_0027_0000.uasset" 6069
"../../../Engine/Content/EngineMaterials/Substrate/GLints/dict_16_192_64_0p5_0p02_0026_0015.uasset" 6070
"../../../Engine/Content/EngineMaterials/Substrate/GLints/dict_16_192_64_0p5_0p02_0026_0014.uasset" 6071
"../../../Engine/Content/EngineMaterials/Substrate/GLints/dict_16_192_64_0p5_0p02_0026_0013.uasset" 6072
"../../../Engine/Content/EngineMaterials/Substrate/GLints/dict_16_192_64_0p5_0p02_0026_0012.uasset" 6073
"/Engine/EngineMaterials/Substrate/GLints/dict_16_192_64_0p5_0p02_0027_0006" 6074
"../../../Engine/Content/EngineMaterials/Substrate/GLints/dict_16_192_64_0p5_0p02_0026_0011.uasset" 6075
"../../../Engine/Content/EngineMaterials/Substrate/GLints/dict_16_192_64_0p5_0p02_0026_0010.uasset" 6076
"../../../Engine/Content/EngineMaterials/Substrate/GLints/dict_16_192_64_0p5_0p02_0026_0009.uasset" 6077
"../../../Engine/Content/EngineMaterials/Substrate/GLints/dict_16_192_64_0p5_0p02_0026_0008.uasset" 6078
"../../../Engine/Content/EngineMaterials/Substrate/GLints/dict_16_192_64_0p5_0p02_0026_0007.uasset" 6079
"../../../Engine/Content/EngineMaterials/Substrate/GLints/dict_16_192_64_0p5_0p02_0026_0006.uasset" 6080
"/Engine/EngineMaterials/Substrate/GLints/dict_16_192_64_0p5_0p02_0027_0007" 6081
"../../../Engine/Content/EngineMaterials/Substrate/GLints/dict_16_192_64_0p5_0p02_0026_0005.uasset" 6082
"/Engine/EngineMaterials/Substrate/GLints/dict_16_192_64_0p5_0p02_0027_0008" 6083
"/Engine/EngineMaterials/Substrate/GLints/dict_16_192_64_0p5_0p02_0027_0009" 6084
"/Engine/EngineMaterials/Substrate/GLints/dict_16_192_64_0p5_0p02_0027_0010" 6085
"/Engine/EngineMaterials/Substrate/GLints/dict_16_192_64_0p5_0p02_0027_0011" 6086
"/Engine/EngineMaterials/Substrate/GLints/dict_16_192_64_0p5_0p02_0027_0012" 6087
"/Engine/EngineMaterials/Substrate/GLints/dict_16_192_64_0p5_0p02_0027_0013" 6088
"/Engine/EngineMaterials/Substrate/GLints/dict_16_192_64_0p5_0p02_0027_0014" 6089
"/Engine/EngineMaterials/Substrate/GLints/dict_16_192_64_0p5_0p02_0027_0015" 6090
"/Engine/EngineMaterials/Substrate/GLints/dict_16_192_64_0p5_0p02_0028_0000" 6091
"/Engine/EngineMaterials/Substrate/GLints/dict_16_192_64_0p5_0p02_0028_0001" 6092
"/Engine/EngineMaterials/Substrate/GLints/dict_16_192_64_0p5_0p02_0028_0002" 6093
"/Engine/EngineMaterials/Substrate/GLints/dict_16_192_64_0p5_0p02_0027_0004" 6094
"/Engine/EngineMaterials/Substrate/GLints/dict_16_192_64_0p5_0p02_0028_0003" 6095
"/Engine/EngineMaterials/Substrate/GLints/dict_16_192_64_0p5_0p02_0028_0004" 6096
"../../../Engine/Content/EngineMaterials/Substrate/GLints/dict_16_192_64_0p5_0p02_0026_0004.uasset" 6097
"../../../Engine/Content/EngineMaterials/Substrate/GLints/dict_16_192_64_0p5_0p02_0026_0003.uasset" 6098
"../../../Engine/Content/EngineMaterials/Substrate/GLints/dict_16_192_64_0p5_0p02_0026_0002.uasset" 6099
"/Engine/EngineMaterials/Substrate/GLints/dict_16_192_64_0p5_0p02_0026_0005" 6100
"../../../Engine/Content/EngineMaterials/Substrate/GLints/dict_16_192_64_0p5_0p02_0026_0001.uasset" 6101
"../../../Engine/Content/EngineMaterials/Substrate/GLints/dict_16_192_64_0p5_0p02_0026_0000.uasset" 6102
"../../../Engine/Content/EngineMaterials/Substrate/GLints/dict_16_192_64_0p5_0p02_0025_0015.uasset" 6103
"../../../Engine/Content/EngineMaterials/Substrate/GLints/dict_16_192_64_0p5_0p02_0025_0014.uasset" 6104
"../../../Engine/Content/EngineMaterials/Substrate/GLints/dict_16_192_64_0p5_0p02_0025_0013.uasset" 6105
"../../../Engine/Content/EngineMaterials/Substrate/GLints/dict_16_192_64_0p5_0p02_0025_0012.uasset" 6106
"../../../Engine/Content/EngineMaterials/Substrate/GLints/dict_16_192_64_0p5_0p02_0025_0011.uasset" 6107
"../../../Engine/Content/EngineMaterials/Substrate/GLints/dict_16_192_64_0p5_0p02_0025_0010.uasset" 6108
"/Engine/EngineMaterials/Substrate/GLints/dict_16_192_64_0p5_0p02_0026_0006" 6109
"../../../Engine/Content/EngineMaterials/Substrate/GLints/dict_16_192_64_0p5_0p02_0025_0009.uasset" 6110
"../../../Engine/Content/EngineMaterials/Substrate/GLints/dict_16_192_64_0p5_0p02_0025_0008.uasset" 6111
"../../../Engine/Content/EngineMaterials/Substrate/GLints/dict_16_192_64_0p5_0p02_0025_0006.uasset" 6112
"../../../Engine/Content/EngineMaterials/Substrate/GLints/dict_16_192_64_0p5_0p02_0025_0007.uasset" 6113
"../../../Engine/Content/EngineMaterials/Substrate/GLints/dict_16_192_64_0p5_0p02_0025_0005.uasset" 6114
"../../../Engine/Content/EngineMaterials/Substrate/GLints/dict_16_192_64_0p5_0p02_0025_0004.uasset" 6115
"/Engine/EngineMaterials/Substrate/GLints/dict_16_192_64_0p5_0p02_0026_0007" 6116
"/Engine/EngineMaterials/Substrate/GLints/dict_16_192_64_0p5_0p02_0026_0008" 6117
"/Engine/EngineMaterials/Substrate/GLints/dict_16_192_64_0p5_0p02_0026_0009" 6118
"/Engine/EngineMaterials/Substrate/GLints/dict_16_192_64_0p5_0p02_0026_0010" 6119
"/Engine/EngineMaterials/Substrate/GLints/dict_16_192_64_0p5_0p02_0026_0011" 6120
"/Engine/EngineMaterials/Substrate/GLints/dict_16_192_64_0p5_0p02_0026_0012" 6121
"/Engine/EngineMaterials/Substrate/GLints/dict_16_192_64_0p5_0p02_0026_0013" 6122
"/Engine/EngineMaterials/Substrate/GLints/dict_16_192_64_0p5_0p02_0026_0014" 6123
"/Engine/EngineMaterials/Substrate/GLints/dict_16_192_64_0p5_0p02_0026_0015" 6124
"/Engine/EngineMaterials/Substrate/GLints/dict_16_192_64_0p5_0p02_0027_0000" 6125
"/Engine/EngineMaterials/Substrate/GLints/dict_16_192_64_0p5_0p02_0027_0001" 6126
"/Engine/EngineMaterials/Substrate/GLints/dict_16_192_64_0p5_0p02_0027_0002" 6127
"/Engine/EngineMaterials/Substrate/GLints/dict_16_192_64_0p5_0p02_0027_0003" 6128
"/Engine/EngineMaterials/Substrate/GLints/dict_16_192_64_0p5_0p02_0026_0003" 6129
"/Engine/EngineMaterials/Substrate/GLints/dict_16_192_64_0p5_0p02_0026_0004" 6130
"../../../Engine/Content/EngineMaterials/Substrate/GLints/dict_16_192_64_0p5_0p02_0025_0003.uasset" 6131
"../../../Engine/Content/EngineMaterials/Substrate/GLints/dict_16_192_64_0p5_0p02_0025_0002.uasset" 6132
"/Engine/EngineMaterials/Substrate/GLints/dict_16_192_64_0p5_0p02_0025_0004" 6133
"../../../Engine/Content/EngineMaterials/Substrate/GLints/dict_16_192_64_0p5_0p02_0025_0001.uasset" 6134
"../../../Engine/Content/EngineMaterials/Substrate/GLints/dict_16_192_64_0p5_0p02_0025_0000.uasset" 6135
"../../../Engine/Content/EngineMaterials/Substrate/GLints/dict_16_192_64_0p5_0p02_0024_0015.uasset" 6136
"../../../Engine/Content/EngineMaterials/Substrate/GLints/dict_16_192_64_0p5_0p02_0024_0014.uasset" 6137
"../../../Engine/Content/EngineMaterials/Substrate/GLints/dict_16_192_64_0p5_0p02_0024_0012.uasset" 6138
"../../../Engine/Content/EngineMaterials/Substrate/GLints/dict_16_192_64_0p5_0p02_0024_0013.uasset" 6139
"../../../Engine/Content/EngineMaterials/Substrate/GLints/dict_16_192_64_0p5_0p02_0024_0011.uasset" 6140
"/Engine/EngineMaterials/Substrate/GLints/dict_16_192_64_0p5_0p02_0025_0005" 6141
"../../../Engine/Content/EngineMaterials/Substrate/GLints/dict_16_192_64_0p5_0p02_0024_0010.uasset" 6142
"../../../Engine/Content/EngineMaterials/Substrate/GLints/dict_16_192_64_0p5_0p02_0024_0009.uasset" 6143
"../../../Engine/Content/EngineMaterials/Substrate/GLints/dict_16_192_64_0p5_0p02_0024_0007.uasset" 6144
"../../../Engine/Content/EngineMaterials/Substrate/GLints/dict_16_192_64_0p5_0p02_0024_0008.uasset" 6145
"../../../Engine/Content/EngineMaterials/Substrate/GLints/dict_16_192_64_0p5_0p02_0024_0006.uasset" 6146
"../../../Engine/Content/EngineMaterials/Substrate/GLints/dict_16_192_64_0p5_0p02_0024_0005.uasset" 6147
"../../../Engine/Content/EngineMaterials/Substrate/GLints/dict_16_192_64_0p5_0p02_0024_0004.uasset" 6148
"../../../Engine/Content/EngineMaterials/Substrate/GLints/dict_16_192_64_0p5_0p02_0024_0003.uasset" 6149
"/Engine/EngineMaterials/Substrate/GLints/dict_16_192_64_0p5_0p02_0025_0006" 6150
"/Engine/EngineMaterials/Substrate/GLints/dict_16_192_64_0p5_0p02_0025_0007" 6151
"/Engine/EngineMaterials/Substrate/GLints/dict_16_192_64_0p5_0p02_0025_0008" 6152
"/Engine/EngineMaterials/Substrate/GLints/dict_16_192_64_0p5_0p02_0025_0009" 6153
"/Engine/EngineMaterials/Substrate/GLints/dict_16_192_64_0p5_0p02_0025_0010" 6154
"/Engine/EngineMaterials/Substrate/GLints/dict_16_192_64_0p5_0p02_0025_0011" 6155
"/Engine/EngineMaterials/Substrate/GLints/dict_16_192_64_0p5_0p02_0025_0012" 6156
"/Engine/EngineMaterials/Substrate/GLints/dict_16_192_64_0p5_0p02_0025_0013" 6157
"/Engine/EngineMaterials/Substrate/GLints/dict_16_192_64_0p5_0p02_0025_0014" 6158
"/Engine/EngineMaterials/Substrate/GLints/dict_16_192_64_0p5_0p02_0025_0015" 6159
"/Engine/EngineMaterials/Substrate/GLints/dict_16_192_64_0p5_0p02_0026_0000" 6160
"/Engine/EngineMaterials/Substrate/GLints/dict_16_192_64_0p5_0p02_0026_0001" 6161
"/Engine/EngineMaterials/Substrate/GLints/dict_16_192_64_0p5_0p02_0026_0002" 6162
"/Engine/EngineMaterials/Substrate/GLints/dict_16_192_64_0p5_0p02_0025_0003" 6163
"../../../Engine/Content/EngineMaterials/Substrate/GLints/dict_16_192_64_0p5_0p02_0024_0002.uasset" 6164
"../../../Engine/Content/EngineMaterials/Substrate/GLints/dict_16_192_64_0p5_0p02_0024_0001.uasset" 6165
"/Engine/EngineMaterials/Substrate/GLints/dict_16_192_64_0p5_0p02_0024_0003" 6166
"../../../Engine/Content/EngineMaterials/Substrate/GLints/dict_16_192_64_0p5_0p02_0023_0015.uasset" 6167
"../../../Engine/Content/EngineMaterials/Substrate/GLints/dict_16_192_64_0p5_0p02_0024_0000.uasset" 6168
"../../../Engine/Content/EngineMaterials/Substrate/GLints/dict_16_192_64_0p5_0p02_0023_0014.uasset" 6169
"../../../Engine/Content/EngineMaterials/Substrate/GLints/dict_16_192_64_0p5_0p02_0023_0013.uasset" 6170
"../../../Engine/Content/EngineMaterials/Substrate/GLints/dict_16_192_64_0p5_0p02_0023_0012.uasset" 6171
"../../../Engine/Content/EngineMaterials/Substrate/GLints/dict_16_192_64_0p5_0p02_0023_0011.uasset" 6172
"../../../Engine/Content/EngineMaterials/Substrate/GLints/dict_16_192_64_0p5_0p02_0023_0010.uasset" 6173
"../../../Engine/Content/EngineMaterials/Substrate/GLints/dict_16_192_64_0p5_0p02_0023_0009.uasset" 6174
"/Engine/EngineMaterials/Substrate/GLints/dict_16_192_64_0p5_0p02_0024_0004" 6175
"../../../Engine/Content/EngineMaterials/Substrate/GLints/dict_16_192_64_0p5_0p02_0023_0008.uasset" 6176
"../../../Engine/Content/EngineMaterials/Substrate/GLints/dict_16_192_64_0p5_0p02_0023_0007.uasset" 6177
"../../../Engine/Content/EngineMaterials/Substrate/GLints/dict_16_192_64_0p5_0p02_0023_0006.uasset" 6178
"../../../Engine/Content/EngineMaterials/Substrate/GLints/dict_16_192_64_0p5_0p02_0023_0005.uasset" 6179
"../../../Engine/Content/EngineMaterials/Substrate/GLints/dict_16_192_64_0p5_0p02_0023_0004.uasset" 6180
"../../../Engine/Content/EngineMaterials/Substrate/GLints/dict_16_192_64_0p5_0p02_0023_0003.uasset" 6181
"/Engine/EngineMaterials/Substrate/GLints/dict_16_192_64_0p5_0p02_0024_0005" 6182
"/Engine/EngineMaterials/Substrate/GLints/dict_16_192_64_0p5_0p02_0024_0006" 6183
"/Engine/EngineMaterials/Substrate/GLints/dict_16_192_64_0p5_0p02_0024_0007" 6184
"/Engine/EngineMaterials/Substrate/GLints/dict_16_192_64_0p5_0p02_0024_0008" 6185
"/Engine/EngineMaterials/Substrate/GLints/dict_16_192_64_0p5_0p02_0024_0009" 6186
"/Engine/EngineMaterials/Substrate/GLints/dict_16_192_64_0p5_0p02_0024_0010" 6187
"/Engine/EngineMaterials/Substrate/GLints/dict_16_192_64_0p5_0p02_0024_0011" 6188
"/Engine/EngineMaterials/Substrate/GLints/dict_16_192_64_0p5_0p02_0024_0012" 6189
"/Engine/EngineMaterials/Substrate/GLints/dict_16_192_64_0p5_0p02_0024_0013" 6190
"/Engine/EngineMaterials/Substrate/GLints/dict_16_192_64_0p5_0p02_0024_0014" 6191
"/Engine/EngineMaterials/Substrate/GLints/dict_16_192_64_0p5_0p02_0024_0015" 6192
"/Engine/EngineMaterials/Substrate/GLints/dict_16_192_64_0p5_0p02_0025_0000" 6193
"/Engine/EngineMaterials/Substrate/GLints/dict_16_192_64_0p5_0p02_0025_0001" 6194
"/Engine/EngineMaterials/Substrate/GLints/dict_16_192_64_0p5_0p02_0024_0001" 6195
"/Engine/EngineMaterials/Substrate/GLints/dict_16_192_64_0p5_0p02_0025_0002" 6196
"/Engine/EngineMaterials/Substrate/GLints/dict_16_192_64_0p5_0p02_0024_0002" 6197
"../../../Engine/Content/EngineMaterials/Substrate/GLints/dict_16_192_64_0p5_0p02_0023_0002.uasset" 6198
"../../../Engine/Content/EngineMaterials/Substrate/GLints/dict_16_192_64_0p5_0p02_0023_0001.uasset" 6199
"../../../Engine/Content/EngineMaterials/Substrate/GLints/dict_16_192_64_0p5_0p02_0023_0000.uasset" 6200
"../../../Engine/Content/EngineMaterials/Substrate/GLints/dict_16_192_64_0p5_0p02_0022_0015.uasset" 6201
"/Engine/EngineMaterials/Substrate/GLints/dict_16_192_64_0p5_0p02_0023_0003" 6202
"../../../Engine/Content/EngineMaterials/Substrate/GLints/dict_16_192_64_0p5_0p02_0022_0013.uasset" 6203
"../../../Engine/Content/EngineMaterials/Substrate/GLints/dict_16_192_64_0p5_0p02_0022_0014.uasset" 6204
"../../../Engine/Content/EngineMaterials/Substrate/GLints/dict_16_192_64_0p5_0p02_0022_0012.uasset" 6205
"../../../Engine/Content/EngineMaterials/Substrate/GLints/dict_16_192_64_0p5_0p02_0022_0011.uasset" 6206
"../../../Engine/Content/EngineMaterials/Substrate/GLints/dict_16_192_64_0p5_0p02_0022_0010.uasset" 6207
"../../../Engine/Content/EngineMaterials/Substrate/GLints/dict_16_192_64_0p5_0p02_0022_0009.uasset" 6208
"/Engine/EngineMaterials/Substrate/GLints/dict_16_192_64_0p5_0p02_0023_0004" 6209
"/Engine/EngineMaterials/Substrate/GLints/dict_16_192_64_0p5_0p02_0023_0005" 6210
"/Engine/EngineMaterials/Substrate/GLints/dict_16_192_64_0p5_0p02_0023_0006" 6211
"/Engine/EngineMaterials/Substrate/GLints/dict_16_192_64_0p5_0p02_0023_0007" 6212
"/Engine/EngineMaterials/Substrate/GLints/dict_16_192_64_0p5_0p02_0023_0008" 6213
"/Engine/EngineMaterials/Substrate/GLints/dict_16_192_64_0p5_0p02_0023_0009" 6214
"/Engine/EngineMaterials/Substrate/GLints/dict_16_192_64_0p5_0p02_0023_0010" 6215
"/Engine/EngineMaterials/Substrate/GLints/dict_16_192_64_0p5_0p02_0023_0011" 6216
"/Engine/EngineMaterials/Substrate/GLints/dict_16_192_64_0p5_0p02_0023_0012" 6217
"/Engine/EngineMaterials/Substrate/GLints/dict_16_192_64_0p5_0p02_0023_0013" 6218
"/Engine/EngineMaterials/Substrate/GLints/dict_16_192_64_0p5_0p02_0023_0014" 6219
"/Engine/EngineMaterials/Substrate/GLints/dict_16_192_64_0p5_0p02_0023_0015" 6220
"/Engine/EngineMaterials/Substrate/GLints/dict_16_192_64_0p5_0p02_0024_0000" 6221
"/Engine/EngineMaterials/Substrate/GLints/dict_16_192_64_0p5_0p02_0023_0001" 6222
"/Engine/EngineMaterials/Substrate/GLints/dict_16_192_64_0p5_0p02_0023_0002" 6223
"/Engine/EngineMaterials/Substrate/GLints/dict_16_192_64_0p5_0p02_0022_0009" 6224
"../../../Engine/Content/EngineMaterials/Substrate/GLints/dict_16_192_64_0p5_0p02_0022_0008.uasset" 6225
"../../../Engine/Content/EngineMaterials/Substrate/GLints/dict_16_192_64_0p5_0p02_0022_0007.uasset" 6226
"/Engine/EngineMaterials/Substrate/GLints/dict_16_192_64_0p5_0p02_0022_0010" 6227
"../../../Engine/Content/EngineMaterials/Substrate/GLints/dict_16_192_64_0p5_0p02_0022_0006.uasset" 6228
"../../../Engine/Content/EngineMaterials/Substrate/GLints/dict_16_192_64_0p5_0p02_0022_0005.uasset" 6229
"../../../Engine/Content/EngineMaterials/Substrate/GLints/dict_16_192_64_0p5_0p02_0022_0004.uasset" 6230
"../../../Engine/Content/EngineMaterials/Substrate/GLints/dict_16_192_64_0p5_0p02_0022_0003.uasset" 6231
"../../../Engine/Content/EngineMaterials/Substrate/GLints/dict_16_192_64_0p5_0p02_0022_0001.uasset" 6232
"../../../Engine/Content/EngineMaterials/Substrate/GLints/dict_16_192_64_0p5_0p02_0022_0000.uasset" 6233
"../../../Engine/Content/EngineMaterials/Substrate/GLints/dict_16_192_64_0p5_0p02_0021_0015.uasset" 6234
"../../../Engine/Content/EngineMaterials/Substrate/GLints/dict_16_192_64_0p5_0p02_0021_0014.uasset" 6235
"/Engine/EngineMaterials/Substrate/GLints/dict_16_192_64_0p5_0p02_0022_0011" 6236
"../../../Engine/Content/EngineMaterials/Substrate/GLints/dict_16_192_64_0p5_0p02_0022_0002.uasset" 6237
"../../../Engine/Content/EngineMaterials/Substrate/GLints/dict_16_192_64_0p5_0p02_0021_0011.uasset" 6238
"../../../Engine/Content/EngineMaterials/Substrate/GLints/dict_16_192_64_0p5_0p02_0021_0010.uasset" 6239
"../../../Engine/Content/EngineMaterials/Substrate/GLints/dict_16_192_64_0p5_0p02_0021_0013.uasset" 6240
"../../../Engine/Content/EngineMaterials/Substrate/GLints/dict_16_192_64_0p5_0p02_0021_0009.uasset" 6241
"../../../Engine/Content/EngineMaterials/Substrate/GLints/dict_16_192_64_0p5_0p02_0021_0012.uasset" 6242
"../../../Engine/Content/EngineMaterials/Substrate/GLints/dict_16_192_64_0p5_0p02_0021_0008.uasset" 6243
"../../../Engine/Content/EngineMaterials/Substrate/GLints/dict_16_192_64_0p5_0p02_0021_0007.uasset" 6244
"../../../Engine/Content/EngineMaterials/Substrate/GLints/dict_16_192_64_0p5_0p02_0021_0006.uasset" 6245
"../../../Engine/Content/EngineMaterials/Substrate/GLints/dict_16_192_64_0p5_0p02_0021_0005.uasset" 6246
"../../../Engine/Content/EngineMaterials/Substrate/GLints/dict_16_192_64_0p5_0p02_0021_0004.uasset" 6247
"../../../Engine/Content/EngineMaterials/Substrate/GLints/dict_16_192_64_0p5_0p02_0021_0003.uasset" 6248
"../../../Engine/Content/EngineMaterials/Substrate/GLints/dict_16_192_64_0p5_0p02_0021_0002.uasset" 6249
"../../../Engine/Content/EngineMaterials/Substrate/GLints/dict_16_192_64_0p5_0p02_0021_0001.uasset" 6250
"/Engine/EngineMaterials/Substrate/GLints/dict_16_192_64_0p5_0p02_0022_0012" 6251
"/Engine/EngineMaterials/Substrate/GLints/dict_16_192_64_0p5_0p02_0022_0013" 6252
"/Engine/EngineMaterials/Substrate/GLints/dict_16_192_64_0p5_0p02_0022_0014" 6253
"/Engine/EngineMaterials/Substrate/GLints/dict_16_192_64_0p5_0p02_0022_0015" 6254
"/Engine/EngineMaterials/Substrate/GLints/dict_16_192_64_0p5_0p02_0023_0000" 6255
"../../../Engine/Content/EngineMaterials/Substrate/GLints/dict_16_192_64_0p5_0p02_0021_0000.uasset" 6256
"../../../Engine/Content/EngineMaterials/Substrate/GLints/dict_16_192_64_0p5_0p02_0020_0015.uasset" 6257
"/Engine/EngineMaterials/Substrate/GLints/dict_16_192_64_0p5_0p02_0022_0001" 6258
"../../../Engine/Content/EngineMaterials/Substrate/GLints/dict_16_192_64_0p5_0p02_0020_0013.uasset" 6259
"../../../Engine/Content/EngineMaterials/Substrate/GLints/dict_16_192_64_0p5_0p02_0020_0014.uasset" 6260
"../../../Engine/Content/EngineMaterials/Substrate/GLints/dict_16_192_64_0p5_0p02_0020_0012.uasset" 6261
"../../../Engine/Content/EngineMaterials/Substrate/GLints/dict_16_192_64_0p5_0p02_0020_0011.uasset" 6262
"../../../Engine/Content/EngineMaterials/Substrate/GLints/dict_16_192_64_0p5_0p02_0020_0010.uasset" 6263
"../../../Engine/Content/EngineMaterials/Substrate/GLints/dict_16_192_64_0p5_0p02_0020_0009.uasset" 6264
"/Engine/EngineMaterials/Substrate/GLints/dict_16_192_64_0p5_0p02_0022_0002" 6265
"/Engine/EngineMaterials/Substrate/GLints/dict_16_192_64_0p5_0p02_0022_0003" 6266
"/Engine/EngineMaterials/Substrate/GLints/dict_16_192_64_0p5_0p02_0022_0004" 6267
"/Engine/EngineMaterials/Substrate/GLints/dict_16_192_64_0p5_0p02_0022_0005" 6268
"/Engine/EngineMaterials/Substrate/GLints/dict_16_192_64_0p5_0p02_0022_0006" 6269
"/Engine/EngineMaterials/Substrate/GLints/dict_16_192_64_0p5_0p02_0022_0007" 6270
"/Engine/EngineMaterials/Substrate/GLints/dict_16_192_64_0p5_0p02_0022_0008" 6271
"/Engine/EngineMaterials/Substrate/GLints/dict_16_192_64_0p5_0p02_0021_0001" 6272
"/Engine/EngineMaterials/Substrate/GLints/dict_16_192_64_0p5_0p02_0021_0002" 6273
"/Engine/EngineMaterials/Substrate/GLints/dict_16_192_64_0p5_0p02_0021_0003" 6274
"/Engine/EngineMaterials/Substrate/GLints/dict_16_192_64_0p5_0p02_0021_0004" 6275
"/Engine/EngineMaterials/Substrate/GLints/dict_16_192_64_0p5_0p02_0021_0005" 6276
"/Engine/EngineMaterials/Substrate/GLints/dict_16_192_64_0p5_0p02_0021_0006" 6277
"/Engine/EngineMaterials/Substrate/GLints/dict_16_192_64_0p5_0p02_0021_0007" 6278
"/Engine/EngineMaterials/Substrate/GLints/dict_16_192_64_0p5_0p02_0021_0008" 6279
"/Engine/EngineMaterials/Substrate/GLints/dict_16_192_64_0p5_0p02_0021_0009" 6280
"/Engine/EngineMaterials/Substrate/GLints/dict_16_192_64_0p5_0p02_0021_0010" 6281
"/Engine/EngineMaterials/Substrate/GLints/dict_16_192_64_0p5_0p02_0021_0011" 6282
"/Engine/EngineMaterials/Substrate/GLints/dict_16_192_64_0p5_0p02_0021_0012" 6283
"/Engine/EngineMaterials/Substrate/GLints/dict_16_192_64_0p5_0p02_0021_0013" 6284
"/Engine/EngineMaterials/Substrate/GLints/dict_16_192_64_0p5_0p02_0021_0014" 6285
"/Engine/EngineMaterials/Substrate/GLints/dict_16_192_64_0p5_0p02_0021_0000" 6286
"/Engine/EngineMaterials/Substrate/GLints/dict_16_192_64_0p5_0p02_0021_0015" 6287
"/Engine/EngineMaterials/Substrate/GLints/dict_16_192_64_0p5_0p02_0022_0000" 6288
"../../../Engine/Content/EngineMaterials/Substrate/GLints/dict_16_192_64_0p5_0p02_0020_0008.uasset" 6289
"../../../Engine/Content/EngineMaterials/Substrate/GLints/dict_16_192_64_0p5_0p02_0020_0007.uasset" 6290
"../../../Engine/Content/EngineMaterials/Substrate/GLints/dict_16_192_64_0p5_0p02_0020_0006.uasset" 6291
"/Engine/EngineMaterials/Substrate/GLints/dict_16_192_64_0p5_0p02_0020_0009" 6292
"../../../Engine/Content/EngineMaterials/Substrate/GLints/dict_16_192_64_0p5_0p02_0020_0005.uasset" 6293
"../../../Engine/Content/EngineMaterials/Substrate/GLints/dict_16_192_64_0p5_0p02_0020_0004.uasset" 6294
"../../../Engine/Content/EngineMaterials/Substrate/GLints/dict_16_192_64_0p5_0p02_0020_0003.uasset" 6295
"../../../Engine/Content/EngineMaterials/Substrate/GLints/dict_16_192_64_0p5_0p02_0020_0002.uasset" 6296
"../../../Engine/Content/EngineMaterials/Substrate/GLints/dict_16_192_64_0p5_0p02_0020_0001.uasset" 6297
"../../../Engine/Content/EngineMaterials/Substrate/GLints/dict_16_192_64_0p5_0p02_0020_0000.uasset" 6298
"../../../Engine/Content/EngineMaterials/Substrate/GLints/dict_16_192_64_0p5_0p02_0019_0015.uasset" 6299
"../../../Engine/Content/EngineMaterials/Substrate/GLints/dict_16_192_64_0p5_0p02_0019_0014.uasset" 6300
"/Engine/EngineMaterials/Substrate/GLints/dict_16_192_64_0p5_0p02_0020_0010" 6301
"../../../Engine/Content/EngineMaterials/Substrate/GLints/dict_16_192_64_0p5_0p02_0019_0013.uasset" 6302
"../../../Engine/Content/EngineMaterials/Substrate/GLints/dict_16_192_64_0p5_0p02_0019_0012.uasset" 6303
"../../../Engine/Content/EngineMaterials/Substrate/GLints/dict_16_192_64_0p5_0p02_0019_0011.uasset" 6304
"../../../Engine/Content/EngineMaterials/Substrate/GLints/dict_16_192_64_0p5_0p02_0019_0010.uasset" 6305
"../../../Engine/Content/EngineMaterials/Substrate/GLints/dict_16_192_64_0p5_0p02_0019_0009.uasset" 6306
"../../../Engine/Content/EngineMaterials/Substrate/GLints/dict_16_192_64_0p5_0p02_0019_0008.uasset" 6307
"../../../Engine/Content/EngineMaterials/Substrate/GLints/dict_16_192_64_0p5_0p02_0019_0007.uasset" 6308
"../../../Engine/Content/EngineMaterials/Substrate/GLints/dict_16_192_64_0p5_0p02_0019_0006.uasset" 6309
"/Engine/EngineMaterials/Substrate/GLints/dict_16_192_64_0p5_0p02_0020_0011" 6310
"../../../Engine/Content/EngineMaterials/Substrate/GLints/dict_16_192_64_0p5_0p02_0019_0005.uasset" 6311
"../../../Engine/Content/EngineMaterials/Substrate/GLints/dict_16_192_64_0p5_0p02_0019_0004.uasset" 6312
"../../../Engine/Content/EngineMaterials/Substrate/GLints/dict_16_192_64_0p5_0p02_0019_0003.uasset" 6313
"../../../Engine/Content/EngineMaterials/Substrate/GLints/dict_16_192_64_0p5_0p02_0019_0002.uasset" 6314
"../../../Engine/Content/EngineMaterials/Substrate/GLints/dict_16_192_64_0p5_0p02_0019_0000.uasset" 6315
"../../../Engine/Content/EngineMaterials/Substrate/GLints/dict_16_192_64_0p5_0p02_0019_0001.uasset" 6316
"/Engine/EngineMaterials/Substrate/GLints/dict_16_192_64_0p5_0p02_0020_0012" 6317
"/Engine/EngineMaterials/Substrate/GLints/dict_16_192_64_0p5_0p02_0020_0013" 6318
"/Engine/EngineMaterials/Substrate/GLints/dict_16_192_64_0p5_0p02_0020_0014" 6319
"/Engine/EngineMaterials/Substrate/GLints/dict_16_192_64_0p5_0p02_0020_0015" 6320
"/Engine/EngineMaterials/Substrate/GLints/dict_16_192_64_0p5_0p02_0020_0007" 6321
"/Engine/EngineMaterials/Substrate/GLints/dict_16_192_64_0p5_0p02_0020_0008" 6322
"../../../Engine/Content/EngineMaterials/Substrate/GLints/dict_16_192_64_0p5_0p02_0018_0015.uasset" 6323
"../../../Engine/Content/EngineMaterials/Substrate/GLints/dict_16_192_64_0p5_0p02_0018_0014.uasset" 6324
"/Engine/EngineMaterials/Substrate/GLints/dict_16_192_64_0p5_0p02_0019_0000" 6325
"../../../Engine/Content/EngineMaterials/Substrate/GLints/dict_16_192_64_0p5_0p02_0018_0013.uasset" 6326
"../../../Engine/Content/EngineMaterials/Substrate/GLints/dict_16_192_64_0p5_0p02_0018_0012.uasset" 6327
"../../../Engine/Content/EngineMaterials/Substrate/GLints/dict_16_192_64_0p5_0p02_0018_0011.uasset" 6328
"../../../Engine/Content/EngineMaterials/Substrate/GLints/dict_16_192_64_0p5_0p02_0018_0010.uasset" 6329
"../../../Engine/Content/EngineMaterials/Substrate/GLints/dict_16_192_64_0p5_0p02_0018_0009.uasset" 6330
"../../../Engine/Content/EngineMaterials/Substrate/GLints/dict_16_192_64_0p5_0p02_0018_0008.uasset" 6331
"../../../Engine/Content/EngineMaterials/Substrate/GLints/dict_16_192_64_0p5_0p02_0018_0007.uasset" 6332
"/Engine/EngineMaterials/Substrate/GLints/dict_16_192_64_0p5_0p02_0019_0001" 6333
"/Engine/EngineMaterials/Substrate/GLints/dict_16_192_64_0p5_0p02_0019_0002" 6334
"/Engine/EngineMaterials/Substrate/GLints/dict_16_192_64_0p5_0p02_0019_0003" 6335
"/Engine/EngineMaterials/Substrate/GLints/dict_16_192_64_0p5_0p02_0019_0004" 6336
"/Engine/EngineMaterials/Substrate/GLints/dict_16_192_64_0p5_0p02_0019_0005" 6337
"/Engine/EngineMaterials/Substrate/GLints/dict_16_192_64_0p5_0p02_0019_0006" 6338
"/Engine/EngineMaterials/Substrate/GLints/dict_16_192_64_0p5_0p02_0019_0007" 6339
"/Engine/EngineMaterials/Substrate/GLints/dict_16_192_64_0p5_0p02_0019_0008" 6340
"/Engine/EngineMaterials/Substrate/GLints/dict_16_192_64_0p5_0p02_0019_0009" 6341
"/Engine/EngineMaterials/Substrate/GLints/dict_16_192_64_0p5_0p02_0019_0010" 6342
"/Engine/EngineMaterials/Substrate/GLints/dict_16_192_64_0p5_0p02_0019_0011" 6343
"/Engine/EngineMaterials/Substrate/GLints/dict_16_192_64_0p5_0p02_0019_0012" 6344
"/Engine/EngineMaterials/Substrate/GLints/dict_16_192_64_0p5_0p02_0019_0013" 6345
"/Engine/EngineMaterials/Substrate/GLints/dict_16_192_64_0p5_0p02_0019_0014" 6346
"/Engine/EngineMaterials/Substrate/GLints/dict_16_192_64_0p5_0p02_0019_0015" 6347
"/Engine/EngineMaterials/Substrate/GLints/dict_16_192_64_0p5_0p02_0020_0000" 6348
"/Engine/EngineMaterials/Substrate/GLints/dict_16_192_64_0p5_0p02_0020_0001" 6349
"/Engine/EngineMaterials/Substrate/GLints/dict_16_192_64_0p5_0p02_0020_0002" 6350
"/Engine/EngineMaterials/Substrate/GLints/dict_16_192_64_0p5_0p02_0020_0003" 6351
"/Engine/EngineMaterials/Substrate/GLints/dict_16_192_64_0p5_0p02_0020_0004" 6352
"/Engine/EngineMaterials/Substrate/GLints/dict_16_192_64_0p5_0p02_0020_0005" 6353
"/Engine/EngineMaterials/Substrate/GLints/dict_16_192_64_0p5_0p02_0020_0006" 6354
"../../../Engine/Content/EngineMaterials/Substrate/GLints/dict_16_192_64_0p5_0p02_0018_0005.uasset" 6355
"../../../Engine/Content/EngineMaterials/Substrate/GLints/dict_16_192_64_0p5_0p02_0018_0004.uasset" 6356
"../../../Engine/Content/EngineMaterials/Substrate/GLints/dict_16_192_64_0p5_0p02_0018_0006.uasset" 6357
"../../../Engine/Content/EngineMaterials/Substrate/GLints/dict_16_192_64_0p5_0p02_0018_0003.uasset" 6358
"../../../Engine/Content/EngineMaterials/Substrate/GLints/dict_16_192_64_0p5_0p02_0018_0002.uasset" 6359
"../../../Engine/Content/EngineMaterials/Substrate/GLints/dict_16_192_64_0p5_0p02_0018_0001.uasset" 6360
"/Engine/EngineMaterials/Substrate/GLints/dict_16_192_64_0p5_0p02_0018_0007" 6361
"../../../Engine/Content/EngineMaterials/Substrate/GLints/dict_16_192_64_0p5_0p02_0018_0000.uasset" 6362
"../../../Engine/Content/EngineMaterials/Substrate/GLints/dict_16_192_64_0p5_0p02_0017_0015.uasset" 6363
"../../../Engine/Content/EngineMaterials/Substrate/GLints/dict_16_192_64_0p5_0p02_0017_0014.uasset" 6364
"../../../Engine/Content/EngineMaterials/Substrate/GLints/dict_16_192_64_0p5_0p02_0017_0013.uasset" 6365
"../../../Engine/Content/EngineMaterials/Substrate/GLints/dict_16_192_64_0p5_0p02_0017_0012.uasset" 6366
"../../../Engine/Content/EngineMaterials/Substrate/GLints/dict_16_192_64_0p5_0p02_0017_0011.uasset" 6367
"../../../Engine/Content/EngineMaterials/Substrate/GLints/dict_16_192_64_0p5_0p02_0017_0010.uasset" 6368
"../../../Engine/Content/EngineMaterials/Substrate/GLints/dict_16_192_64_0p5_0p02_0017_0009.uasset" 6369
"../../../Engine/Content/EngineMaterials/Substrate/GLints/dict_16_192_64_0p5_0p02_0017_0008.uasset" 6370
"../../../Engine/Content/EngineMaterials/Substrate/GLints/dict_16_192_64_0p5_0p02_0017_0006.uasset" 6371
"../../../Engine/Content/EngineMaterials/Substrate/GLints/dict_16_192_64_0p5_0p02_0017_0007.uasset" 6372
"/Engine/EngineMaterials/Substrate/GLints/dict_16_192_64_0p5_0p02_0018_0008" 6373
"../../../Engine/Content/EngineMaterials/Substrate/GLints/dict_16_192_64_0p5_0p02_0017_0005.uasset" 6374
"../../../Engine/Content/EngineMaterials/Substrate/GLints/dict_16_192_64_0p5_0p02_0017_0004.uasset" 6375
"../../../Engine/Content/EngineMaterials/Substrate/GLints/dict_16_192_64_0p5_0p02_0017_0003.uasset" 6376
"../../../Engine/Content/EngineMaterials/Substrate/GLints/dict_16_192_64_0p5_0p02_0017_0002.uasset" 6377
"../../../Engine/Content/EngineMaterials/Substrate/GLints/dict_16_192_64_0p5_0p02_0017_0001.uasset" 6378
"../../../Engine/Content/EngineMaterials/Substrate/GLints/dict_16_192_64_0p5_0p02_0017_0000.uasset" 6379
"/Engine/EngineMaterials/Substrate/GLints/dict_16_192_64_0p5_0p02_0018_0009" 6380
"/Engine/EngineMaterials/Substrate/GLints/dict_16_192_64_0p5_0p02_0018_0010" 6381
"/Engine/EngineMaterials/Substrate/GLints/dict_16_192_64_0p5_0p02_0018_0011" 6382
"/Engine/EngineMaterials/Substrate/GLints/dict_16_192_64_0p5_0p02_0018_0012" 6383
"/Engine/EngineMaterials/Substrate/GLints/dict_16_192_64_0p5_0p02_0018_0013" 6384
"/Engine/EngineMaterials/Substrate/GLints/dict_16_192_64_0p5_0p02_0018_0004" 6385
"/Engine/EngineMaterials/Substrate/GLints/dict_16_192_64_0p5_0p02_0018_0005" 6386
"/Engine/EngineMaterials/Substrate/GLints/dict_16_192_64_0p5_0p02_0018_0006" 6387
"/Engine/EngineMaterials/Substrate/GLints/dict_16_192_64_0p5_0p02_0018_0014" 6388
"/Engine/EngineMaterials/Substrate/GLints/dict_16_192_64_0p5_0p02_0018_0015" 6389
"/Engine/EngineMaterials/Substrate/GLints/dict_16_192_64_0p5_0p02_0017_0000" 6390
"/Engine/EngineMaterials/Substrate/GLints/dict_16_192_64_0p5_0p02_0017_0001" 6391
"/Engine/EngineMaterials/Substrate/GLints/dict_16_192_64_0p5_0p02_0017_0002" 6392
"/Engine/EngineMaterials/Substrate/GLints/dict_16_192_64_0p5_0p02_0017_0003" 6393
"/Engine/EngineMaterials/Substrate/GLints/dict_16_192_64_0p5_0p02_0017_0004" 6394
"/Engine/EngineMaterials/Substrate/GLints/dict_16_192_64_0p5_0p02_0017_0005" 6395
"/Engine/EngineMaterials/Substrate/GLints/dict_16_192_64_0p5_0p02_0017_0006" 6396
"/Engine/EngineMaterials/Substrate/GLints/dict_16_192_64_0p5_0p02_0017_0007" 6397
"/Engine/EngineMaterials/Substrate/GLints/dict_16_192_64_0p5_0p02_0017_0008" 6398
"/Engine/EngineMaterials/Substrate/GLints/dict_16_192_64_0p5_0p02_0017_0009" 6399
"/Engine/EngineMaterials/Substrate/GLints/dict_16_192_64_0p5_0p02_0017_0010" 6400
"../../../Engine/Content/EngineMaterials/Substrate/GLints/dict_16_192_64_0p5_0p02_0016_0014.uasset" 6401
"../../../Engine/Content/EngineMaterials/Substrate/GLints/dict_16_192_64_0p5_0p02_0016_0015.uasset" 6402
"/Engine/EngineMaterials/Substrate/GLints/dict_16_192_64_0p5_0p02_0017_0011" 6403
"../../../Engine/Content/EngineMaterials/Substrate/GLints/dict_16_192_64_0p5_0p02_0016_0013.uasset" 6404
"../../../Engine/Content/EngineMaterials/Substrate/GLints/dict_16_192_64_0p5_0p02_0016_0012.uasset" 6405
"../../../Engine/Content/EngineMaterials/Substrate/GLints/dict_16_192_64_0p5_0p02_0016_0011.uasset" 6406
"../../../Engine/Content/EngineMaterials/Substrate/GLints/dict_16_192_64_0p5_0p02_0016_0010.uasset" 6407
"../../../Engine/Content/EngineMaterials/Substrate/GLints/dict_16_192_64_0p5_0p02_0016_0009.uasset" 6408
"../../../Engine/Content/EngineMaterials/Substrate/GLints/dict_16_192_64_0p5_0p02_0016_0008.uasset" 6409
"../../../Engine/Content/EngineMaterials/Substrate/GLints/dict_16_192_64_0p5_0p02_0016_0006.uasset" 6410
"../../../Engine/Content/EngineMaterials/Substrate/GLints/dict_16_192_64_0p5_0p02_0016_0007.uasset" 6411
"../../../Engine/Content/EngineMaterials/Substrate/GLints/dict_16_192_64_0p5_0p02_0016_0005.uasset" 6412
"/Engine/EngineMaterials/Substrate/GLints/dict_16_192_64_0p5_0p02_0017_0012" 6413
"../../../Engine/Content/EngineMaterials/Substrate/GLints/dict_16_192_64_0p5_0p02_0016_0004.uasset" 6414
"/Engine/EngineMaterials/Substrate/GLints/dict_16_192_64_0p5_0p02_0017_0013" 6415
"/Engine/EngineMaterials/Substrate/GLints/dict_16_192_64_0p5_0p02_0017_0014" 6416
"/Engine/EngineMaterials/Substrate/GLints/dict_16_192_64_0p5_0p02_0017_0015" 6417
"/Engine/EngineMaterials/Substrate/GLints/dict_16_192_64_0p5_0p02_0018_0000" 6418
"/Engine/EngineMaterials/Substrate/GLints/dict_16_192_64_0p5_0p02_0018_0001" 6419
"/Engine/EngineMaterials/Substrate/GLints/dict_16_192_64_0p5_0p02_0018_0002" 6420
"/Engine/EngineMaterials/Substrate/GLints/dict_16_192_64_0p5_0p02_0018_0003" 6421
"../../../Engine/Content/EngineMaterials/Substrate/GLints/dict_16_192_64_0p5_0p02_0016_0003.uasset" 6422
"../../../Engine/Content/EngineMaterials/Substrate/GLints/dict_16_192_64_0p5_0p02_0016_0002.uasset" 6423
"../../../Engine/Content/EngineMaterials/Substrate/GLints/dict_16_192_64_0p5_0p02_0016_0001.uasset" 6424
"../../../Engine/Content/EngineMaterials/Substrate/GLints/dict_16_192_64_0p5_0p02_0016_0000.uasset" 6425
"/Engine/EngineMaterials/Substrate/GLints/dict_16_192_64_0p5_0p02_0016_0004" 6426
"../../../Engine/Content/EngineMaterials/Substrate/GLints/dict_16_192_64_0p5_0p02_0015_0015.uasset" 6427
"../../../Engine/Content/EngineMaterials/Substrate/GLints/dict_16_192_64_0p5_0p02_0015_0014.uasset" 6428
"../../../Engine/Content/EngineMaterials/Substrate/GLints/dict_16_192_64_0p5_0p02_0015_0013.uasset" 6429
"../../../Engine/Content/EngineMaterials/Substrate/GLints/dict_16_192_64_0p5_0p02_0015_0012.uasset" 6430
"../../../Engine/Content/EngineMaterials/Substrate/GLints/dict_16_192_64_0p5_0p02_0015_0011.uasset" 6431
"../../../Engine/Content/EngineMaterials/Substrate/GLints/dict_16_192_64_0p5_0p02_0015_0010.uasset" 6432
"../../../Engine/Content/EngineMaterials/Substrate/GLints/dict_16_192_64_0p5_0p02_0015_0008.uasset" 6433
"../../../Engine/Content/EngineMaterials/Substrate/GLints/dict_16_192_64_0p5_0p02_0015_0009.uasset" 6434
"/Engine/EngineMaterials/Substrate/GLints/dict_16_192_64_0p5_0p02_0016_0005" 6435
"../../../Engine/Content/EngineMaterials/Substrate/GLints/dict_16_192_64_0p5_0p02_0015_0007.uasset" 6436
"../../../Engine/Content/EngineMaterials/Substrate/GLints/dict_16_192_64_0p5_0p02_0015_0006.uasset" 6437
"../../../Engine/Content/EngineMaterials/Substrate/GLints/dict_16_192_64_0p5_0p02_0015_0005.uasset" 6438
"../../../Engine/Content/EngineMaterials/Substrate/GLints/dict_16_192_64_0p5_0p02_0015_0004.uasset" 6439
"../../../Engine/Content/EngineMaterials/Substrate/GLints/dict_16_192_64_0p5_0p02_0015_0003.uasset" 6440
"../../../Engine/Content/EngineMaterials/Substrate/GLints/dict_16_192_64_0p5_0p02_0015_0002.uasset" 6441
"../../../Engine/Content/EngineMaterials/Substrate/GLints/dict_16_192_64_0p5_0p02_0015_0001.uasset" 6442
"/Engine/EngineMaterials/Substrate/GLints/dict_16_192_64_0p5_0p02_0016_0006" 6443
"../../../Engine/Content/EngineMaterials/Substrate/GLints/dict_16_192_64_0p5_0p02_0015_0000.uasset" 6444
"/Engine/EngineMaterials/Substrate/GLints/dict_16_192_64_0p5_0p02_0016_0007" 6445
"/Engine/EngineMaterials/Substrate/GLints/dict_16_192_64_0p5_0p02_0016_0008" 6446
"/Engine/EngineMaterials/Substrate/GLints/dict_16_192_64_0p5_0p02_0016_0009" 6447
"/Engine/EngineMaterials/Substrate/GLints/dict_16_192_64_0p5_0p02_0016_0010" 6448
"/Engine/EngineMaterials/Substrate/GLints/dict_16_192_64_0p5_0p02_0016_0002" 6449
"/Engine/EngineMaterials/Substrate/GLints/dict_16_192_64_0p5_0p02_0016_0003" 6450
"/Engine/EngineMaterials/Substrate/GLints/dict_16_192_64_0p5_0p02_0016_0011" 6451
"/Engine/EngineMaterials/Substrate/GLints/dict_16_192_64_0p5_0p02_0016_0012" 6452
"/Engine/EngineMaterials/Substrate/GLints/dict_16_192_64_0p5_0p02_0016_0013" 6453
"/Engine/EngineMaterials/Substrate/GLints/dict_16_192_64_0p5_0p02_0016_0014" 6454
"/Engine/EngineMaterials/Substrate/GLints/dict_16_192_64_0p5_0p02_0016_0015" 6455
"../../../Engine/Content/EngineMaterials/Substrate/GLints/dict_16_192_64_0p5_0p02_0014_0014.uasset" 6456
"../../../Engine/Content/EngineMaterials/Substrate/GLints/dict_16_192_64_0p5_0p02_0014_0015.uasset" 6457
"../../../Engine/Content/EngineMaterials/Substrate/GLints/dict_16_192_64_0p5_0p02_0014_0013.uasset" 6458
"../../../Engine/Content/EngineMaterials/Substrate/GLints/dict_16_192_64_0p5_0p02_0014_0012.uasset" 6459
"/Engine/EngineMaterials/Substrate/GLints/dict_16_192_64_0p5_0p02_0015_0000" 6460
"../../../Engine/Content/EngineMaterials/Substrate/GLints/dict_16_192_64_0p5_0p02_0014_0011.uasset" 6461
"../../../Engine/Content/EngineMaterials/Substrate/GLints/dict_16_192_64_0p5_0p02_0014_0010.uasset" 6462
"../../../Engine/Content/EngineMaterials/Substrate/GLints/dict_16_192_64_0p5_0p02_0014_0009.uasset" 6463
"../../../Engine/Content/EngineMaterials/Substrate/GLints/dict_16_192_64_0p5_0p02_0014_0008.uasset" 6464
"../../../Engine/Content/EngineMaterials/Substrate/GLints/dict_16_192_64_0p5_0p02_0014_0007.uasset" 6465
"../../../Engine/Content/EngineMaterials/Substrate/GLints/dict_16_192_64_0p5_0p02_0014_0006.uasset" 6466
"/Engine/EngineMaterials/Substrate/GLints/dict_16_192_64_0p5_0p02_0015_0001" 6467
"/Engine/EngineMaterials/Substrate/GLints/dict_16_192_64_0p5_0p02_0015_0002" 6468
"/Engine/EngineMaterials/Substrate/GLints/dict_16_192_64_0p5_0p02_0015_0003" 6469
"/Engine/EngineMaterials/Substrate/GLints/dict_16_192_64_0p5_0p02_0015_0004" 6470
"/Engine/EngineMaterials/Substrate/GLints/dict_16_192_64_0p5_0p02_0015_0005" 6471
"/Engine/EngineMaterials/Substrate/GLints/dict_16_192_64_0p5_0p02_0015_0006" 6472
"/Engine/EngineMaterials/Substrate/GLints/dict_16_192_64_0p5_0p02_0015_0007" 6473
"/Engine/EngineMaterials/Substrate/GLints/dict_16_192_64_0p5_0p02_0015_0008" 6474
"/Engine/EngineMaterials/Substrate/GLints/dict_16_192_64_0p5_0p02_0015_0009" 6475
"/Engine/EngineMaterials/Substrate/GLints/dict_16_192_64_0p5_0p02_0015_0010" 6476
"/Engine/EngineMaterials/Substrate/GLints/dict_16_192_64_0p5_0p02_0015_0011" 6477
"/Engine/EngineMaterials/Substrate/GLints/dict_16_192_64_0p5_0p02_0015_0012" 6478
"/Engine/EngineMaterials/Substrate/GLints/dict_16_192_64_0p5_0p02_0015_0013" 6479
"/Engine/EngineMaterials/Substrate/GLints/dict_16_192_64_0p5_0p02_0015_0014" 6480
"/Engine/EngineMaterials/Substrate/GLints/dict_16_192_64_0p5_0p02_0015_0015" 6481
"/Engine/EngineMaterials/Substrate/GLints/dict_16_192_64_0p5_0p02_0016_0000" 6482
"/Engine/EngineMaterials/Substrate/GLints/dict_16_192_64_0p5_0p02_0016_0001" 6483
"/Engine/EngineMaterials/Substrate/GLints/dict_16_192_64_0p5_0p02_0014_0014" 6484
"/Engine/EngineMaterials/Substrate/GLints/dict_16_192_64_0p5_0p02_0014_0015" 6485
"../../../Engine/Content/EngineMaterials/Substrate/GLints/dict_16_192_64_0p5_0p02_0014_0004.uasset" 6486
"../../../Engine/Content/EngineMaterials/Substrate/GLints/dict_16_192_64_0p5_0p02_0014_0005.uasset" 6487
"../../../Engine/Content/EngineMaterials/Substrate/GLints/dict_16_192_64_0p5_0p02_0014_0003.uasset" 6488
"/Engine/EngineMaterials/Substrate/GLints/dict_16_192_64_0p5_0p02_0014_0004" 6489
"../../../Engine/Content/EngineMaterials/Substrate/GLints/dict_16_192_64_0p5_0p02_0014_0002.uasset" 6490
"../../../Engine/Content/EngineMaterials/Substrate/GLints/dict_16_192_64_0p5_0p02_0014_0001.uasset" 6491
"../../../Engine/Content/EngineMaterials/Substrate/GLints/dict_16_192_64_0p5_0p02_0014_0000.uasset" 6492
"../../../Engine/Content/EngineMaterials/Substrate/GLints/dict_16_192_64_0p5_0p02_0013_0015.uasset" 6493
"../../../Engine/Content/EngineMaterials/Substrate/GLints/dict_16_192_64_0p5_0p02_0013_0014.uasset" 6494
"../../../Engine/Content/EngineMaterials/Substrate/GLints/dict_16_192_64_0p5_0p02_0013_0013.uasset" 6495
"../../../Engine/Content/EngineMaterials/Substrate/GLints/dict_16_192_64_0p5_0p02_0013_0012.uasset" 6496
"../../../Engine/Content/EngineMaterials/Substrate/GLints/dict_16_192_64_0p5_0p02_0013_0011.uasset" 6497
"../../../Engine/Content/EngineMaterials/Substrate/GLints/dict_16_192_64_0p5_0p02_0013_0010.uasset" 6498
"../../../Engine/Content/EngineMaterials/Substrate/GLints/dict_16_192_64_0p5_0p02_0013_0009.uasset" 6499
"../../../Engine/Content/EngineMaterials/Substrate/GLints/dict_16_192_64_0p5_0p02_0013_0007.uasset" 6500
"../../../Engine/Content/EngineMaterials/Substrate/GLints/dict_16_192_64_0p5_0p02_0013_0005.uasset" 6501
"../../../Engine/Content/EngineMaterials/Substrate/GLints/dict_16_192_64_0p5_0p02_0013_0006.uasset" 6502
"../../../Engine/Content/EngineMaterials/Substrate/GLints/dict_16_192_64_0p5_0p02_0013_0003.uasset" 6503
"/Engine/EngineMaterials/Substrate/GLints/dict_16_192_64_0p5_0p02_0014_0005" 6504
"../../../Engine/Content/EngineMaterials/Substrate/GLints/dict_16_192_64_0p5_0p02_0013_0001.uasset" 6505
"../../../Engine/Content/EngineMaterials/Substrate/GLints/dict_16_192_64_0p5_0p02_0013_0000.uasset" 6506
"../../../Engine/Content/EngineMaterials/Substrate/GLints/dict_16_192_64_0p5_0p02_0012_0015.uasset" 6507
"../../../Engine/Content/EngineMaterials/Substrate/GLints/dict_16_192_64_0p5_0p02_0013_0008.uasset" 6508
"../../../Engine/Content/EngineMaterials/Substrate/GLints/dict_16_192_64_0p5_0p02_0012_0014.uasset" 6509
"../../../Engine/Content/EngineMaterials/Substrate/GLints/dict_16_192_64_0p5_0p02_0013_0004.uasset" 6510
"../../../Engine/Content/EngineMaterials/Substrate/GLints/dict_16_192_64_0p5_0p02_0013_0002.uasset" 6511
"/Engine/EngineMaterials/Substrate/GLints/dict_16_192_64_0p5_0p02_0014_0006" 6512
"/Engine/EngineMaterials/Substrate/GLints/dict_16_192_64_0p5_0p02_0014_0007" 6513
"/Engine/EngineMaterials/Substrate/GLints/dict_16_192_64_0p5_0p02_0014_0008" 6514
"/Engine/EngineMaterials/Substrate/GLints/dict_16_192_64_0p5_0p02_0014_0009" 6515
"/Engine/EngineMaterials/Substrate/GLints/dict_16_192_64_0p5_0p02_0014_0010" 6516
"/Engine/EngineMaterials/Substrate/GLints/dict_16_192_64_0p5_0p02_0014_0011" 6517
"/Engine/EngineMaterials/Substrate/GLints/dict_16_192_64_0p5_0p02_0014_0012" 6518
"/Engine/EngineMaterials/Substrate/GLints/dict_16_192_64_0p5_0p02_0014_0013" 6519
"../../../Engine/Content/EngineMaterials/Substrate/GLints/dict_16_192_64_0p5_0p02_0012_0013.uasset" 6520
"../../../Engine/Content/EngineMaterials/Substrate/GLints/dict_16_192_64_0p5_0p02_0012_0011.uasset" 6521
"../../../Engine/Content/EngineMaterials/Substrate/GLints/dict_16_192_64_0p5_0p02_0012_0012.uasset" 6522
"../../../Engine/Content/EngineMaterials/Substrate/GLints/dict_16_192_64_0p5_0p02_0012_0009.uasset" 6523
"/Engine/EngineMaterials/Substrate/GLints/dict_16_192_64_0p5_0p02_0012_0014" 6524
"../../../Engine/Content/EngineMaterials/Substrate/GLints/dict_16_192_64_0p5_0p02_0012_0008.uasset" 6525
"../../../Engine/Content/EngineMaterials/Substrate/GLints/dict_16_192_64_0p5_0p02_0012_0007.uasset" 6526
"../../../Engine/Content/EngineMaterials/Substrate/GLints/dict_16_192_64_0p5_0p02_0012_0006.uasset" 6527
"../../../Engine/Content/EngineMaterials/Substrate/GLints/dict_16_192_64_0p5_0p02_0012_0010.uasset" 6528
"../../../Engine/Content/EngineMaterials/Substrate/GLints/dict_16_192_64_0p5_0p02_0012_0005.uasset" 6529
"/Engine/EngineMaterials/Substrate/GLints/dict_16_192_64_0p5_0p02_0012_0015" 6530
"../../../Engine/Content/EngineMaterials/Substrate/GLints/dict_16_192_64_0p5_0p02_0012_0004.uasset" 6531
"/Engine/EngineMaterials/Substrate/GLints/dict_16_192_64_0p5_0p02_0013_0000" 6532
"/Engine/EngineMaterials/Substrate/GLints/dict_16_192_64_0p5_0p02_0013_0001" 6533
"/Engine/EngineMaterials/Substrate/GLints/dict_16_192_64_0p5_0p02_0013_0002" 6534
"/Engine/EngineMaterials/Substrate/GLints/dict_16_192_64_0p5_0p02_0013_0003" 6535
"/Engine/EngineMaterials/Substrate/GLints/dict_16_192_64_0p5_0p02_0013_0004" 6536
"/Engine/EngineMaterials/Substrate/GLints/dict_16_192_64_0p5_0p02_0013_0005" 6537
"/Engine/EngineMaterials/Substrate/GLints/dict_16_192_64_0p5_0p02_0014_0002" 6538
"/Engine/EngineMaterials/Substrate/GLints/dict_16_192_64_0p5_0p02_0014_0003" 6539
"/Engine/EngineMaterials/Substrate/GLints/dict_16_192_64_0p5_0p02_0013_0006" 6540
"/Engine/EngineMaterials/Substrate/GLints/dict_16_192_64_0p5_0p02_0013_0007" 6541
"/Engine/EngineMaterials/Substrate/GLints/dict_16_192_64_0p5_0p02_0013_0008" 6542
"/Engine/EngineMaterials/Substrate/GLints/dict_16_192_64_0p5_0p02_0013_0009" 6543
"/Engine/EngineMaterials/Substrate/GLints/dict_16_192_64_0p5_0p02_0013_0010" 6544
"/Engine/EngineMaterials/Substrate/GLints/dict_16_192_64_0p5_0p02_0013_0011" 6545
"/Engine/EngineMaterials/Substrate/GLints/dict_16_192_64_0p5_0p02_0013_0012" 6546
"/Engine/EngineMaterials/Substrate/GLints/dict_16_192_64_0p5_0p02_0013_0013" 6547
"/Engine/EngineMaterials/Substrate/GLints/dict_16_192_64_0p5_0p02_0013_0014" 6548
"/Engine/EngineMaterials/Substrate/GLints/dict_16_192_64_0p5_0p02_0013_0015" 6549
"/Engine/EngineMaterials/Substrate/GLints/dict_16_192_64_0p5_0p02_0012_0011" 6550
"/Engine/EngineMaterials/Substrate/GLints/dict_16_192_64_0p5_0p02_0012_0012" 6551
"/Engine/EngineMaterials/Substrate/GLints/dict_16_192_64_0p5_0p02_0012_0013" 6552
"/Engine/EngineMaterials/Substrate/GLints/dict_16_192_64_0p5_0p02_0014_0000" 6553
"/Engine/EngineMaterials/Substrate/GLints/dict_16_192_64_0p5_0p02_0014_0001" 6554
"../../../Engine/Content/EngineMaterials/Substrate/GLints/dict_16_192_64_0p5_0p02_0012_0003.uasset" 6555
"../../../Engine/Content/EngineMaterials/Substrate/GLints/dict_16_192_64_0p5_0p02_0012_0002.uasset" 6556
"../../../Engine/Content/EngineMaterials/Substrate/GLints/dict_16_192_64_0p5_0p02_0012_0001.uasset" 6557
"../../../Engine/Content/EngineMaterials/Substrate/GLints/dict_16_192_64_0p5_0p02_0012_0000.uasset" 6558
"/Engine/EngineMaterials/Substrate/GLints/dict_16_192_64_0p5_0p02_0012_0004" 6559
"../../../Engine/Content/EngineMaterials/Substrate/GLints/dict_16_192_64_0p5_0p02_0011_0015.uasset" 6560
"../../../Engine/Content/EngineMaterials/Substrate/GLints/dict_16_192_64_0p5_0p02_0011_0014.uasset" 6561
"../../../Engine/Content/EngineMaterials/Substrate/GLints/dict_16_192_64_0p5_0p02_0011_0013.uasset" 6562
"../../../Engine/Content/EngineMaterials/Substrate/GLints/dict_16_192_64_0p5_0p02_0011_0012.uasset" 6563
"../../../Engine/Content/EngineMaterials/Substrate/GLints/dict_16_192_64_0p5_0p02_0011_0011.uasset" 6564
"../../../Engine/Content/EngineMaterials/Substrate/GLints/dict_16_192_64_0p5_0p02_0011_0010.uasset" 6565
"../../../Engine/Content/EngineMaterials/Substrate/GLints/dict_16_192_64_0p5_0p02_0011_0009.uasset" 6566
"/Engine/EngineMaterials/Substrate/GLints/dict_16_192_64_0p5_0p02_0012_0005" 6567
"../../../Engine/Content/EngineMaterials/Substrate/GLints/dict_16_192_64_0p5_0p02_0011_0008.uasset" 6568
"../../../Engine/Content/EngineMaterials/Substrate/GLints/dict_16_192_64_0p5_0p02_0011_0007.uasset" 6569
"../../../Engine/Content/EngineMaterials/Substrate/GLints/dict_16_192_64_0p5_0p02_0011_0006.uasset" 6570
"../../../Engine/Content/EngineMaterials/Substrate/GLints/dict_16_192_64_0p5_0p02_0011_0005.uasset" 6571
"../../../Engine/Content/EngineMaterials/Substrate/GLints/dict_16_192_64_0p5_0p02_0011_0004.uasset" 6572
"../../../Engine/Content/EngineMaterials/Substrate/GLints/dict_16_192_64_0p5_0p02_0011_0003.uasset" 6573
"../../../Engine/Content/EngineMaterials/Substrate/GLints/dict_16_192_64_0p5_0p02_0011_0002.uasset" 6574
"/Engine/EngineMaterials/Substrate/GLints/dict_16_192_64_0p5_0p02_0012_0006" 6575
"../../../Engine/Content/EngineMaterials/Substrate/GLints/dict_16_192_64_0p5_0p02_0011_0001.uasset" 6576
"../../../Engine/Content/EngineMaterials/Substrate/GLints/dict_16_192_64_0p5_0p02_0010_0015.uasset" 6577
"../../../Engine/Content/EngineMaterials/Substrate/GLints/dict_16_192_64_0p5_0p02_0010_0014.uasset" 6578
"../../../Engine/Content/EngineMaterials/Substrate/GLints/dict_16_192_64_0p5_0p02_0011_0000.uasset" 6579
"../../../Engine/Content/EngineMaterials/Substrate/GLints/dict_16_192_64_0p5_0p02_0010_0013.uasset" 6580
"/Engine/EngineMaterials/Substrate/GLints/dict_16_192_64_0p5_0p02_0012_0007" 6581
"../../../Engine/Content/EngineMaterials/Substrate/GLints/dict_16_192_64_0p5_0p02_0010_0012.uasset" 6582
"../../../Engine/Content/EngineMaterials/Substrate/GLints/dict_16_192_64_0p5_0p02_0010_0011.uasset" 6583
"/Engine/EngineMaterials/Substrate/GLints/dict_16_192_64_0p5_0p02_0012_0008" 6584
"/Engine/EngineMaterials/Substrate/GLints/dict_16_192_64_0p5_0p02_0012_0009" 6585
"/Engine/EngineMaterials/Substrate/GLints/dict_16_192_64_0p5_0p02_0012_0010" 6586
"/Engine/EngineMaterials/Substrate/GLints/dict_16_192_64_0p5_0p02_0012_0002" 6587
"/Engine/EngineMaterials/Substrate/GLints/dict_16_192_64_0p5_0p02_0012_0003" 6588
"../../../Engine/Content/EngineMaterials/Substrate/GLints/dict_16_192_64_0p5_0p02_0010_0010.uasset" 6589
"../../../Engine/Content/EngineMaterials/Substrate/GLints/dict_16_192_64_0p5_0p02_0010_0009.uasset" 6590
"/Engine/EngineMaterials/Substrate/GLints/dict_16_192_64_0p5_0p02_0010_0011" 6591
"../../../Engine/Content/EngineMaterials/Substrate/GLints/dict_16_192_64_0p5_0p02_0010_0008.uasset" 6592
"../../../Engine/Content/EngineMaterials/Substrate/GLints/dict_16_192_64_0p5_0p02_0010_0007.uasset" 6593
"../../../Engine/Content/EngineMaterials/Substrate/GLints/dict_16_192_64_0p5_0p02_0010_0006.uasset" 6594
"../../../Engine/Content/EngineMaterials/Substrate/GLints/dict_16_192_64_0p5_0p02_0010_0005.uasset" 6595
"../../../Engine/Content/EngineMaterials/Substrate/GLints/dict_16_192_64_0p5_0p02_0010_0004.uasset" 6596
"../../../Engine/Content/EngineMaterials/Substrate/GLints/dict_16_192_64_0p5_0p02_0010_0003.uasset" 6597
"../../../Engine/Content/EngineMaterials/Substrate/GLints/dict_16_192_64_0p5_0p02_0010_0002.uasset" 6598
"/Engine/EngineMaterials/Substrate/GLints/dict_16_192_64_0p5_0p02_0010_0012" 6599
"/Engine/EngineMaterials/Substrate/GLints/dict_16_192_64_0p5_0p02_0010_0013" 6600
"/Engine/EngineMaterials/Substrate/GLints/dict_16_192_64_0p5_0p02_0010_0014" 6601
"/Engine/EngineMaterials/Substrate/GLints/dict_16_192_64_0p5_0p02_0010_0015" 6602
"/Engine/EngineMaterials/Substrate/GLints/dict_16_192_64_0p5_0p02_0011_0000" 6603
"/Engine/EngineMaterials/Substrate/GLints/dict_16_192_64_0p5_0p02_0011_0001" 6604
"/Engine/EngineMaterials/Substrate/GLints/dict_16_192_64_0p5_0p02_0011_0002" 6605
"/Engine/EngineMaterials/Substrate/GLints/dict_16_192_64_0p5_0p02_0011_0003" 6606
"/Engine/EngineMaterials/Substrate/GLints/dict_16_192_64_0p5_0p02_0011_0004" 6607
"/Engine/EngineMaterials/Substrate/GLints/dict_16_192_64_0p5_0p02_0011_0005" 6608
"/Engine/EngineMaterials/Substrate/GLints/dict_16_192_64_0p5_0p02_0011_0006" 6609
"/Engine/EngineMaterials/Substrate/GLints/dict_16_192_64_0p5_0p02_0011_0007" 6610
"/Engine/EngineMaterials/Substrate/GLints/dict_16_192_64_0p5_0p02_0011_0008" 6611
"/Engine/EngineMaterials/Substrate/GLints/dict_16_192_64_0p5_0p02_0011_0009" 6612
"/Engine/EngineMaterials/Substrate/GLints/dict_16_192_64_0p5_0p02_0011_0010" 6613
"/Engine/EngineMaterials/Substrate/GLints/dict_16_192_64_0p5_0p02_0011_0011" 6614
"/Engine/EngineMaterials/Substrate/GLints/dict_16_192_64_0p5_0p02_0011_0012" 6615
"/Engine/EngineMaterials/Substrate/GLints/dict_16_192_64_0p5_0p02_0011_0013" 6616
"/Engine/EngineMaterials/Substrate/GLints/dict_16_192_64_0p5_0p02_0011_0014" 6617
"/Engine/EngineMaterials/Substrate/GLints/dict_16_192_64_0p5_0p02_0011_0015" 6618
"/Engine/EngineMaterials/Substrate/GLints/dict_16_192_64_0p5_0p02_0012_0000" 6619
"/Engine/EngineMaterials/Substrate/GLints/dict_16_192_64_0p5_0p02_0012_0001" 6620
"/Engine/EngineMaterials/Substrate/GLints/dict_16_192_64_0p5_0p02_0010_0009" 6621
"/Engine/EngineMaterials/Substrate/GLints/dict_16_192_64_0p5_0p02_0010_0010" 6622
"../../../Engine/Content/EngineMaterials/Substrate/GLints/dict_16_192_64_0p5_0p02_0010_0001.uasset" 6623
"../../../Engine/Content/EngineMaterials/Substrate/GLints/dict_16_192_64_0p5_0p02_0010_0000.uasset" 6624
"../../../Engine/Content/EngineMaterials/Substrate/GLints/dict_16_192_64_0p5_0p02_0009_0015.uasset" 6625
"/Engine/EngineMaterials/Substrate/GLints/dict_16_192_64_0p5_0p02_0010_0002" 6626
"../../../Engine/Content/EngineMaterials/Substrate/GLints/dict_16_192_64_0p5_0p02_0009_0014.uasset" 6627
"../../../Engine/Content/EngineMaterials/Substrate/GLints/dict_16_192_64_0p5_0p02_0009_0013.uasset" 6628
"../../../Engine/Content/EngineMaterials/Substrate/GLints/dict_16_192_64_0p5_0p02_0009_0012.uasset" 6629
"../../../Engine/Content/EngineMaterials/Substrate/GLints/dict_16_192_64_0p5_0p02_0009_0011.uasset" 6630
"../../../Engine/Content/EngineMaterials/Substrate/GLints/dict_16_192_64_0p5_0p02_0009_0010.uasset" 6631
"../../../Engine/Content/EngineMaterials/Substrate/GLints/dict_16_192_64_0p5_0p02_0009_0009.uasset" 6632
"../../../Engine/Content/EngineMaterials/Substrate/GLints/dict_16_192_64_0p5_0p02_0009_0008.uasset" 6633
"../../../Engine/Content/EngineMaterials/Substrate/GLints/dict_16_192_64_0p5_0p02_0009_0007.uasset" 6634
"/Engine/EngineMaterials/Substrate/GLints/dict_16_192_64_0p5_0p02_0010_0003" 6635
"../../../Engine/Content/EngineMaterials/Substrate/GLints/dict_16_192_64_0p5_0p02_0009_0006.uasset" 6636
"../../../Engine/Content/EngineMaterials/Substrate/GLints/dict_16_192_64_0p5_0p02_0009_0005.uasset" 6637
"../../../Engine/Content/EngineMaterials/Substrate/GLints/dict_16_192_64_0p5_0p02_0009_0004.uasset" 6638
"../../../Engine/Content/EngineMaterials/Substrate/GLints/dict_16_192_64_0p5_0p02_0009_0003.uasset" 6639
"../../../Engine/Content/EngineMaterials/Substrate/GLints/dict_16_192_64_0p5_0p02_0009_0002.uasset" 6640
"../../../Engine/Content/EngineMaterials/Substrate/GLints/dict_16_192_64_0p5_0p02_0009_0001.uasset" 6641
"../../../Engine/Content/EngineMaterials/Substrate/GLints/dict_16_192_64_0p5_0p02_0009_0000.uasset" 6642
"../../../Engine/Content/EngineMaterials/Substrate/GLints/dict_16_192_64_0p5_0p02_0008_0015.uasset" 6643
"../../../Engine/Content/EngineMaterials/Substrate/GLints/dict_16_192_64_0p5_0p02_0008_0014.uasset" 6644
"/Engine/EngineMaterials/Substrate/GLints/dict_16_192_64_0p5_0p02_0010_0004" 6645
"../../../Engine/Content/EngineMaterials/Substrate/GLints/dict_16_192_64_0p5_0p02_0008_0012.uasset" 6646
"../../../Engine/Content/EngineMaterials/Substrate/GLints/dict_16_192_64_0p5_0p02_0008_0013.uasset" 6647
"../../../Engine/Content/EngineMaterials/Substrate/GLints/dict_16_192_64_0p5_0p02_0008_0011.uasset" 6648
"../../../Engine/Content/EngineMaterials/Substrate/GLints/dict_16_192_64_0p5_0p02_0008_0010.uasset" 6649
"../../../Engine/Content/EngineMaterials/Substrate/GLints/dict_16_192_64_0p5_0p02_0008_0009.uasset" 6650
"/Engine/EngineMaterials/Substrate/GLints/dict_16_192_64_0p5_0p02_0010_0005" 6651
"/Engine/EngineMaterials/Substrate/GLints/dict_16_192_64_0p5_0p02_0010_0006" 6652
"/Engine/EngineMaterials/Substrate/GLints/dict_16_192_64_0p5_0p02_0010_0007" 6653
"/Engine/EngineMaterials/Substrate/GLints/dict_16_192_64_0p5_0p02_0010_0008" 6654
"/Engine/EngineMaterials/Substrate/GLints/dict_16_192_64_0p5_0p02_0010_0000" 6655
"/Engine/EngineMaterials/Substrate/GLints/dict_16_192_64_0p5_0p02_0010_0001" 6656
"../../../Engine/Content/EngineMaterials/Substrate/GLints/dict_16_192_64_0p5_0p02_0008_0008.uasset" 6657
"../../../Engine/Content/EngineMaterials/Substrate/GLints/dict_16_192_64_0p5_0p02_0008_0007.uasset" 6658
"/Engine/EngineMaterials/Substrate/GLints/dict_16_192_64_0p5_0p02_0008_0009" 6659
"../../../Engine/Content/EngineMaterials/Substrate/GLints/dict_16_192_64_0p5_0p02_0008_0006.uasset" 6660
"../../../Engine/Content/EngineMaterials/Substrate/GLints/dict_16_192_64_0p5_0p02_0008_0005.uasset" 6661
"../../../Engine/Content/EngineMaterials/Substrate/GLints/dict_16_192_64_0p5_0p02_0008_0004.uasset" 6662
"../../../Engine/Content/EngineMaterials/Substrate/GLints/dict_16_192_64_0p5_0p02_0008_0003.uasset" 6663
"../../../Engine/Content/EngineMaterials/Substrate/GLints/dict_16_192_64_0p5_0p02_0008_0002.uasset" 6664
"../../../Engine/Content/EngineMaterials/Substrate/GLints/dict_16_192_64_0p5_0p02_0008_0000.uasset" 6665
"../../../Engine/Content/EngineMaterials/Substrate/GLints/dict_16_192_64_0p5_0p02_0008_0001.uasset" 6666
"/Engine/EngineMaterials/Substrate/GLints/dict_16_192_64_0p5_0p02_0008_0010" 6667
"/Engine/EngineMaterials/Substrate/GLints/dict_16_192_64_0p5_0p02_0008_0011" 6668
"/Engine/EngineMaterials/Substrate/GLints/dict_16_192_64_0p5_0p02_0008_0012" 6669
"/Engine/EngineMaterials/Substrate/GLints/dict_16_192_64_0p5_0p02_0008_0013" 6670
"/Engine/EngineMaterials/Substrate/GLints/dict_16_192_64_0p5_0p02_0008_0014" 6671
"/Engine/EngineMaterials/Substrate/GLints/dict_16_192_64_0p5_0p02_0008_0015" 6672
"/Engine/EngineMaterials/Substrate/GLints/dict_16_192_64_0p5_0p02_0009_0000" 6673
"/Engine/EngineMaterials/Substrate/GLints/dict_16_192_64_0p5_0p02_0009_0001" 6674
"/Engine/EngineMaterials/Substrate/GLints/dict_16_192_64_0p5_0p02_0009_0002" 6675
"/Engine/EngineMaterials/Substrate/GLints/dict_16_192_64_0p5_0p02_0009_0003" 6676
"/Engine/EngineMaterials/Substrate/GLints/dict_16_192_64_0p5_0p02_0009_0004" 6677
"/Engine/EngineMaterials/Substrate/GLints/dict_16_192_64_0p5_0p02_0009_0005" 6678
"/Engine/EngineMaterials/Substrate/GLints/dict_16_192_64_0p5_0p02_0009_0006" 6679
"/Engine/EngineMaterials/Substrate/GLints/dict_16_192_64_0p5_0p02_0009_0007" 6680
"/Engine/EngineMaterials/Substrate/GLints/dict_16_192_64_0p5_0p02_0009_0008" 6681
"/Engine/EngineMaterials/Substrate/GLints/dict_16_192_64_0p5_0p02_0009_0009" 6682
"/Engine/EngineMaterials/Substrate/GLints/dict_16_192_64_0p5_0p02_0009_0010" 6683
"/Engine/EngineMaterials/Substrate/GLints/dict_16_192_64_0p5_0p02_0009_0011" 6684
"/Engine/EngineMaterials/Substrate/GLints/dict_16_192_64_0p5_0p02_0009_0012" 6685
"/Engine/EngineMaterials/Substrate/GLints/dict_16_192_64_0p5_0p02_0009_0013" 6686
"/Engine/EngineMaterials/Substrate/GLints/dict_16_192_64_0p5_0p02_0009_0014" 6687
"/Engine/EngineMaterials/Substrate/GLints/dict_16_192_64_0p5_0p02_0009_0015" 6688
"/Engine/EngineMaterials/Substrate/GLints/dict_16_192_64_0p5_0p02_0008_0000" 6689
"/Engine/EngineMaterials/Substrate/GLints/dict_16_192_64_0p5_0p02_0008_0001" 6690
"/Engine/EngineMaterials/Substrate/GLints/dict_16_192_64_0p5_0p02_0008_0002" 6691
"/Engine/EngineMaterials/Substrate/GLints/dict_16_192_64_0p5_0p02_0008_0003" 6692
"/Engine/EngineMaterials/Substrate/GLints/dict_16_192_64_0p5_0p02_0008_0004" 6693
"/Engine/EngineMaterials/Substrate/GLints/dict_16_192_64_0p5_0p02_0008_0005" 6694
"/Engine/EngineMaterials/Substrate/GLints/dict_16_192_64_0p5_0p02_0008_0006" 6695
"/Engine/EngineMaterials/Substrate/GLints/dict_16_192_64_0p5_0p02_0008_0007" 6696
"../../../Engine/Content/EngineMaterials/Substrate/GLints/dict_16_192_64_0p5_0p02_0007_0013.uasset" 6697
"../../../Engine/Content/EngineMaterials/Substrate/GLints/dict_16_192_64_0p5_0p02_0007_0015.uasset" 6698
"../../../Engine/Content/EngineMaterials/Substrate/GLints/dict_16_192_64_0p5_0p02_0007_0014.uasset" 6699
"../../../Engine/Content/EngineMaterials/Substrate/GLints/dict_16_192_64_0p5_0p02_0007_0011.uasset" 6700
"../../../Engine/Content/EngineMaterials/Substrate/GLints/dict_16_192_64_0p5_0p02_0007_0012.uasset" 6701
"/Engine/EngineMaterials/Substrate/GLints/dict_16_192_64_0p5_0p02_0008_0008" 6702
"../../../Engine/Content/EngineMaterials/Substrate/GLints/dict_16_192_64_0p5_0p02_0007_0010.uasset" 6703
"../../../Engine/Content/EngineMaterials/Substrate/GLints/dict_16_192_64_0p5_0p02_0007_0009.uasset" 6704
"../../../Engine/Content/EngineMaterials/Substrate/GLints/dict_16_192_64_0p5_0p02_0007_0008.uasset" 6705
"../../../Engine/Content/EngineMaterials/Substrate/GLints/dict_16_192_64_0p5_0p02_0007_0007.uasset" 6706
"../../../Engine/Content/EngineMaterials/Substrate/GLints/dict_16_192_64_0p5_0p02_0007_0003.uasset" 6707
"../../../Engine/Content/EngineMaterials/Substrate/GLints/dict_16_192_64_0p5_0p02_0007_0006.uasset" 6708
"../../../Engine/Content/EngineMaterials/Substrate/GLints/dict_16_192_64_0p5_0p02_0007_0004.uasset" 6709
"../../../Engine/Content/EngineMaterials/Substrate/GLints/dict_16_192_64_0p5_0p02_0007_0005.uasset" 6710
"../../../Engine/Content/EngineMaterials/Substrate/GLints/dict_16_192_64_0p5_0p02_0007_0002.uasset" 6711
"../../../Engine/Content/EngineMaterials/Substrate/GLints/dict_16_192_64_0p5_0p02_0007_0001.uasset" 6712
"../../../Engine/Content/EngineMaterials/Substrate/GLints/dict_16_192_64_0p5_0p02_0007_0000.uasset" 6713
"../../../Engine/Content/EngineMaterials/Substrate/GLints/dict_16_192_64_0p5_0p02_0006_0015.uasset" 6714
"../../../Engine/Content/EngineMaterials/Substrate/GLints/dict_16_192_64_0p5_0p02_0006_0014.uasset" 6715
"../../../Engine/Content/EngineMaterials/Substrate/GLints/dict_16_192_64_0p5_0p02_0006_0013.uasset" 6716
"../../../Engine/Content/EngineMaterials/Substrate/GLints/dict_16_192_64_0p5_0p02_0006_0012.uasset" 6717
"../../../Engine/Content/EngineMaterials/Substrate/GLints/dict_16_192_64_0p5_0p02_0006_0010.uasset" 6718
"../../../Engine/Content/EngineMaterials/Substrate/GLints/dict_16_192_64_0p5_0p02_0006_0011.uasset" 6719
"/Engine/EngineMaterials/Substrate/GLints/dict_16_192_64_0p5_0p02_0006_0014" 6720
"../../../Engine/Content/EngineMaterials/Substrate/GLints/dict_16_192_64_0p5_0p02_0006_0009.uasset" 6721
"../../../Engine/Content/EngineMaterials/Substrate/GLints/dict_16_192_64_0p5_0p02_0006_0008.uasset" 6722
"../../../Engine/Content/EngineMaterials/Substrate/GLints/dict_16_192_64_0p5_0p02_0006_0006.uasset" 6723
"../../../Engine/Content/EngineMaterials/Substrate/GLints/dict_16_192_64_0p5_0p02_0006_0007.uasset" 6724
"../../../Engine/Content/EngineMaterials/Substrate/GLints/dict_16_192_64_0p5_0p02_0006_0003.uasset" 6725
"../../../Engine/Content/EngineMaterials/Substrate/GLints/dict_16_192_64_0p5_0p02_0006_0004.uasset" 6726
"../../../Engine/Content/EngineMaterials/Substrate/GLints/dict_16_192_64_0p5_0p02_0006_0005.uasset" 6727
"../../../Engine/Content/EngineMaterials/Substrate/GLints/dict_16_192_64_0p5_0p02_0006_0002.uasset" 6728
"../../../Engine/Content/EngineMaterials/Substrate/GLints/dict_16_192_64_0p5_0p02_0006_0001.uasset" 6729
"../../../Engine/Content/EngineMaterials/Substrate/GLints/dict_16_192_64_0p5_0p02_0006_0000.uasset" 6730
"/Engine/EngineMaterials/Substrate/GLints/dict_16_192_64_0p5_0p02_0006_0015" 6731
"/Engine/EngineMaterials/Substrate/GLints/dict_16_192_64_0p5_0p02_0007_0000" 6732
"/Engine/EngineMaterials/Substrate/GLints/dict_16_192_64_0p5_0p02_0007_0001" 6733
"/Engine/EngineMaterials/Substrate/GLints/dict_16_192_64_0p5_0p02_0007_0002" 6734
"/Engine/EngineMaterials/Substrate/GLints/dict_16_192_64_0p5_0p02_0007_0003" 6735
"/Engine/EngineMaterials/Substrate/GLints/dict_16_192_64_0p5_0p02_0007_0004" 6736
"/Engine/EngineMaterials/Substrate/GLints/dict_16_192_64_0p5_0p02_0007_0005" 6737
"/Engine/EngineMaterials/Substrate/GLints/dict_16_192_64_0p5_0p02_0007_0006" 6738
"/Engine/EngineMaterials/Substrate/GLints/dict_16_192_64_0p5_0p02_0007_0007" 6739
"/Engine/EngineMaterials/Substrate/GLints/dict_16_192_64_0p5_0p02_0007_0008" 6740
"/Engine/EngineMaterials/Substrate/GLints/dict_16_192_64_0p5_0p02_0007_0009" 6741
"/Engine/EngineMaterials/Substrate/GLints/dict_16_192_64_0p5_0p02_0007_0010" 6742
"/Engine/EngineMaterials/Substrate/GLints/dict_16_192_64_0p5_0p02_0007_0011" 6743
"/Engine/EngineMaterials/Substrate/GLints/dict_16_192_64_0p5_0p02_0007_0012" 6744
"/Engine/EngineMaterials/Substrate/GLints/dict_16_192_64_0p5_0p02_0007_0013" 6745
"/Engine/EngineMaterials/Substrate/GLints/dict_16_192_64_0p5_0p02_0007_0014" 6746
"/Engine/EngineMaterials/Substrate/GLints/dict_16_192_64_0p5_0p02_0007_0015" 6747
"../../../Engine/Content/EngineMaterials/Substrate/GLints/dict_16_192_64_0p5_0p02_0005_0015.uasset" 6748
"../../../Engine/Content/EngineMaterials/Substrate/GLints/dict_16_192_64_0p5_0p02_0005_0014.uasset" 6749
"/Engine/EngineMaterials/Substrate/GLints/dict_16_192_64_0p5_0p02_0006_0009" 6750
"../../../Engine/Content/EngineMaterials/Substrate/GLints/dict_16_192_64_0p5_0p02_0005_0013.uasset" 6751
"../../../Engine/Content/EngineMaterials/Substrate/GLints/dict_16_192_64_0p5_0p02_0005_0012.uasset" 6752
"../../../Engine/Content/EngineMaterials/Substrate/GLints/dict_16_192_64_0p5_0p02_0005_0011.uasset" 6753
"../../../Engine/Content/EngineMaterials/Substrate/GLints/dict_16_192_64_0p5_0p02_0005_0010.uasset" 6754
"../../../Engine/Content/EngineMaterials/Substrate/GLints/dict_16_192_64_0p5_0p02_0005_0009.uasset" 6755
"../../../Engine/Content/EngineMaterials/Substrate/GLints/dict_16_192_64_0p5_0p02_0005_0008.uasset" 6756
"../../../Engine/Content/EngineMaterials/Substrate/GLints/dict_16_192_64_0p5_0p02_0005_0007.uasset" 6757
"/Engine/EngineMaterials/Substrate/GLints/dict_16_192_64_0p5_0p02_0006_0010" 6758
"../../../Engine/Content/EngineMaterials/Substrate/GLints/dict_16_192_64_0p5_0p02_0005_0006.uasset" 6759
"../../../Engine/Content/EngineMaterials/Substrate/GLints/dict_16_192_64_0p5_0p02_0005_0005.uasset" 6760
"../../../Engine/Content/EngineMaterials/Substrate/GLints/dict_16_192_64_0p5_0p02_0005_0004.uasset" 6761
"../../../Engine/Content/EngineMaterials/Substrate/GLints/dict_16_192_64_0p5_0p02_0005_0002.uasset" 6762
"../../../Engine/Content/EngineMaterials/Substrate/GLints/dict_16_192_64_0p5_0p02_0005_0003.uasset" 6763
"/Engine/EngineMaterials/Substrate/GLints/dict_16_192_64_0p5_0p02_0006_0011" 6764
"../../../Engine/Content/EngineMaterials/Substrate/GLints/dict_16_192_64_0p5_0p02_0005_0001.uasset" 6765
"../../../Engine/Content/EngineMaterials/Substrate/GLints/dict_16_192_64_0p5_0p02_0005_0000.uasset" 6766
"../../../Engine/Content/EngineMaterials/Substrate/GLints/dict_16_192_64_0p5_0p02_0004_0015.uasset" 6767
"../../../Engine/Content/EngineMaterials/Substrate/GLints/dict_16_192_64_0p5_0p02_0004_0014.uasset" 6768
"/Engine/EngineMaterials/Substrate/GLints/dict_16_192_64_0p5_0p02_0006_0012" 6769
"/Engine/EngineMaterials/Substrate/GLints/dict_16_192_64_0p5_0p02_0006_0013" 6770
"/Engine/EngineMaterials/Substrate/GLints/dict_16_192_64_0p5_0p02_0006_0000" 6771
"/Engine/EngineMaterials/Substrate/GLints/dict_16_192_64_0p5_0p02_0006_0001" 6772
"/Engine/EngineMaterials/Substrate/GLints/dict_16_192_64_0p5_0p02_0006_0002" 6773
"/Engine/EngineMaterials/Substrate/GLints/dict_16_192_64_0p5_0p02_0006_0003" 6774
"/Engine/EngineMaterials/Substrate/GLints/dict_16_192_64_0p5_0p02_0006_0004" 6775
"/Engine/EngineMaterials/Substrate/GLints/dict_16_192_64_0p5_0p02_0006_0005" 6776
"/Engine/EngineMaterials/Substrate/GLints/dict_16_192_64_0p5_0p02_0006_0006" 6777
"/Engine/EngineMaterials/Substrate/GLints/dict_16_192_64_0p5_0p02_0006_0007" 6778
"/Engine/EngineMaterials/Substrate/GLints/dict_16_192_64_0p5_0p02_0006_0008" 6779
"../../../Engine/Content/EngineMaterials/Substrate/GLints/dict_16_192_64_0p5_0p02_0004_0013.uasset" 6780
"../../../Engine/Content/EngineMaterials/Substrate/GLints/dict_16_192_64_0p5_0p02_0004_0012.uasset" 6781
"/Engine/EngineMaterials/Substrate/GLints/dict_16_192_64_0p5_0p02_0004_0014" 6782
"../../../Engine/Content/EngineMaterials/Substrate/GLints/dict_16_192_64_0p5_0p02_0004_0011.uasset" 6783
"../../../Engine/Content/EngineMaterials/Substrate/GLints/dict_16_192_64_0p5_0p02_0004_0010.uasset" 6784
"../../../Engine/Content/EngineMaterials/Substrate/GLints/dict_16_192_64_0p5_0p02_0004_0009.uasset" 6785
"../../../Engine/Content/EngineMaterials/Substrate/GLints/dict_16_192_64_0p5_0p02_0004_0008.uasset" 6786
"../../../Engine/Content/EngineMaterials/Substrate/GLints/dict_16_192_64_0p5_0p02_0004_0007.uasset" 6787
"../../../Engine/Content/EngineMaterials/Substrate/GLints/dict_16_192_64_0p5_0p02_0004_0006.uasset" 6788
"../../../Engine/Content/EngineMaterials/Substrate/GLints/dict_16_192_64_0p5_0p02_0004_0005.uasset" 6789
"/Engine/EngineMaterials/Substrate/GLints/dict_16_192_64_0p5_0p02_0004_0015" 6790
"../../../Engine/Content/EngineMaterials/Substrate/GLints/dict_16_192_64_0p5_0p02_0004_0003.uasset" 6791
"../../../Engine/Content/EngineMaterials/Substrate/GLints/dict_16_192_64_0p5_0p02_0004_0004.uasset" 6792
"../../../Engine/Content/EngineMaterials/Substrate/GLints/dict_16_192_64_0p5_0p02_0004_0002.uasset" 6793
"../../../Engine/Content/EngineMaterials/Substrate/GLints/dict_16_192_64_0p5_0p02_0004_0001.uasset" 6794
"/Engine/EngineMaterials/Substrate/GLints/dict_16_192_64_0p5_0p02_0005_0000" 6795
"../../../Engine/Content/EngineMaterials/Substrate/GLints/dict_16_192_64_0p5_0p02_0004_0000.uasset" 6796
"/Engine/EngineMaterials/Substrate/GLints/dict_16_192_64_0p5_0p02_0005_0001" 6797
"/Engine/EngineMaterials/Substrate/GLints/dict_16_192_64_0p5_0p02_0005_0002" 6798
"/Engine/EngineMaterials/Substrate/GLints/dict_16_192_64_0p5_0p02_0005_0003" 6799
"/Engine/EngineMaterials/Substrate/GLints/dict_16_192_64_0p5_0p02_0005_0004" 6800
"/Engine/EngineMaterials/Substrate/GLints/dict_16_192_64_0p5_0p02_0005_0005" 6801
"/Engine/EngineMaterials/Substrate/GLints/dict_16_192_64_0p5_0p02_0005_0006" 6802
"/Engine/EngineMaterials/Substrate/GLints/dict_16_192_64_0p5_0p02_0005_0007" 6803
"/Engine/EngineMaterials/Substrate/GLints/dict_16_192_64_0p5_0p02_0005_0008" 6804
"/Engine/EngineMaterials/Substrate/GLints/dict_16_192_64_0p5_0p02_0005_0009" 6805
"/Engine/EngineMaterials/Substrate/GLints/dict_16_192_64_0p5_0p02_0005_0010" 6806
"/Engine/EngineMaterials/Substrate/GLints/dict_16_192_64_0p5_0p02_0005_0011" 6807
"/Engine/EngineMaterials/Substrate/GLints/dict_16_192_64_0p5_0p02_0005_0012" 6808
"/Engine/EngineMaterials/Substrate/GLints/dict_16_192_64_0p5_0p02_0005_0013" 6809
"/Engine/EngineMaterials/Substrate/GLints/dict_16_192_64_0p5_0p02_0005_0014" 6810
"/Engine/EngineMaterials/Substrate/GLints/dict_16_192_64_0p5_0p02_0005_0015" 6811
"../../../Engine/Content/EngineMaterials/Substrate/GLints/dict_16_192_64_0p5_0p02_0003_0015.uasset" 6812
"../../../Engine/Content/EngineMaterials/Substrate/GLints/dict_16_192_64_0p5_0p02_0003_0014.uasset" 6813
"/Engine/EngineMaterials/Substrate/GLints/dict_16_192_64_0p5_0p02_0004_0000" 6814
"../../../Engine/Content/EngineMaterials/Substrate/GLints/dict_16_192_64_0p5_0p02_0003_0013.uasset" 6815
"../../../Engine/Content/EngineMaterials/Substrate/GLints/dict_16_192_64_0p5_0p02_0003_0012.uasset" 6816
"../../../Engine/Content/EngineMaterials/Substrate/GLints/dict_16_192_64_0p5_0p02_0003_0011.uasset" 6817
"../../../Engine/Content/EngineMaterials/Substrate/GLints/dict_16_192_64_0p5_0p02_0003_0009.uasset" 6818
"../../../Engine/Content/EngineMaterials/Substrate/GLints/dict_16_192_64_0p5_0p02_0003_0010.uasset" 6819
"../../../Engine/Content/EngineMaterials/Substrate/GLints/dict_16_192_64_0p5_0p02_0003_0008.uasset" 6820
"/Engine/EngineMaterials/Substrate/GLints/dict_16_192_64_0p5_0p02_0004_0001" 6821
"../../../Engine/Content/EngineMaterials/Substrate/GLints/dict_16_192_64_0p5_0p02_0003_0006.uasset" 6822
"../../../Engine/Content/EngineMaterials/Substrate/GLints/dict_16_192_64_0p5_0p02_0003_0007.uasset" 6823
"../../../Engine/Content/EngineMaterials/Substrate/GLints/dict_16_192_64_0p5_0p02_0003_0005.uasset" 6824
"../../../Engine/Content/EngineMaterials/Substrate/GLints/dict_16_192_64_0p5_0p02_0003_0004.uasset" 6825
"../../../Engine/Content/EngineMaterials/Substrate/GLints/dict_16_192_64_0p5_0p02_0003_0003.uasset" 6826
"../../../Engine/Content/EngineMaterials/Substrate/GLints/dict_16_192_64_0p5_0p02_0003_0001.uasset" 6827
"/Engine/EngineMaterials/Substrate/GLints/dict_16_192_64_0p5_0p02_0004_0002" 6828
"../../../Engine/Content/EngineMaterials/Substrate/GLints/dict_16_192_64_0p5_0p02_0003_0002.uasset" 6829
"../../../Engine/Content/EngineMaterials/Substrate/GLints/dict_16_192_64_0p5_0p02_0003_0000.uasset" 6830
"../../../Engine/Content/EngineMaterials/Substrate/GLints/dict_16_192_64_0p5_0p02_0002_0015.uasset" 6831
"../../../Engine/Content/EngineMaterials/Substrate/GLints/dict_16_192_64_0p5_0p02_0002_0014.uasset" 6832
"/Engine/EngineMaterials/Substrate/GLints/dict_16_192_64_0p5_0p02_0004_0003" 6833
"/Engine/EngineMaterials/Substrate/GLints/dict_16_192_64_0p5_0p02_0004_0004" 6834
"/Engine/EngineMaterials/Substrate/GLints/dict_16_192_64_0p5_0p02_0004_0005" 6835
"/Engine/EngineMaterials/Substrate/GLints/dict_16_192_64_0p5_0p02_0004_0006" 6836
"/Engine/EngineMaterials/Substrate/GLints/dict_16_192_64_0p5_0p02_0004_0007" 6837
"/Engine/EngineMaterials/Substrate/GLints/dict_16_192_64_0p5_0p02_0004_0008" 6838
"/Engine/EngineMaterials/Substrate/GLints/dict_16_192_64_0p5_0p02_0004_0009" 6839
"/Engine/EngineMaterials/Substrate/GLints/dict_16_192_64_0p5_0p02_0004_0010" 6840
"/Engine/EngineMaterials/Substrate/GLints/dict_16_192_64_0p5_0p02_0004_0011" 6841
"/Engine/EngineMaterials/Substrate/GLints/dict_16_192_64_0p5_0p02_0004_0012" 6842
"/Engine/EngineMaterials/Substrate/GLints/dict_16_192_64_0p5_0p02_0004_0013" 6843
"../../../Engine/Content/EngineMaterials/Substrate/GLints/dict_16_192_64_0p5_0p02_0002_0013.uasset" 6844
"../../../Engine/Content/EngineMaterials/Substrate/GLints/dict_16_192_64_0p5_0p02_0002_0012.uasset" 6845
"/Engine/EngineMaterials/Substrate/GLints/dict_16_192_64_0p5_0p02_0002_0014" 6846
"../../../Engine/Content/EngineMaterials/Substrate/GLints/dict_16_192_64_0p5_0p02_0002_0011.uasset" 6847
"../../../Engine/Content/EngineMaterials/Substrate/GLints/dict_16_192_64_0p5_0p02_0002_0010.uasset" 6848
"../../../Engine/Content/EngineMaterials/Substrate/GLints/dict_16_192_64_0p5_0p02_0002_0009.uasset" 6849
"../../../Engine/Content/EngineMaterials/Substrate/GLints/dict_16_192_64_0p5_0p02_0002_0008.uasset" 6850
"../../../Engine/Content/EngineMaterials/Substrate/GLints/dict_16_192_64_0p5_0p02_0002_0007.uasset" 6851
"../../../Engine/Content/EngineMaterials/Substrate/GLints/dict_16_192_64_0p5_0p02_0002_0006.uasset" 6852
"../../../Engine/Content/EngineMaterials/Substrate/GLints/dict_16_192_64_0p5_0p02_0002_0005.uasset" 6853
"/Engine/EngineMaterials/Substrate/GLints/dict_16_192_64_0p5_0p02_0002_0015" 6854
"../../../Engine/Content/EngineMaterials/Substrate/GLints/dict_16_192_64_0p5_0p02_0002_0003.uasset" 6855
"../../../Engine/Content/EngineMaterials/Substrate/GLints/dict_16_192_64_0p5_0p02_0002_0004.uasset" 6856
"../../../Engine/Content/EngineMaterials/Substrate/GLints/dict_16_192_64_0p5_0p02_0002_0002.uasset" 6857
"../../../Engine/Content/EngineMaterials/Substrate/GLints/dict_16_192_64_0p5_0p02_0002_0001.uasset" 6858
"../../../Engine/Content/EngineMaterials/Substrate/GLints/dict_16_192_64_0p5_0p02_0002_0000.uasset" 6859
"/Engine/EngineMaterials/Substrate/GLints/dict_16_192_64_0p5_0p02_0003_0000" 6860
"/Engine/EngineMaterials/Substrate/GLints/dict_16_192_64_0p5_0p02_0003_0001" 6861
"/Engine/EngineMaterials/Substrate/GLints/dict_16_192_64_0p5_0p02_0003_0002" 6862
"/Engine/EngineMaterials/Substrate/GLints/dict_16_192_64_0p5_0p02_0003_0003" 6863
"/Engine/EngineMaterials/Substrate/GLints/dict_16_192_64_0p5_0p02_0003_0004" 6864
"/Engine/EngineMaterials/Substrate/GLints/dict_16_192_64_0p5_0p02_0003_0005" 6865
"/Engine/EngineMaterials/Substrate/GLints/dict_16_192_64_0p5_0p02_0003_0006" 6866
"/Engine/EngineMaterials/Substrate/GLints/dict_16_192_64_0p5_0p02_0003_0007" 6867
"/Engine/EngineMaterials/Substrate/GLints/dict_16_192_64_0p5_0p02_0003_0008" 6868
"/Engine/EngineMaterials/Substrate/GLints/dict_16_192_64_0p5_0p02_0003_0009" 6869
"/Engine/EngineMaterials/Substrate/GLints/dict_16_192_64_0p5_0p02_0003_0010" 6870
"/Engine/EngineMaterials/Substrate/GLints/dict_16_192_64_0p5_0p02_0003_0011" 6871
"/Engine/EngineMaterials/Substrate/GLints/dict_16_192_64_0p5_0p02_0003_0012" 6872
"/Engine/EngineMaterials/Substrate/GLints/dict_16_192_64_0p5_0p02_0003_0013" 6873
"/Engine/EngineMaterials/Substrate/GLints/dict_16_192_64_0p5_0p02_0003_0014" 6874
"/Engine/EngineMaterials/Substrate/GLints/dict_16_192_64_0p5_0p02_0003_0015" 6875
"/Engine/EngineMaterials/Substrate/GLints/dict_16_192_64_0p5_0p02_0002_0013" 6876
"../../../Engine/Content/EngineMaterials/Substrate/GLints/dict_16_192_64_0p5_0p02_0001_0014.uasset" 6877
"../../../Engine/Content/EngineMaterials/Substrate/GLints/dict_16_192_64_0p5_0p02_0001_0015.uasset" 6878
"/Engine/EngineMaterials/Substrate/GLints/dict_16_192_64_0p5_0p02_0002_0000" 6879
"../../../Engine/Content/EngineMaterials/Substrate/GLints/dict_16_192_64_0p5_0p02_0001_0013.uasset" 6880
"../../../Engine/Content/EngineMaterials/Substrate/GLints/dict_16_192_64_0p5_0p02_0001_0012.uasset" 6881
"../../../Engine/Content/EngineMaterials/Substrate/GLints/dict_16_192_64_0p5_0p02_0001_0011.uasset" 6882
"../../../Engine/Content/EngineMaterials/Substrate/GLints/dict_16_192_64_0p5_0p02_0001_0010.uasset" 6883
"../../../Engine/Content/EngineMaterials/Substrate/GLints/dict_16_192_64_0p5_0p02_0001_0009.uasset" 6884
"../../../Engine/Content/EngineMaterials/Substrate/GLints/dict_16_192_64_0p5_0p02_0001_0008.uasset" 6885
"../../../Engine/Content/EngineMaterials/Substrate/GLints/dict_16_192_64_0p5_0p02_0001_0007.uasset" 6886
"/Engine/EngineMaterials/Substrate/GLints/dict_16_192_64_0p5_0p02_0002_0001" 6887
"../../../Engine/Content/EngineMaterials/Substrate/GLints/dict_16_192_64_0p5_0p02_0001_0006.uasset" 6888
"../../../Engine/Content/EngineMaterials/Substrate/GLints/dict_16_192_64_0p5_0p02_0001_0004.uasset" 6889
"../../../Engine/Content/EngineMaterials/Substrate/GLints/dict_16_192_64_0p5_0p02_0001_0003.uasset" 6890
"../../../Engine/Content/EngineMaterials/Substrate/GLints/dict_16_192_64_0p5_0p02_0001_0002.uasset" 6891
"../../../Engine/Content/EngineMaterials/Substrate/GLints/dict_16_192_64_0p5_0p02_0001_0001.uasset" 6892
"../../../Engine/Content/EngineMaterials/Substrate/GLints/dict_16_192_64_0p5_0p02_0001_0000.uasset" 6893
"../../../Engine/Content/EngineMaterials/Substrate/GLints/dict_16_192_64_0p5_0p02_0000_0015.uasset" 6894
"/Engine/EngineMaterials/Substrate/GLints/dict_16_192_64_0p5_0p02_0002_0002" 6895
"../../../Engine/Content/EngineMaterials/Substrate/GLints/dict_16_192_64_0p5_0p02_0001_0005.uasset" 6896
"../../../Engine/Content/EngineMaterials/Substrate/GLints/dict_16_192_64_0p5_0p02_0000_0014.uasset" 6897
"../../../Engine/Content/EngineMaterials/Substrate/GLints/dict_16_192_64_0p5_0p02_0000_0013.uasset" 6898
"/Engine/EngineMaterials/Substrate/GLints/dict_16_192_64_0p5_0p02_0002_0003" 6899
"/Engine/EngineMaterials/Substrate/GLints/dict_16_192_64_0p5_0p02_0002_0004" 6900
"/Engine/EngineMaterials/Substrate/GLints/dict_16_192_64_0p5_0p02_0002_0005" 6901
"/Engine/EngineMaterials/Substrate/GLints/dict_16_192_64_0p5_0p02_0002_0006" 6902
"/Engine/EngineMaterials/Substrate/GLints/dict_16_192_64_0p5_0p02_0002_0007" 6903
"/Engine/EngineMaterials/Substrate/GLints/dict_16_192_64_0p5_0p02_0002_0008" 6904
"/Engine/EngineMaterials/Substrate/GLints/dict_16_192_64_0p5_0p02_0002_0009" 6905
"/Engine/EngineMaterials/Substrate/GLints/dict_16_192_64_0p5_0p02_0002_0010" 6906
"/Engine/EngineMaterials/Substrate/GLints/dict_16_192_64_0p5_0p02_0002_0011" 6907
"/Engine/EngineMaterials/Substrate/GLints/dict_16_192_64_0p5_0p02_0001_0014" 6908
"/Engine/EngineMaterials/Substrate/GLints/dict_16_192_64_0p5_0p02_0002_0012" 6909
"../../../Engine/Content/EngineMaterials/Substrate/GLints/dict_16_192_64_0p5_0p02_0000_0011.uasset" 6910
"../../../Engine/Content/EngineMaterials/Substrate/GLints/dict_16_192_64_0p5_0p02_0000_0012.uasset" 6911
"/Engine/EngineMaterials/Substrate/GLints/dict_16_192_64_0p5_0p02_0000_0013" 6912
"../../../Engine/Content/EngineMaterials/Substrate/GLints/dict_16_192_64_0p5_0p02_0000_0010.uasset" 6913
"../../../Engine/Content/EngineMaterials/Substrate/GLints/dict_16_192_64_0p5_0p02_0000_0009.uasset" 6914
"../../../Engine/Content/EngineMaterials/Substrate/GLints/dict_16_192_64_0p5_0p02_0000_0008.uasset" 6915
"../../../Engine/Content/EngineMaterials/Substrate/GLints/dict_16_192_64_0p5_0p02_0000_0007.uasset" 6916
"../../../Engine/Content/EngineMaterials/Substrate/GLints/dict_16_192_64_0p5_0p02_0000_0006.uasset" 6917
"../../../Engine/Content/EngineMaterials/Substrate/GLints/dict_16_192_64_0p5_0p02_0000_0005.uasset" 6918
"/Engine/EngineMaterials/Substrate/GLints/dict_16_192_64_0p5_0p02_0000_0014" 6919
"../../../Engine/Content/EngineMaterials/Substrate/GLints/dict_16_192_64_0p5_0p02_0000_0004.uasset" 6920
"../../../Engine/Content/EngineMaterials/Substrate/GLints/dict_16_192_64_0p5_0p02_0000_0003.uasset" 6921
"../../../Engine/Content/EngineMaterials/Substrate/GLints/dict_16_192_64_0p5_0p02_0000_0002.uasset" 6922
"../../../Engine/Content/EngineMaterials/Substrate/GLints/dict_16_192_64_0p5_0p02_0000_0001.uasset" 6923
"../../../Engine/Content/EngineMaterials/Substrate/GLints/dict_16_192_64_0p5_0p02_0000_0000.uasset" 6924
"../../../Engine/Content/EngineMaterials/Substrate/GLints/AGlintTex2dArray.uasset" 6925
"/Engine/EngineMaterials/Substrate/GLints/dict_16_192_64_0p5_0p02_0000_0015" 6926
"/Engine/EngineMaterials/Substrate/GLints/dict_16_192_64_0p5_0p02_0001_0000" 6927
"/Engine/EngineMaterials/Substrate/GLints/dict_16_192_64_0p5_0p02_0001_0001" 6928
"/Engine/EngineMaterials/Substrate/GLints/dict_16_192_64_0p5_0p02_0001_0002" 6929
"/Engine/EngineMaterials/Substrate/GLints/dict_16_192_64_0p5_0p02_0001_0003" 6930
"/Engine/EngineMaterials/Substrate/GLints/dict_16_192_64_0p5_0p02_0001_0004" 6931
"/Engine/EngineMaterials/Substrate/GLints/dict_16_192_64_0p5_0p02_0001_0005" 6932
"/Engine/EngineMaterials/Substrate/GLints/dict_16_192_64_0p5_0p02_0001_0006" 6933
"/Engine/EngineMaterials/Substrate/GLints/dict_16_192_64_0p5_0p02_0001_0007" 6934
"/Engine/EngineMaterials/Substrate/GLints/dict_16_192_64_0p5_0p02_0001_0008" 6935
"/Engine/EngineMaterials/Substrate/GLints/dict_16_192_64_0p5_0p02_0001_0009" 6936
"/Engine/EngineMaterials/Substrate/GLints/dict_16_192_64_0p5_0p02_0001_0010" 6937
"/Engine/EngineMaterials/Substrate/GLints/dict_16_192_64_0p5_0p02_0001_0011" 6938
"/Engine/EngineMaterials/Substrate/GLints/dict_16_192_64_0p5_0p02_0001_0012" 6939
"/Engine/EngineMaterials/Substrate/GLints/dict_16_192_64_0p5_0p02_0001_0013" 6940
"/Engine/EngineMaterials/Substrate/GLints/dict_16_192_64_0p5_0p02_0001_0015" 6941
"../../../Engine/Content/EngineMaterials/Substrate/Glints2/dict_0007_0255.uasset" 6942
"../../../Engine/Content/EngineMaterials/Substrate/Glints2/dict_0007_0254.uasset" 6943
"../../../Engine/Content/EngineMaterials/Substrate/Glints2/dict_0007_0253.uasset" 6944
"../../../Engine/Content/EngineMaterials/Substrate/Glints2/dict_0007_0252.uasset" 6945
"../../../Engine/Content/EngineMaterials/Substrate/Glints2/dict_0007_0251.uasset" 6946
"/Engine/EngineMaterials/Substrate/GLints/AGlintTex2dArray" 6947
"../../../Engine/Content/EngineMaterials/Substrate/Glints2/dict_0007_0249.uasset" 6948
"../../../Engine/Content/EngineMaterials/Substrate/Glints2/dict_0007_0250.uasset" 6949
"../../../Engine/Content/EngineMaterials/Substrate/Glints2/dict_0007_0248.uasset" 6950
"../../../Engine/Content/EngineMaterials/Substrate/Glints2/dict_0007_0247.uasset" 6951
"../../../Engine/Content/EngineMaterials/Substrate/Glints2/dict_0007_0246.uasset" 6952
"../../../Engine/Content/EngineMaterials/Substrate/Glints2/dict_0007_0245.uasset" 6953
"../../../Engine/Content/EngineMaterials/Substrate/Glints2/dict_0007_0244.uasset" 6954
"../../../Engine/Content/EngineMaterials/Substrate/Glints2/dict_0007_0243.uasset" 6955
"../../../Engine/Content/EngineMaterials/Substrate/Glints2/dict_0007_0242.uasset" 6956
"../../../Engine/Content/EngineMaterials/Substrate/Glints2/dict_0007_0241.uasset" 6957
"../../../Engine/Content/EngineMaterials/Substrate/Glints2/dict_0007_0240.uasset" 6958
"../../../Engine/Content/EngineMaterials/Substrate/Glints2/dict_0007_0238.uasset" 6959
"../../../Engine/Content/EngineMaterials/Substrate/Glints2/dict_0007_0239.uasset" 6960
"/Engine/EngineMaterials/Substrate/Glints2/dict_0007_0253" 6961
"/Engine/EngineMaterials/Substrate/Glints2/dict_0007_0254" 6962
"/Engine/EngineMaterials/Substrate/Glints2/dict_0007_0255" 6963
"../../../Engine/Content/EngineMaterials/Substrate/Glints2/dict_0007_0237.uasset" 6964
"../../../Engine/Content/EngineMaterials/Substrate/Glints2/dict_0007_0236.uasset" 6965
"/Engine/EngineMaterials/Substrate/Glints2/dict_0007_0238" 6966
"../../../Engine/Content/EngineMaterials/Substrate/Glints2/dict_0007_0235.uasset" 6967
"../../../Engine/Content/EngineMaterials/Substrate/Glints2/dict_0007_0234.uasset" 6968
"../../../Engine/Content/EngineMaterials/Substrate/Glints2/dict_0007_0232.uasset" 6969
"../../../Engine/Content/EngineMaterials/Substrate/Glints2/dict_0007_0233.uasset" 6970
"../../../Engine/Content/EngineMaterials/Substrate/Glints2/dict_0007_0231.uasset" 6971
"../../../Engine/Content/EngineMaterials/Substrate/Glints2/dict_0007_0229.uasset" 6972
"../../../Engine/Content/EngineMaterials/Substrate/Glints2/dict_0007_0230.uasset" 6973
"/Engine/EngineMaterials/Substrate/Glints2/dict_0007_0239" 6974
"../../../Engine/Content/EngineMaterials/Substrate/Glints2/dict_0007_0228.uasset" 6975
"../../../Engine/Content/EngineMaterials/Substrate/Glints2/dict_0007_0227.uasset" 6976
"../../../Engine/Content/EngineMaterials/Substrate/Glints2/dict_0007_0225.uasset" 6977
"../../../Engine/Content/EngineMaterials/Substrate/Glints2/dict_0007_0226.uasset" 6978
"../../../Engine/Content/EngineMaterials/Substrate/Glints2/dict_0007_0224.uasset" 6979
"../../../Engine/Content/EngineMaterials/Substrate/Glints2/dict_0007_0223.uasset" 6980
"/Engine/EngineMaterials/Substrate/Glints2/dict_0007_0240" 6981
"../../../Engine/Content/EngineMaterials/Substrate/Glints2/dict_0007_0222.uasset" 6982
"../../../Engine/Content/EngineMaterials/Substrate/Glints2/dict_0007_0221.uasset" 6983
"/Engine/EngineMaterials/Substrate/Glints2/dict_0007_0241" 6984
"/Engine/EngineMaterials/Substrate/Glints2/dict_0007_0242" 6985
"/Engine/EngineMaterials/Substrate/Glints2/dict_0007_0243" 6986
"/Engine/EngineMaterials/Substrate/Glints2/dict_0007_0244" 6987
"/Engine/EngineMaterials/Substrate/Glints2/dict_0007_0245" 6988
"/Engine/EngineMaterials/Substrate/Glints2/dict_0007_0246" 6989
"/Engine/EngineMaterials/Substrate/Glints2/dict_0007_0247" 6990
"/Engine/EngineMaterials/Substrate/Glints2/dict_0007_0248" 6991
"/Engine/EngineMaterials/Substrate/Glints2/dict_0007_0249" 6992
"/Engine/EngineMaterials/Substrate/Glints2/dict_0007_0250" 6993
"/Engine/EngineMaterials/Substrate/Glints2/dict_0007_0251" 6994
"/Engine/EngineMaterials/Substrate/Glints2/dict_0007_0252" 6995
"../../../Engine/Content/EngineMaterials/Substrate/Glints2/dict_0007_0220.uasset" 6996
"../../../Engine/Content/EngineMaterials/Substrate/Glints2/dict_0007_0217.uasset" 6997
"../../../Engine/Content/EngineMaterials/Substrate/Glints2/dict_0007_0218.uasset" 6998
"../../../Engine/Content/EngineMaterials/Substrate/Glints2/dict_0007_0219.uasset" 6999
"/Engine/EngineMaterials/Substrate/Glints2/dict_0007_0221" 7000
"../../../Engine/Content/EngineMaterials/Substrate/Glints2/dict_0007_0216.uasset" 7001
"../../../Engine/Content/EngineMaterials/Substrate/Glints2/dict_0007_0215.uasset" 7002
"../../../Engine/Content/EngineMaterials/Substrate/Glints2/dict_0007_0214.uasset" 7003
"../../../Engine/Content/EngineMaterials/Substrate/Glints2/dict_0007_0213.uasset" 7004
"../../../Engine/Content/EngineMaterials/Substrate/Glints2/dict_0007_0212.uasset" 7005
"../../../Engine/Content/EngineMaterials/Substrate/Glints2/dict_0007_0211.uasset" 7006
"../../../Engine/Content/EngineMaterials/Substrate/Glints2/dict_0007_0210.uasset" 7007
"../../../Engine/Content/EngineMaterials/Substrate/Glints2/dict_0007_0209.uasset" 7008
"../../../Engine/Content/EngineMaterials/Substrate/Glints2/dict_0007_0208.uasset" 7009
"../../../Engine/Content/EngineMaterials/Substrate/Glints2/dict_0007_0207.uasset" 7010
"../../../Engine/Content/EngineMaterials/Substrate/Glints2/dict_0007_0206.uasset" 7011
"/Engine/EngineMaterials/Substrate/Glints2/dict_0007_0222" 7012
"/Engine/EngineMaterials/Substrate/Glints2/dict_0007_0223" 7013
"/Engine/EngineMaterials/Substrate/Glints2/dict_0007_0224" 7014
"/Engine/EngineMaterials/Substrate/Glints2/dict_0007_0225" 7015
"/Engine/EngineMaterials/Substrate/Glints2/dict_0007_0226" 7016
"/Engine/EngineMaterials/Substrate/Glints2/dict_0007_0227" 7017
"/Engine/EngineMaterials/Substrate/Glints2/dict_0007_0228" 7018
"/Engine/EngineMaterials/Substrate/Glints2/dict_0007_0229" 7019
"/Engine/EngineMaterials/Substrate/Glints2/dict_0007_0230" 7020
"/Engine/EngineMaterials/Substrate/Glints2/dict_0007_0231" 7021
"/Engine/EngineMaterials/Substrate/Glints2/dict_0007_0232" 7022
"/Engine/EngineMaterials/Substrate/Glints2/dict_0007_0233" 7023
"/Engine/EngineMaterials/Substrate/Glints2/dict_0007_0234" 7024
"/Engine/EngineMaterials/Substrate/Glints2/dict_0007_0235" 7025
"/Engine/EngineMaterials/Substrate/Glints2/dict_0007_0236" 7026
"/Engine/EngineMaterials/Substrate/Glints2/dict_0007_0237" 7027
"../../../Engine/Content/EngineMaterials/Substrate/Glints2/dict_0007_0204.uasset" 7028
"../../../Engine/Content/EngineMaterials/Substrate/Glints2/dict_0007_0205.uasset" 7029
"/Engine/EngineMaterials/Substrate/Glints2/dict_0007_0206" 7030
"../../../Engine/Content/EngineMaterials/Substrate/Glints2/dict_0007_0203.uasset" 7031
"../../../Engine/Content/EngineMaterials/Substrate/Glints2/dict_0007_0202.uasset" 7032
"../../../Engine/Content/EngineMaterials/Substrate/Glints2/dict_0007_0201.uasset" 7033
"../../../Engine/Content/EngineMaterials/Substrate/Glints2/dict_0007_0200.uasset" 7034
"../../../Engine/Content/EngineMaterials/Substrate/Glints2/dict_0007_0199.uasset" 7035
"../../../Engine/Content/EngineMaterials/Substrate/Glints2/dict_0007_0198.uasset" 7036
"/Engine/EngineMaterials/Substrate/Glints2/dict_0007_0207" 7037
"../../../Engine/Content/EngineMaterials/Substrate/Glints2/dict_0007_0197.uasset" 7038
"../../../Engine/Content/EngineMaterials/Substrate/Glints2/dict_0007_0196.uasset" 7039
"../../../Engine/Content/EngineMaterials/Substrate/Glints2/dict_0007_0195.uasset" 7040
"../../../Engine/Content/EngineMaterials/Substrate/Glints2/dict_0007_0194.uasset" 7041
"../../../Engine/Content/EngineMaterials/Substrate/Glints2/dict_0007_0193.uasset" 7042
"../../../Engine/Content/EngineMaterials/Substrate/Glints2/dict_0007_0192.uasset" 7043
"/Engine/EngineMaterials/Substrate/Glints2/dict_0007_0208" 7044
"../../../Engine/Content/EngineMaterials/Substrate/Glints2/dict_0007_0191.uasset" 7045
"../../../Engine/Content/EngineMaterials/Substrate/Glints2/dict_0007_0190.uasset" 7046
"../../../Engine/Content/EngineMaterials/Substrate/Glints2/dict_0007_0189.uasset" 7047
"/Engine/EngineMaterials/Substrate/Glints2/dict_0007_0209" 7048
"/Engine/EngineMaterials/Substrate/Glints2/dict_0007_0210" 7049
"/Engine/EngineMaterials/Substrate/Glints2/dict_0007_0211" 7050
"/Engine/EngineMaterials/Substrate/Glints2/dict_0007_0212" 7051
"/Engine/EngineMaterials/Substrate/Glints2/dict_0007_0213" 7052
"/Engine/EngineMaterials/Substrate/Glints2/dict_0007_0214" 7053
"/Engine/EngineMaterials/Substrate/Glints2/dict_0007_0215" 7054
"/Engine/EngineMaterials/Substrate/Glints2/dict_0007_0216" 7055
"/Engine/EngineMaterials/Substrate/Glints2/dict_0007_0217" 7056
"/Engine/EngineMaterials/Substrate/Glints2/dict_0007_0218" 7057
"/Engine/EngineMaterials/Substrate/Glints2/dict_0007_0219" 7058
"/Engine/EngineMaterials/Substrate/Glints2/dict_0007_0220" 7059
"../../../Engine/Content/EngineMaterials/Substrate/Glints2/dict_0007_0187.uasset" 7060
"../../../Engine/Content/EngineMaterials/Substrate/Glints2/dict_0007_0188.uasset" 7061
"/Engine/EngineMaterials/Substrate/Glints2/dict_0007_0189" 7062
"../../../Engine/Content/EngineMaterials/Substrate/Glints2/dict_0007_0186.uasset" 7063
"../../../Engine/Content/EngineMaterials/Substrate/Glints2/dict_0007_0185.uasset" 7064
"../../../Engine/Content/EngineMaterials/Substrate/Glints2/dict_0007_0184.uasset" 7065
"../../../Engine/Content/EngineMaterials/Substrate/Glints2/dict_0007_0183.uasset" 7066
"../../../Engine/Content/EngineMaterials/Substrate/Glints2/dict_0007_0182.uasset" 7067
"../../../Engine/Content/EngineMaterials/Substrate/Glints2/dict_0007_0181.uasset" 7068
"../../../Engine/Content/EngineMaterials/Substrate/Glints2/dict_0007_0180.uasset" 7069
"/Engine/EngineMaterials/Substrate/Glints2/dict_0007_0190" 7070
"../../../Engine/Content/EngineMaterials/Substrate/Glints2/dict_0007_0178.uasset" 7071
"../../../Engine/Content/EngineMaterials/Substrate/Glints2/dict_0007_0179.uasset" 7072
"../../../Engine/Content/EngineMaterials/Substrate/Glints2/dict_0007_0177.uasset" 7073
"../../../Engine/Content/EngineMaterials/Substrate/Glints2/dict_0007_0176.uasset" 7074
"../../../Engine/Content/EngineMaterials/Substrate/Glints2/dict_0007_0175.uasset" 7075
"../../../Engine/Content/EngineMaterials/Substrate/Glints2/dict_0007_0174.uasset" 7076
"/Engine/EngineMaterials/Substrate/Glints2/dict_0007_0191" 7077
"/Engine/EngineMaterials/Substrate/Glints2/dict_0007_0192" 7078
"/Engine/EngineMaterials/Substrate/Glints2/dict_0007_0193" 7079
"/Engine/EngineMaterials/Substrate/Glints2/dict_0007_0194" 7080
"/Engine/EngineMaterials/Substrate/Glints2/dict_0007_0195" 7081
"/Engine/EngineMaterials/Substrate/Glints2/dict_0007_0196" 7082
"/Engine/EngineMaterials/Substrate/Glints2/dict_0007_0197" 7083
"/Engine/EngineMaterials/Substrate/Glints2/dict_0007_0198" 7084
"/Engine/EngineMaterials/Substrate/Glints2/dict_0007_0199" 7085
"/Engine/EngineMaterials/Substrate/Glints2/dict_0007_0200" 7086
"/Engine/EngineMaterials/Substrate/Glints2/dict_0007_0201" 7087
"/Engine/EngineMaterials/Substrate/Glints2/dict_0007_0202" 7088
"/Engine/EngineMaterials/Substrate/Glints2/dict_0007_0203" 7089
"/Engine/EngineMaterials/Substrate/Glints2/dict_0007_0204" 7090
"/Engine/EngineMaterials/Substrate/Glints2/dict_0007_0205" 7091
"../../../Engine/Content/EngineMaterials/Substrate/Glints2/dict_0007_0173.uasset" 7092
"../../../Engine/Content/EngineMaterials/Substrate/Glints2/dict_0007_0172.uasset" 7093
"/Engine/EngineMaterials/Substrate/Glints2/dict_0007_0174" 7094
"../../../Engine/Content/EngineMaterials/Substrate/Glints2/dict_0007_0170.uasset" 7095
"../../../Engine/Content/EngineMaterials/Substrate/Glints2/dict_0007_0171.uasset" 7096
"../../../Engine/Content/EngineMaterials/Substrate/Glints2/dict_0007_0169.uasset" 7097
"../../../Engine/Content/EngineMaterials/Substrate/Glints2/dict_0007_0168.uasset" 7098
"../../../Engine/Content/EngineMaterials/Substrate/Glints2/dict_0007_0167.uasset" 7099
"../../../Engine/Content/EngineMaterials/Substrate/Glints2/dict_0007_0166.uasset" 7100
"../../../Engine/Content/EngineMaterials/Substrate/Glints2/dict_0007_0165.uasset" 7101
"/Engine/EngineMaterials/Substrate/Glints2/dict_0007_0175" 7102
"../../../Engine/Content/EngineMaterials/Substrate/Glints2/dict_0007_0164.uasset" 7103
"../../../Engine/Content/EngineMaterials/Substrate/Glints2/dict_0007_0163.uasset" 7104
"../../../Engine/Content/EngineMaterials/Substrate/Glints2/dict_0007_0162.uasset" 7105
"../../../Engine/Content/EngineMaterials/Substrate/Glints2/dict_0007_0161.uasset" 7106
"../../../Engine/Content/EngineMaterials/Substrate/Glints2/dict_0007_0160.uasset" 7107
"../../../Engine/Content/EngineMaterials/Substrate/Glints2/dict_0007_0159.uasset" 7108
"../../../Engine/Content/EngineMaterials/Substrate/Glints2/dict_0007_0158.uasset" 7109
"../../../Engine/Content/EngineMaterials/Substrate/Glints2/dict_0007_0157.uasset" 7110
"/Engine/EngineMaterials/Substrate/Glints2/dict_0007_0176" 7111
"/Engine/EngineMaterials/Substrate/Glints2/dict_0007_0177" 7112
"/Engine/EngineMaterials/Substrate/Glints2/dict_0007_0178" 7113
"/Engine/EngineMaterials/Substrate/Glints2/dict_0007_0179" 7114
"/Engine/EngineMaterials/Substrate/Glints2/dict_0007_0180" 7115
"/Engine/EngineMaterials/Substrate/Glints2/dict_0007_0181" 7116
"/Engine/EngineMaterials/Substrate/Glints2/dict_0007_0182" 7117
"/Engine/EngineMaterials/Substrate/Glints2/dict_0007_0183" 7118
"/Engine/EngineMaterials/Substrate/Glints2/dict_0007_0184" 7119
"/Engine/EngineMaterials/Substrate/Glints2/dict_0007_0185" 7120
"/Engine/EngineMaterials/Substrate/Glints2/dict_0007_0186" 7121
"/Engine/EngineMaterials/Substrate/Glints2/dict_0007_0187" 7122
"/Engine/EngineMaterials/Substrate/Glints2/dict_0007_0188" 7123
"/Engine/EngineMaterials/Substrate/Glints2/dict_0007_0172" 7124
"/Engine/EngineMaterials/Substrate/Glints2/dict_0007_0173" 7125
"../../../Engine/Content/EngineMaterials/Substrate/Glints2/dict_0007_0156.uasset" 7126
"../../../Engine/Content/EngineMaterials/Substrate/Glints2/dict_0007_0155.uasset" 7127
"/Engine/EngineMaterials/Substrate/Glints2/dict_0007_0157" 7128
"../../../Engine/Content/EngineMaterials/Substrate/Glints2/dict_0007_0154.uasset" 7129
"../../../Engine/Content/EngineMaterials/Substrate/Glints2/dict_0007_0153.uasset" 7130
"../../../Engine/Content/EngineMaterials/Substrate/Glints2/dict_0007_0152.uasset" 7131
"../../../Engine/Content/EngineMaterials/Substrate/Glints2/dict_0007_0151.uasset" 7132
"../../../Engine/Content/EngineMaterials/Substrate/Glints2/dict_0007_0150.uasset" 7133
"../../../Engine/Content/EngineMaterials/Substrate/Glints2/dict_0007_0149.uasset" 7134
"../../../Engine/Content/EngineMaterials/Substrate/Glints2/dict_0007_0148.uasset" 7135
"../../../Engine/Content/EngineMaterials/Substrate/Glints2/dict_0007_0147.uasset" 7136
"../../../Engine/Content/EngineMaterials/Substrate/Glints2/dict_0007_0146.uasset" 7137
"/Engine/EngineMaterials/Substrate/Glints2/dict_0007_0158" 7138
"../../../Engine/Content/EngineMaterials/Substrate/Glints2/dict_0007_0145.uasset" 7139
"../../../Engine/Content/EngineMaterials/Substrate/Glints2/dict_0007_0144.uasset" 7140
"../../../Engine/Content/EngineMaterials/Substrate/Glints2/dict_0007_0143.uasset" 7141
"../../../Engine/Content/EngineMaterials/Substrate/Glints2/dict_0007_0142.uasset" 7142
"../../../Engine/Content/EngineMaterials/Substrate/Glints2/dict_0007_0141.uasset" 7143
"../../../Engine/Content/EngineMaterials/Substrate/Glints2/dict_0007_0140.uasset" 7144
"/Engine/EngineMaterials/Substrate/Glints2/dict_0007_0159" 7145
"/Engine/EngineMaterials/Substrate/Glints2/dict_0007_0160" 7146
"/Engine/EngineMaterials/Substrate/Glints2/dict_0007_0161" 7147
"/Engine/EngineMaterials/Substrate/Glints2/dict_0007_0162" 7148
"/Engine/EngineMaterials/Substrate/Glints2/dict_0007_0163" 7149
"/Engine/EngineMaterials/Substrate/Glints2/dict_0007_0164" 7150
"/Engine/EngineMaterials/Substrate/Glints2/dict_0007_0165" 7151
"/Engine/EngineMaterials/Substrate/Glints2/dict_0007_0166" 7152
"/Engine/EngineMaterials/Substrate/Glints2/dict_0007_0167" 7153
"/Engine/EngineMaterials/Substrate/Glints2/dict_0007_0168" 7154
"/Engine/EngineMaterials/Substrate/Glints2/dict_0007_0169" 7155
"/Engine/EngineMaterials/Substrate/Glints2/dict_0007_0170" 7156
"/Engine/EngineMaterials/Substrate/Glints2/dict_0007_0171" 7157
"/Engine/EngineMaterials/Substrate/Glints2/dict_0007_0156" 7158
"../../../Engine/Content/EngineMaterials/Substrate/Glints2/dict_0007_0139.uasset" 7159
"../../../Engine/Content/EngineMaterials/Substrate/Glints2/dict_0007_0138.uasset" 7160
"/Engine/EngineMaterials/Substrate/Glints2/dict_0007_0140" 7161
"../../../Engine/Content/EngineMaterials/Substrate/Glints2/dict_0007_0137.uasset" 7162
"../../../Engine/Content/EngineMaterials/Substrate/Glints2/dict_0007_0136.uasset" 7163
"../../../Engine/Content/EngineMaterials/Substrate/Glints2/dict_0007_0135.uasset" 7164
"../../../Engine/Content/EngineMaterials/Substrate/Glints2/dict_0007_0134.uasset" 7165
"../../../Engine/Content/EngineMaterials/Substrate/Glints2/dict_0007_0133.uasset" 7166
"../../../Engine/Content/EngineMaterials/Substrate/Glints2/dict_0007_0132.uasset" 7167
"../../../Engine/Content/EngineMaterials/Substrate/Glints2/dict_0007_0131.uasset" 7168
"/Engine/EngineMaterials/Substrate/Glints2/dict_0007_0141" 7169
"../../../Engine/Content/EngineMaterials/Substrate/Glints2/dict_0007_0130.uasset" 7170
"../../../Engine/Content/EngineMaterials/Substrate/Glints2/dict_0007_0129.uasset" 7171
"../../../Engine/Content/EngineMaterials/Substrate/Glints2/dict_0007_0128.uasset" 7172
"../../../Engine/Content/EngineMaterials/Substrate/Glints2/dict_0007_0127.uasset" 7173
"../../../Engine/Content/EngineMaterials/Substrate/Glints2/dict_0007_0126.uasset" 7174
"../../../Engine/Content/EngineMaterials/Substrate/Glints2/dict_0007_0125.uasset" 7175
"../../../Engine/Content/EngineMaterials/Substrate/Glints2/dict_0007_0124.uasset" 7176
"/Engine/EngineMaterials/Substrate/Glints2/dict_0007_0142" 7177
"/Engine/EngineMaterials/Substrate/Glints2/dict_0007_0143" 7178
"/Engine/EngineMaterials/Substrate/Glints2/dict_0007_0144" 7179
"/Engine/EngineMaterials/Substrate/Glints2/dict_0007_0145" 7180
"/Engine/EngineMaterials/Substrate/Glints2/dict_0007_0146" 7181
"/Engine/EngineMaterials/Substrate/Glints2/dict_0007_0147" 7182
"/Engine/EngineMaterials/Substrate/Glints2/dict_0007_0148" 7183
"/Engine/EngineMaterials/Substrate/Glints2/dict_0007_0149" 7184
"/Engine/EngineMaterials/Substrate/Glints2/dict_0007_0150" 7185
"/Engine/EngineMaterials/Substrate/Glints2/dict_0007_0151" 7186
"/Engine/EngineMaterials/Substrate/Glints2/dict_0007_0152" 7187
"/Engine/EngineMaterials/Substrate/Glints2/dict_0007_0153" 7188
"/Engine/EngineMaterials/Substrate/Glints2/dict_0007_0154" 7189
"/Engine/EngineMaterials/Substrate/Glints2/dict_0007_0155" 7190
"/Engine/EngineMaterials/Substrate/Glints2/dict_0007_0139" 7191
"../../../Engine/Content/EngineMaterials/Substrate/Glints2/dict_0007_0122.uasset" 7192
"../../../Engine/Content/EngineMaterials/Substrate/Glints2/dict_0007_0123.uasset" 7193
"/Engine/EngineMaterials/Substrate/Glints2/dict_0007_0124" 7194
"../../../Engine/Content/EngineMaterials/Substrate/Glints2/dict_0007_0121.uasset" 7195
"../../../Engine/Content/EngineMaterials/Substrate/Glints2/dict_0007_0120.uasset" 7196
"../../../Engine/Content/EngineMaterials/Substrate/Glints2/dict_0007_0119.uasset" 7197
"../../../Engine/Content/EngineMaterials/Substrate/Glints2/dict_0007_0118.uasset" 7198
"../../../Engine/Content/EngineMaterials/Substrate/Glints2/dict_0007_0117.uasset" 7199
"../../../Engine/Content/EngineMaterials/Substrate/Glints2/dict_0007_0116.uasset" 7200
"/Engine/EngineMaterials/Substrate/Glints2/dict_0007_0125" 7201
"../../../Engine/Content/EngineMaterials/Substrate/Glints2/dict_0007_0115.uasset" 7202
"../../../Engine/Content/EngineMaterials/Substrate/Glints2/dict_0007_0114.uasset" 7203
"../../../Engine/Content/EngineMaterials/Substrate/Glints2/dict_0007_0113.uasset" 7204
"../../../Engine/Content/EngineMaterials/Substrate/Glints2/dict_0007_0112.uasset" 7205
"../../../Engine/Content/EngineMaterials/Substrate/Glints2/dict_0007_0111.uasset" 7206
"../../../Engine/Content/EngineMaterials/Substrate/Glints2/dict_0007_0110.uasset" 7207
"/Engine/EngineMaterials/Substrate/Glints2/dict_0007_0126" 7208
"../../../Engine/Content/EngineMaterials/Substrate/Glints2/dict_0007_0108.uasset" 7209
"../../../Engine/Content/EngineMaterials/Substrate/Glints2/dict_0007_0109.uasset" 7210
"../../../Engine/Content/EngineMaterials/Substrate/Glints2/dict_0007_0107.uasset" 7211
"/Engine/EngineMaterials/Substrate/Glints2/dict_0007_0127" 7212
"/Engine/EngineMaterials/Substrate/Glints2/dict_0007_0128" 7213
"/Engine/EngineMaterials/Substrate/Glints2/dict_0007_0129" 7214
"/Engine/EngineMaterials/Substrate/Glints2/dict_0007_0130" 7215
"/Engine/EngineMaterials/Substrate/Glints2/dict_0007_0131" 7216
"/Engine/EngineMaterials/Substrate/Glints2/dict_0007_0132" 7217
"/Engine/EngineMaterials/Substrate/Glints2/dict_0007_0133" 7218
"/Engine/EngineMaterials/Substrate/Glints2/dict_0007_0134" 7219
"/Engine/EngineMaterials/Substrate/Glints2/dict_0007_0135" 7220
"/Engine/EngineMaterials/Substrate/Glints2/dict_0007_0136" 7221
"/Engine/EngineMaterials/Substrate/Glints2/dict_0007_0137" 7222
"/Engine/EngineMaterials/Substrate/Glints2/dict_0007_0138" 7223
"../../../Engine/Content/EngineMaterials/Substrate/Glints2/dict_0007_0106.uasset" 7224
"../../../Engine/Content/EngineMaterials/Substrate/Glints2/dict_0007_0105.uasset" 7225
"../../../Engine/Content/EngineMaterials/Substrate/Glints2/dict_0007_0104.uasset" 7226
"/Engine/EngineMaterials/Substrate/Glints2/dict_0007_0107" 7227
"../../../Engine/Content/EngineMaterials/Substrate/Glints2/dict_0007_0103.uasset" 7228
"../../../Engine/Content/EngineMaterials/Substrate/Glints2/dict_0007_0102.uasset" 7229
"../../../Engine/Content/EngineMaterials/Substrate/Glints2/dict_0007_0101.uasset" 7230
"../../../Engine/Content/EngineMaterials/Substrate/Glints2/dict_0007_0100.uasset" 7231
"../../../Engine/Content/EngineMaterials/Substrate/Glints2/dict_0007_0099.uasset" 7232
"../../../Engine/Content/EngineMaterials/Substrate/Glints2/dict_0007_0098.uasset" 7233
"../../../Engine/Content/EngineMaterials/Substrate/Glints2/dict_0007_0097.uasset" 7234
"../../../Engine/Content/EngineMaterials/Substrate/Glints2/dict_0007_0096.uasset" 7235
"../../../Engine/Content/EngineMaterials/Substrate/Glints2/dict_0007_0095.uasset" 7236
"/Engine/EngineMaterials/Substrate/Glints2/dict_0007_0108" 7237
"../../../Engine/Content/EngineMaterials/Substrate/Glints2/dict_0007_0094.uasset" 7238
"../../../Engine/Content/EngineMaterials/Substrate/Glints2/dict_0007_0093.uasset" 7239
"../../../Engine/Content/EngineMaterials/Substrate/Glints2/dict_0007_0092.uasset" 7240
"/Engine/EngineMaterials/Substrate/Glints2/dict_0007_0109" 7241
"/Engine/EngineMaterials/Substrate/Glints2/dict_0007_0110" 7242
"/Engine/EngineMaterials/Substrate/Glints2/dict_0007_0111" 7243
"/Engine/EngineMaterials/Substrate/Glints2/dict_0007_0112" 7244
"/Engine/EngineMaterials/Substrate/Glints2/dict_0007_0113" 7245
"/Engine/EngineMaterials/Substrate/Glints2/dict_0007_0114" 7246
"/Engine/EngineMaterials/Substrate/Glints2/dict_0007_0115" 7247
"/Engine/EngineMaterials/Substrate/Glints2/dict_0007_0116" 7248
"/Engine/EngineMaterials/Substrate/Glints2/dict_0007_0117" 7249
"/Engine/EngineMaterials/Substrate/Glints2/dict_0007_0118" 7250
"/Engine/EngineMaterials/Substrate/Glints2/dict_0007_0119" 7251
"/Engine/EngineMaterials/Substrate/Glints2/dict_0007_0120" 7252
"/Engine/EngineMaterials/Substrate/Glints2/dict_0007_0121" 7253
"/Engine/EngineMaterials/Substrate/Glints2/dict_0007_0122" 7254
"/Engine/EngineMaterials/Substrate/Glints2/dict_0007_0123" 7255
"../../../Engine/Content/EngineMaterials/Substrate/Glints2/dict_0007_0091.uasset" 7256
"/Engine/EngineMaterials/Substrate/Glints2/dict_0007_0092" 7257
"../../../Engine/Content/EngineMaterials/Substrate/Glints2/dict_0007_0088.uasset" 7258
"../../../Engine/Content/EngineMaterials/Substrate/Glints2/dict_0007_0090.uasset" 7259
"../../../Engine/Content/EngineMaterials/Substrate/Glints2/dict_0007_0086.uasset" 7260
"../../../Engine/Content/EngineMaterials/Substrate/Glints2/dict_0007_0085.uasset" 7261
"../../../Engine/Content/EngineMaterials/Substrate/Glints2/dict_0007_0084.uasset" 7262
"../../../Engine/Content/EngineMaterials/Substrate/Glints2/dict_0007_0083.uasset" 7263
"../../../Engine/Content/EngineMaterials/Substrate/Glints2/dict_0007_0082.uasset" 7264
"../../../Engine/Content/EngineMaterials/Substrate/Glints2/dict_0007_0081.uasset" 7265
"../../../Engine/Content/EngineMaterials/Substrate/Glints2/dict_0007_0080.uasset" 7266
"/Engine/EngineMaterials/Substrate/Glints2/dict_0007_0093" 7267
"../../../Engine/Content/EngineMaterials/Substrate/Glints2/dict_0007_0087.uasset" 7268
"../../../Engine/Content/EngineMaterials/Substrate/Glints2/dict_0007_0078.uasset" 7269
"../../../Engine/Content/EngineMaterials/Substrate/Glints2/dict_0007_0089.uasset" 7270
"../../../Engine/Content/EngineMaterials/Substrate/Glints2/dict_0007_0077.uasset" 7271
"../../../Engine/Content/EngineMaterials/Substrate/Glints2/dict_0007_0079.uasset" 7272
"../../../Engine/Content/EngineMaterials/Substrate/Glints2/dict_0007_0075.uasset" 7273
"../../../Engine/Content/EngineMaterials/Substrate/Glints2/dict_0007_0076.uasset" 7274
"/Engine/EngineMaterials/Substrate/Glints2/dict_0007_0094" 7275
"/Engine/EngineMaterials/Substrate/Glints2/dict_0007_0095" 7276
"/Engine/EngineMaterials/Substrate/Glints2/dict_0007_0096" 7277
"/Engine/EngineMaterials/Substrate/Glints2/dict_0007_0097" 7278
"/Engine/EngineMaterials/Substrate/Glints2/dict_0007_0098" 7279
"/Engine/EngineMaterials/Substrate/Glints2/dict_0007_0099" 7280
"/Engine/EngineMaterials/Substrate/Glints2/dict_0007_0100" 7281
"/Engine/EngineMaterials/Substrate/Glints2/dict_0007_0101" 7282
"/Engine/EngineMaterials/Substrate/Glints2/dict_0007_0102" 7283
"/Engine/EngineMaterials/Substrate/Glints2/dict_0007_0103" 7284
"/Engine/EngineMaterials/Substrate/Glints2/dict_0007_0104" 7285
"/Engine/EngineMaterials/Substrate/Glints2/dict_0007_0105" 7286
"/Engine/EngineMaterials/Substrate/Glints2/dict_0007_0106" 7287
"../../../Engine/Content/EngineMaterials/Substrate/Glints2/dict_0007_0074.uasset" 7288
"../../../Engine/Content/EngineMaterials/Substrate/Glints2/dict_0007_0073.uasset" 7289
"../../../Engine/Content/EngineMaterials/Substrate/Glints2/dict_0007_0072.uasset" 7290
"../../../Engine/Content/EngineMaterials/Substrate/Glints2/dict_0007_0071.uasset" 7291
"../../../Engine/Content/EngineMaterials/Substrate/Glints2/dict_0007_0069.uasset" 7292
"../../../Engine/Content/EngineMaterials/Substrate/Glints2/dict_0007_0070.uasset" 7293
"/Engine/EngineMaterials/Substrate/Glints2/dict_0007_0075" 7294
"../../../Engine/Content/EngineMaterials/Substrate/Glints2/dict_0007_0067.uasset" 7295
"../../../Engine/Content/EngineMaterials/Substrate/Glints2/dict_0007_0066.uasset" 7296
"../../../Engine/Content/EngineMaterials/Substrate/Glints2/dict_0007_0065.uasset" 7297
"../../../Engine/Content/EngineMaterials/Substrate/Glints2/dict_0007_0068.uasset" 7298
"../../../Engine/Content/EngineMaterials/Substrate/Glints2/dict_0007_0064.uasset" 7299
"../../../Engine/Content/EngineMaterials/Substrate/Glints2/dict_0007_0063.uasset" 7300
"../../../Engine/Content/EngineMaterials/Substrate/Glints2/dict_0007_0062.uasset" 7301
"../../../Engine/Content/EngineMaterials/Substrate/Glints2/dict_0007_0061.uasset" 7302
"../../../Engine/Content/EngineMaterials/Substrate/Glints2/dict_0007_0060.uasset" 7303
"/Engine/EngineMaterials/Substrate/Glints2/dict_0007_0076" 7304
"/Engine/EngineMaterials/Substrate/Glints2/dict_0007_0077" 7305
"/Engine/EngineMaterials/Substrate/Glints2/dict_0007_0078" 7306
"/Engine/EngineMaterials/Substrate/Glints2/dict_0007_0079" 7307
"/Engine/EngineMaterials/Substrate/Glints2/dict_0007_0080" 7308
"/Engine/EngineMaterials/Substrate/Glints2/dict_0007_0081" 7309
"/Engine/EngineMaterials/Substrate/Glints2/dict_0007_0082" 7310
"/Engine/EngineMaterials/Substrate/Glints2/dict_0007_0083" 7311
"/Engine/EngineMaterials/Substrate/Glints2/dict_0007_0084" 7312
"/Engine/EngineMaterials/Substrate/Glints2/dict_0007_0085" 7313
"/Engine/EngineMaterials/Substrate/Glints2/dict_0007_0086" 7314
"/Engine/EngineMaterials/Substrate/Glints2/dict_0007_0087" 7315
"/Engine/EngineMaterials/Substrate/Glints2/dict_0007_0088" 7316
"/Engine/EngineMaterials/Substrate/Glints2/dict_0007_0089" 7317
"/Engine/EngineMaterials/Substrate/Glints2/dict_0007_0072" 7318
"/Engine/EngineMaterials/Substrate/Glints2/dict_0007_0073" 7319
"/Engine/EngineMaterials/Substrate/Glints2/dict_0007_0074" 7320
"/Engine/EngineMaterials/Substrate/Glints2/dict_0007_0090" 7321
"/Engine/EngineMaterials/Substrate/Glints2/dict_0007_0091" 7322
"../../../Engine/Content/EngineMaterials/Substrate/Glints2/dict_0007_0059.uasset" 7323
"../../../Engine/Content/EngineMaterials/Substrate/Glints2/dict_0007_0057.uasset" 7324
"/Engine/EngineMaterials/Substrate/Glints2/dict_0007_0060" 7325
"../../../Engine/Content/EngineMaterials/Substrate/Glints2/dict_0007_0058.uasset" 7326
"../../../Engine/Content/EngineMaterials/Substrate/Glints2/dict_0007_0055.uasset" 7327
"../../../Engine/Content/EngineMaterials/Substrate/Glints2/dict_0007_0056.uasset" 7328
"../../../Engine/Content/EngineMaterials/Substrate/Glints2/dict_0007_0053.uasset" 7329
"../../../Engine/Content/EngineMaterials/Substrate/Glints2/dict_0007_0052.uasset" 7330
"../../../Engine/Content/EngineMaterials/Substrate/Glints2/dict_0007_0054.uasset" 7331
"../../../Engine/Content/EngineMaterials/Substrate/Glints2/dict_0007_0051.uasset" 7332
"../../../Engine/Content/EngineMaterials/Substrate/Glints2/dict_0007_0050.uasset" 7333
"../../../Engine/Content/EngineMaterials/Substrate/Glints2/dict_0007_0049.uasset" 7334
"../../../Engine/Content/EngineMaterials/Substrate/Glints2/dict_0007_0048.uasset" 7335
"../../../Engine/Content/EngineMaterials/Substrate/Glints2/dict_0007_0046.uasset" 7336
"../../../Engine/Content/EngineMaterials/Substrate/Glints2/dict_0007_0045.uasset" 7337
"../../../Engine/Content/EngineMaterials/Substrate/Glints2/dict_0007_0047.uasset" 7338
"/Engine/EngineMaterials/Substrate/Glints2/dict_0007_0061" 7339
"../../../Engine/Content/EngineMaterials/Substrate/Glints2/dict_0007_0043.uasset" 7340
"../../../Engine/Content/EngineMaterials/Substrate/Glints2/dict_0007_0042.uasset" 7341
"../../../Engine/Content/EngineMaterials/Substrate/Glints2/dict_0007_0044.uasset" 7342
"../../../Engine/Content/EngineMaterials/Substrate/Glints2/dict_0007_0041.uasset" 7343
"../../../Engine/Content/EngineMaterials/Substrate/Glints2/dict_0007_0040.uasset" 7344
"/Engine/EngineMaterials/Substrate/Glints2/dict_0007_0062" 7345
"/Engine/EngineMaterials/Substrate/Glints2/dict_0007_0063" 7346
"/Engine/EngineMaterials/Substrate/Glints2/dict_0007_0064" 7347
"/Engine/EngineMaterials/Substrate/Glints2/dict_0007_0065" 7348
"/Engine/EngineMaterials/Substrate/Glints2/dict_0007_0066" 7349
"/Engine/EngineMaterials/Substrate/Glints2/dict_0007_0067" 7350
"/Engine/EngineMaterials/Substrate/Glints2/dict_0007_0068" 7351
"/Engine/EngineMaterials/Substrate/Glints2/dict_0007_0069" 7352
"/Engine/EngineMaterials/Substrate/Glints2/dict_0007_0070" 7353
"/Engine/EngineMaterials/Substrate/Glints2/dict_0007_0071" 7354
"../../../Engine/Content/EngineMaterials/Substrate/Glints2/dict_0007_0038.uasset" 7355
"../../../Engine/Content/EngineMaterials/Substrate/Glints2/dict_0007_0039.uasset" 7356
"/Engine/EngineMaterials/Substrate/Glints2/dict_0007_0040" 7357
"../../../Engine/Content/EngineMaterials/Substrate/Glints2/dict_0007_0037.uasset" 7358
"../../../Engine/Content/EngineMaterials/Substrate/Glints2/dict_0007_0034.uasset" 7359
"../../../Engine/Content/EngineMaterials/Substrate/Glints2/dict_0007_0033.uasset" 7360
"../../../Engine/Content/EngineMaterials/Substrate/Glints2/dict_0007_0032.uasset" 7361
"../../../Engine/Content/EngineMaterials/Substrate/Glints2/dict_0007_0031.uasset" 7362
"../../../Engine/Content/EngineMaterials/Substrate/Glints2/dict_0007_0030.uasset" 7363
"../../../Engine/Content/EngineMaterials/Substrate/Glints2/dict_0007_0029.uasset" 7364
"../../../Engine/Content/EngineMaterials/Substrate/Glints2/dict_0007_0036.uasset" 7365
"../../../Engine/Content/EngineMaterials/Substrate/Glints2/dict_0007_0035.uasset" 7366
"../../../Engine/Content/EngineMaterials/Substrate/Glints2/dict_0007_0028.uasset" 7367
"/Engine/EngineMaterials/Substrate/Glints2/dict_0007_0041" 7368
"/Engine/EngineMaterials/Substrate/Glints2/dict_0007_0042" 7369
"/Engine/EngineMaterials/Substrate/Glints2/dict_0007_0043" 7370
"/Engine/EngineMaterials/Substrate/Glints2/dict_0007_0044" 7371
"/Engine/EngineMaterials/Substrate/Glints2/dict_0007_0045" 7372
"/Engine/EngineMaterials/Substrate/Glints2/dict_0007_0046" 7373
"/Engine/EngineMaterials/Substrate/Glints2/dict_0007_0047" 7374
"/Engine/EngineMaterials/Substrate/Glints2/dict_0007_0048" 7375
"/Engine/EngineMaterials/Substrate/Glints2/dict_0007_0049" 7376
"/Engine/EngineMaterials/Substrate/Glints2/dict_0007_0050" 7377
"/Engine/EngineMaterials/Substrate/Glints2/dict_0007_0051" 7378
"/Engine/EngineMaterials/Substrate/Glints2/dict_0007_0052" 7379
"/Engine/EngineMaterials/Substrate/Glints2/dict_0007_0053" 7380
"/Engine/EngineMaterials/Substrate/Glints2/dict_0007_0054" 7381
"/Engine/EngineMaterials/Substrate/Glints2/dict_0007_0055" 7382
"/Engine/EngineMaterials/Substrate/Glints2/dict_0007_0056" 7383
"/Engine/EngineMaterials/Substrate/Glints2/dict_0007_0057" 7384
"/Engine/EngineMaterials/Substrate/Glints2/dict_0007_0058" 7385
"/Engine/EngineMaterials/Substrate/Glints2/dict_0007_0059" 7386
"../../../Engine/Content/EngineMaterials/Substrate/Glints2/dict_0007_0027.uasset" 7387
"../../../Engine/Content/EngineMaterials/Substrate/Glints2/dict_0007_0025.uasset" 7388
"../../../Engine/Content/EngineMaterials/Substrate/Glints2/dict_0007_0026.uasset" 7389
"/Engine/EngineMaterials/Substrate/Glints2/dict_0007_0028" 7390
"../../../Engine/Content/EngineMaterials/Substrate/Glints2/dict_0007_0022.uasset" 7391
"../../../Engine/Content/EngineMaterials/Substrate/Glints2/dict_0007_0021.uasset" 7392
"../../../Engine/Content/EngineMaterials/Substrate/Glints2/dict_0007_0019.uasset" 7393
"../../../Engine/Content/EngineMaterials/Substrate/Glints2/dict_0007_0024.uasset" 7394
"../../../Engine/Content/EngineMaterials/Substrate/Glints2/dict_0007_0023.uasset" 7395
"../../../Engine/Content/EngineMaterials/Substrate/Glints2/dict_0007_0016.uasset" 7396
"../../../Engine/Content/EngineMaterials/Substrate/Glints2/dict_0007_0015.uasset" 7397
"../../../Engine/Content/EngineMaterials/Substrate/Glints2/dict_0007_0014.uasset" 7398
"../../../Engine/Content/EngineMaterials/Substrate/Glints2/dict_0007_0017.uasset" 7399
"../../../Engine/Content/EngineMaterials/Substrate/Glints2/dict_0007_0012.uasset" 7400
"../../../Engine/Content/EngineMaterials/Substrate/Glints2/dict_0007_0010.uasset" 7401
"../../../Engine/Content/EngineMaterials/Substrate/Glints2/dict_0007_0013.uasset" 7402
"../../../Engine/Content/EngineMaterials/Substrate/Glints2/dict_0007_0020.uasset" 7403
"../../../Engine/Content/EngineMaterials/Substrate/Glints2/dict_0007_0018.uasset" 7404
"../../../Engine/Content/EngineMaterials/Substrate/Glints2/dict_0007_0009.uasset" 7405
"../../../Engine/Content/EngineMaterials/Substrate/Glints2/dict_0007_0008.uasset" 7406
"/Engine/EngineMaterials/Substrate/Glints2/dict_0007_0029" 7407
"../../../Engine/Content/EngineMaterials/Substrate/Glints2/dict_0007_0011.uasset" 7408
"/Engine/EngineMaterials/Substrate/Glints2/dict_0007_0030" 7409
"/Engine/EngineMaterials/Substrate/Glints2/dict_0007_0031" 7410
"/Engine/EngineMaterials/Substrate/Glints2/dict_0007_0032" 7411
"/Engine/EngineMaterials/Substrate/Glints2/dict_0007_0033" 7412
"/Engine/EngineMaterials/Substrate/Glints2/dict_0007_0034" 7413
"/Engine/EngineMaterials/Substrate/Glints2/dict_0007_0035" 7414
"/Engine/EngineMaterials/Substrate/Glints2/dict_0007_0036" 7415
"/Engine/EngineMaterials/Substrate/Glints2/dict_0007_0037" 7416
"/Engine/EngineMaterials/Substrate/Glints2/dict_0007_0038" 7417
"/Engine/EngineMaterials/Substrate/Glints2/dict_0007_0039" 7418
"/Engine/EngineMaterials/Substrate/Glints2/dict_0007_0027" 7419
"../../../Engine/Content/EngineMaterials/Substrate/Glints2/dict_0007_0007.uasset" 7420
"../../../Engine/Content/EngineMaterials/Substrate/Glints2/dict_0007_0005.uasset" 7421
"../../../Engine/Content/EngineMaterials/Substrate/Glints2/dict_0007_0006.uasset" 7422
"/Engine/EngineMaterials/Substrate/Glints2/dict_0007_0008" 7423
"../../../Engine/Content/EngineMaterials/Substrate/Glints2/dict_0007_0002.uasset" 7424
"../../../Engine/Content/EngineMaterials/Substrate/Glints2/dict_0007_0001.uasset" 7425
"../../../Engine/Content/EngineMaterials/Substrate/Glints2/dict_0007_0000.uasset" 7426
"../../../Engine/Content/EngineMaterials/Substrate/Glints2/dict_0006_0254.uasset" 7427
"../../../Engine/Content/EngineMaterials/Substrate/Glints2/dict_0007_0003.uasset" 7428
"../../../Engine/Content/EngineMaterials/Substrate/Glints2/dict_0006_0252.uasset" 7429
"../../../Engine/Content/EngineMaterials/Substrate/Glints2/dict_0006_0255.uasset" 7430
"../../../Engine/Content/EngineMaterials/Substrate/Glints2/dict_0006_0253.uasset" 7431
"../../../Engine/Content/EngineMaterials/Substrate/Glints2/dict_0007_0004.uasset" 7432
"../../../Engine/Content/EngineMaterials/Substrate/Glints2/dict_0006_0251.uasset" 7433
"/Engine/EngineMaterials/Substrate/Glints2/dict_0007_0009" 7434
"/Engine/EngineMaterials/Substrate/Glints2/dict_0007_0010" 7435
"/Engine/EngineMaterials/Substrate/Glints2/dict_0007_0011" 7436
"/Engine/EngineMaterials/Substrate/Glints2/dict_0007_0012" 7437
"/Engine/EngineMaterials/Substrate/Glints2/dict_0007_0013" 7438
"/Engine/EngineMaterials/Substrate/Glints2/dict_0007_0014" 7439
"/Engine/EngineMaterials/Substrate/Glints2/dict_0007_0015" 7440
"/Engine/EngineMaterials/Substrate/Glints2/dict_0007_0016" 7441
"/Engine/EngineMaterials/Substrate/Glints2/dict_0007_0017" 7442
"/Engine/EngineMaterials/Substrate/Glints2/dict_0007_0018" 7443
"/Engine/EngineMaterials/Substrate/Glints2/dict_0007_0019" 7444
"/Engine/EngineMaterials/Substrate/Glints2/dict_0007_0020" 7445
"/Engine/EngineMaterials/Substrate/Glints2/dict_0007_0021" 7446
"/Engine/EngineMaterials/Substrate/Glints2/dict_0007_0022" 7447
"/Engine/EngineMaterials/Substrate/Glints2/dict_0007_0005" 7448
"/Engine/EngineMaterials/Substrate/Glints2/dict_0007_0023" 7449
"/Engine/EngineMaterials/Substrate/Glints2/dict_0007_0024" 7450
"/Engine/EngineMaterials/Substrate/Glints2/dict_0007_0025" 7451
"/Engine/EngineMaterials/Substrate/Glints2/dict_0007_0026" 7452
"/Engine/EngineMaterials/Substrate/Glints2/dict_0007_0007" 7453
"../../../Engine/Content/EngineMaterials/Substrate/Glints2/dict_0006_0250.uasset" 7454
"../../../Engine/Content/EngineMaterials/Substrate/Glints2/dict_0006_0243.uasset" 7455
"../../../Engine/Content/EngineMaterials/Substrate/Glints2/dict_0006_0244.uasset" 7456
"../../../Engine/Content/EngineMaterials/Substrate/Glints2/dict_0006_0246.uasset" 7457
"../../../Engine/Content/EngineMaterials/Substrate/Glints2/dict_0006_0245.uasset" 7458
"../../../Engine/Content/EngineMaterials/Substrate/Glints2/dict_0006_0249.uasset" 7459
"../../../Engine/Content/EngineMaterials/Substrate/Glints2/dict_0006_0242.uasset" 7460
"../../../Engine/Content/EngineMaterials/Substrate/Glints2/dict_0006_0241.uasset" 7461
"../../../Engine/Content/EngineMaterials/Substrate/Glints2/dict_0006_0247.uasset" 7462
"../../../Engine/Content/EngineMaterials/Substrate/Glints2/dict_0006_0239.uasset" 7463
"../../../Engine/Content/EngineMaterials/Substrate/Glints2/dict_0006_0238.uasset" 7464
"/Engine/EngineMaterials/Substrate/Glints2/dict_0006_0251" 7465
"../../../Engine/Content/EngineMaterials/Substrate/Glints2/dict_0006_0248.uasset" 7466
"../../../Engine/Content/EngineMaterials/Substrate/Glints2/dict_0006_0236.uasset" 7467
"../../../Engine/Content/EngineMaterials/Substrate/Glints2/dict_0006_0237.uasset" 7468
"../../../Engine/Content/EngineMaterials/Substrate/Glints2/dict_0006_0233.uasset" 7469
"../../../Engine/Content/EngineMaterials/Substrate/Glints2/dict_0006_0240.uasset" 7470
"../../../Engine/Content/EngineMaterials/Substrate/Glints2/dict_0006_0235.uasset" 7471
"../../../Engine/Content/EngineMaterials/Substrate/Glints2/dict_0006_0231.uasset" 7472
"../../../Engine/Content/EngineMaterials/Substrate/Glints2/dict_0006_0230.uasset" 7473
"../../../Engine/Content/EngineMaterials/Substrate/Glints2/dict_0006_0234.uasset" 7474
"../../../Engine/Content/EngineMaterials/Substrate/Glints2/dict_0006_0232.uasset" 7475
"/Engine/EngineMaterials/Substrate/Glints2/dict_0006_0252" 7476
"/Engine/EngineMaterials/Substrate/Glints2/dict_0006_0253" 7477
"/Engine/EngineMaterials/Substrate/Glints2/dict_0006_0254" 7478
"/Engine/EngineMaterials/Substrate/Glints2/dict_0006_0255" 7479
"/Engine/EngineMaterials/Substrate/Glints2/dict_0007_0000" 7480
"/Engine/EngineMaterials/Substrate/Glints2/dict_0007_0001" 7481
"/Engine/EngineMaterials/Substrate/Glints2/dict_0007_0002" 7482
"/Engine/EngineMaterials/Substrate/Glints2/dict_0007_0003" 7483
"/Engine/EngineMaterials/Substrate/Glints2/dict_0007_0004" 7484
"/Engine/EngineMaterials/Substrate/Glints2/dict_0007_0006" 7485
"../../../Engine/Content/EngineMaterials/Substrate/Glints2/dict_0006_0228.uasset" 7486
"../../../Engine/Content/EngineMaterials/Substrate/Glints2/dict_0006_0229.uasset" 7487
"../../../Engine/Content/EngineMaterials/Substrate/Glints2/dict_0006_0227.uasset" 7488
"../../../Engine/Content/EngineMaterials/Substrate/Glints2/dict_0006_0226.uasset" 7489
"/Engine/EngineMaterials/Substrate/Glints2/dict_0006_0230" 7490
"../../../Engine/Content/EngineMaterials/Substrate/Glints2/dict_0006_0224.uasset" 7491
"../../../Engine/Content/EngineMaterials/Substrate/Glints2/dict_0006_0225.uasset" 7492
"../../../Engine/Content/EngineMaterials/Substrate/Glints2/dict_0006_0223.uasset" 7493
"../../../Engine/Content/EngineMaterials/Substrate/Glints2/dict_0006_0222.uasset" 7494
"../../../Engine/Content/EngineMaterials/Substrate/Glints2/dict_0006_0220.uasset" 7495
"../../../Engine/Content/EngineMaterials/Substrate/Glints2/dict_0006_0221.uasset" 7496
"../../../Engine/Content/EngineMaterials/Substrate/Glints2/dict_0006_0219.uasset" 7497
"/Engine/EngineMaterials/Substrate/Glints2/dict_0006_0231" 7498
"/Engine/EngineMaterials/Substrate/Glints2/dict_0006_0232" 7499
"/Engine/EngineMaterials/Substrate/Glints2/dict_0006_0233" 7500
"/Engine/EngineMaterials/Substrate/Glints2/dict_0006_0234" 7501
"/Engine/EngineMaterials/Substrate/Glints2/dict_0006_0235" 7502
"/Engine/EngineMaterials/Substrate/Glints2/dict_0006_0236" 7503
"/Engine/EngineMaterials/Substrate/Glints2/dict_0006_0237" 7504
"/Engine/EngineMaterials/Substrate/Glints2/dict_0006_0238" 7505
"/Engine/EngineMaterials/Substrate/Glints2/dict_0006_0239" 7506
"/Engine/EngineMaterials/Substrate/Glints2/dict_0006_0240" 7507
"/Engine/EngineMaterials/Substrate/Glints2/dict_0006_0241" 7508
"/Engine/EngineMaterials/Substrate/Glints2/dict_0006_0242" 7509
"/Engine/EngineMaterials/Substrate/Glints2/dict_0006_0243" 7510
"/Engine/EngineMaterials/Substrate/Glints2/dict_0006_0244" 7511
"/Engine/EngineMaterials/Substrate/Glints2/dict_0006_0245" 7512
"/Engine/EngineMaterials/Substrate/Glints2/dict_0006_0246" 7513
"/Engine/EngineMaterials/Substrate/Glints2/dict_0006_0247" 7514
"/Engine/EngineMaterials/Substrate/Glints2/dict_0006_0248" 7515
"/Engine/EngineMaterials/Substrate/Glints2/dict_0006_0249" 7516
"/Engine/EngineMaterials/Substrate/Glints2/dict_0006_0250" 7517
"../../../Engine/Content/EngineMaterials/Substrate/Glints2/dict_0006_0216.uasset" 7518
"../../../Engine/Content/EngineMaterials/Substrate/Glints2/dict_0006_0218.uasset" 7519
"../../../Engine/Content/EngineMaterials/Substrate/Glints2/dict_0006_0215.uasset" 7520
"../../../Engine/Content/EngineMaterials/Substrate/Glints2/dict_0006_0214.uasset" 7521
"../../../Engine/Content/EngineMaterials/Substrate/Glints2/dict_0006_0217.uasset" 7522
"../../../Engine/Content/EngineMaterials/Substrate/Glints2/dict_0006_0211.uasset" 7523
"../../../Engine/Content/EngineMaterials/Substrate/Glints2/dict_0006_0210.uasset" 7524
"../../../Engine/Content/EngineMaterials/Substrate/Glints2/dict_0006_0209.uasset" 7525
"../../../Engine/Content/EngineMaterials/Substrate/Glints2/dict_0006_0212.uasset" 7526
"../../../Engine/Content/EngineMaterials/Substrate/Glints2/dict_0006_0213.uasset" 7527
"../../../Engine/Content/EngineMaterials/Substrate/Glints2/dict_0006_0207.uasset" 7528
"../../../Engine/Content/EngineMaterials/Substrate/Glints2/dict_0006_0204.uasset" 7529
"../../../Engine/Content/EngineMaterials/Substrate/Glints2/dict_0006_0203.uasset" 7530
"../../../Engine/Content/EngineMaterials/Substrate/Glints2/dict_0006_0206.uasset" 7531
"../../../Engine/Content/EngineMaterials/Substrate/Glints2/dict_0006_0208.uasset" 7532
"../../../Engine/Content/EngineMaterials/Substrate/Glints2/dict_0006_0201.uasset" 7533
"../../../Engine/Content/EngineMaterials/Substrate/Glints2/dict_0006_0205.uasset" 7534
"../../../Engine/Content/EngineMaterials/Substrate/Glints2/dict_0006_0200.uasset" 7535
"/Engine/EngineMaterials/Substrate/Glints2/dict_0006_0219" 7536
"../../../Engine/Content/EngineMaterials/Substrate/Glints2/dict_0006_0198.uasset" 7537
"../../../Engine/Content/EngineMaterials/Substrate/Glints2/dict_0006_0202.uasset" 7538
"../../../Engine/Content/EngineMaterials/Substrate/Glints2/dict_0006_0199.uasset" 7539
"/Engine/EngineMaterials/Substrate/Glints2/dict_0006_0220" 7540
"/Engine/EngineMaterials/Substrate/Glints2/dict_0006_0221" 7541
"/Engine/EngineMaterials/Substrate/Glints2/dict_0006_0222" 7542
"/Engine/EngineMaterials/Substrate/Glints2/dict_0006_0223" 7543
"/Engine/EngineMaterials/Substrate/Glints2/dict_0006_0224" 7544
"/Engine/EngineMaterials/Substrate/Glints2/dict_0006_0225" 7545
"/Engine/EngineMaterials/Substrate/Glints2/dict_0006_0226" 7546
"/Engine/EngineMaterials/Substrate/Glints2/dict_0006_0227" 7547
"/Engine/EngineMaterials/Substrate/Glints2/dict_0006_0228" 7548
"/Engine/EngineMaterials/Substrate/Glints2/dict_0006_0229" 7549
"/Engine/EngineMaterials/Substrate/Glints2/dict_0006_0216" 7550
"../../../Engine/Content/EngineMaterials/Substrate/Glints2/dict_0006_0197.uasset" 7551
"../../../Engine/Content/EngineMaterials/Substrate/Glints2/dict_0006_0196.uasset" 7552
"../../../Engine/Content/EngineMaterials/Substrate/Glints2/dict_0006_0195.uasset" 7553
"/Engine/EngineMaterials/Substrate/Glints2/dict_0006_0198" 7554
"../../../Engine/Content/EngineMaterials/Substrate/Glints2/dict_0006_0192.uasset" 7555
"../../../Engine/Content/EngineMaterials/Substrate/Glints2/dict_0006_0191.uasset" 7556
"../../../Engine/Content/EngineMaterials/Substrate/Glints2/dict_0006_0190.uasset" 7557
"../../../Engine/Content/EngineMaterials/Substrate/Glints2/dict_0006_0188.uasset" 7558
"../../../Engine/Content/EngineMaterials/Substrate/Glints2/dict_0006_0189.uasset" 7559
"../../../Engine/Content/EngineMaterials/Substrate/Glints2/dict_0006_0187.uasset" 7560
"../../../Engine/Content/EngineMaterials/Substrate/Glints2/dict_0006_0194.uasset" 7561
"../../../Engine/Content/EngineMaterials/Substrate/Glints2/dict_0006_0193.uasset" 7562
"../../../Engine/Content/EngineMaterials/Substrate/Glints2/dict_0006_0186.uasset" 7563
"/Engine/EngineMaterials/Substrate/Glints2/dict_0006_0199" 7564
"/Engine/EngineMaterials/Substrate/Glints2/dict_0006_0200" 7565
"/Engine/EngineMaterials/Substrate/Glints2/dict_0006_0201" 7566
"/Engine/EngineMaterials/Substrate/Glints2/dict_0006_0202" 7567
"/Engine/EngineMaterials/Substrate/Glints2/dict_0006_0203" 7568
"/Engine/EngineMaterials/Substrate/Glints2/dict_0006_0204" 7569
"/Engine/EngineMaterials/Substrate/Glints2/dict_0006_0205" 7570
"/Engine/EngineMaterials/Substrate/Glints2/dict_0006_0206" 7571
"/Engine/EngineMaterials/Substrate/Glints2/dict_0006_0207" 7572
"/Engine/EngineMaterials/Substrate/Glints2/dict_0006_0208" 7573
"/Engine/EngineMaterials/Substrate/Glints2/dict_0006_0209" 7574
"/Engine/EngineMaterials/Substrate/Glints2/dict_0006_0210" 7575
"/Engine/EngineMaterials/Substrate/Glints2/dict_0006_0211" 7576
"/Engine/EngineMaterials/Substrate/Glints2/dict_0006_0212" 7577
"/Engine/EngineMaterials/Substrate/Glints2/dict_0006_0213" 7578
"/Engine/EngineMaterials/Substrate/Glints2/dict_0006_0214" 7579
"/Engine/EngineMaterials/Substrate/Glints2/dict_0006_0215" 7580
"/Engine/EngineMaterials/Substrate/Glints2/dict_0006_0217" 7581
"/Engine/EngineMaterials/Substrate/Glints2/dict_0006_0218" 7582
"../../../Engine/Content/EngineMaterials/Substrate/Glints2/dict_0006_0184.uasset" 7583
"../../../Engine/Content/EngineMaterials/Substrate/Glints2/dict_0006_0185.uasset" 7584
"../../../Engine/Content/EngineMaterials/Substrate/Glints2/dict_0006_0180.uasset" 7585
"../../../Engine/Content/EngineMaterials/Substrate/Glints2/dict_0006_0182.uasset" 7586
"/Engine/EngineMaterials/Substrate/Glints2/dict_0006_0186" 7587
"../../../Engine/Content/EngineMaterials/Substrate/Glints2/dict_0006_0181.uasset" 7588
"../../../Engine/Content/EngineMaterials/Substrate/Glints2/dict_0006_0183.uasset" 7589
"../../../Engine/Content/EngineMaterials/Substrate/Glints2/dict_0006_0179.uasset" 7590
"../../../Engine/Content/EngineMaterials/Substrate/Glints2/dict_0006_0175.uasset" 7591
"../../../Engine/Content/EngineMaterials/Substrate/Glints2/dict_0006_0177.uasset" 7592
"../../../Engine/Content/EngineMaterials/Substrate/Glints2/dict_0006_0173.uasset" 7593
"../../../Engine/Content/EngineMaterials/Substrate/Glints2/dict_0006_0176.uasset" 7594
"../../../Engine/Content/EngineMaterials/Substrate/Glints2/dict_0006_0174.uasset" 7595
"/Engine/EngineMaterials/Substrate/Glints2/dict_0006_0187" 7596
"../../../Engine/Content/EngineMaterials/Substrate/Glints2/dict_0006_0178.uasset" 7597
"../../../Engine/Content/EngineMaterials/Substrate/Glints2/dict_0006_0170.uasset" 7598
"../../../Engine/Content/EngineMaterials/Substrate/Glints2/dict_0006_0169.uasset" 7599
"../../../Engine/Content/EngineMaterials/Substrate/Glints2/dict_0006_0167.uasset" 7600
"../../../Engine/Content/EngineMaterials/Substrate/Glints2/dict_0006_0168.uasset" 7601
"../../../Engine/Content/EngineMaterials/Substrate/Glints2/dict_0006_0172.uasset" 7602
"../../../Engine/Content/EngineMaterials/Substrate/Glints2/dict_0006_0171.uasset" 7603
"../../../Engine/Content/EngineMaterials/Substrate/Glints2/dict_0006_0166.uasset" 7604
"/Engine/EngineMaterials/Substrate/Glints2/dict_0006_0188" 7605
"/Engine/EngineMaterials/Substrate/Glints2/dict_0006_0189" 7606
"/Engine/EngineMaterials/Substrate/Glints2/dict_0006_0190" 7607
"/Engine/EngineMaterials/Substrate/Glints2/dict_0006_0191" 7608
"/Engine/EngineMaterials/Substrate/Glints2/dict_0006_0192" 7609
"/Engine/EngineMaterials/Substrate/Glints2/dict_0006_0193" 7610
"/Engine/EngineMaterials/Substrate/Glints2/dict_0006_0194" 7611
"/Engine/EngineMaterials/Substrate/Glints2/dict_0006_0195" 7612
"/Engine/EngineMaterials/Substrate/Glints2/dict_0006_0196" 7613
"/Engine/EngineMaterials/Substrate/Glints2/dict_0006_0197" 7614
"../../../Engine/Content/EngineMaterials/Substrate/Glints2/dict_0006_0164.uasset" 7615
"../../../Engine/Content/EngineMaterials/Substrate/Glints2/dict_0006_0162.uasset" 7616
"../../../Engine/Content/EngineMaterials/Substrate/Glints2/dict_0006_0165.uasset" 7617
"../../../Engine/Content/EngineMaterials/Substrate/Glints2/dict_0006_0163.uasset" 7618
"/Engine/EngineMaterials/Substrate/Glints2/dict_0006_0166" 7619
"../../../Engine/Content/EngineMaterials/Substrate/Glints2/dict_0006_0160.uasset" 7620
"../../../Engine/Content/EngineMaterials/Substrate/Glints2/dict_0006_0157.uasset" 7621
"../../../Engine/Content/EngineMaterials/Substrate/Glints2/dict_0006_0158.uasset" 7622
"../../../Engine/Content/EngineMaterials/Substrate/Glints2/dict_0006_0161.uasset" 7623
"../../../Engine/Content/EngineMaterials/Substrate/Glints2/dict_0006_0156.uasset" 7624
"../../../Engine/Content/EngineMaterials/Substrate/Glints2/dict_0006_0155.uasset" 7625
"../../../Engine/Content/EngineMaterials/Substrate/Glints2/dict_0006_0159.uasset" 7626
"../../../Engine/Content/EngineMaterials/Substrate/Glints2/dict_0006_0154.uasset" 7627
"/Engine/EngineMaterials/Substrate/Glints2/dict_0006_0167" 7628
"/Engine/EngineMaterials/Substrate/Glints2/dict_0006_0168" 7629
"/Engine/EngineMaterials/Substrate/Glints2/dict_0006_0169" 7630
"/Engine/EngineMaterials/Substrate/Glints2/dict_0006_0170" 7631
"/Engine/EngineMaterials/Substrate/Glints2/dict_0006_0171" 7632
"/Engine/EngineMaterials/Substrate/Glints2/dict_0006_0172" 7633
"/Engine/EngineMaterials/Substrate/Glints2/dict_0006_0173" 7634
"/Engine/EngineMaterials/Substrate/Glints2/dict_0006_0174" 7635
"/Engine/EngineMaterials/Substrate/Glints2/dict_0006_0175" 7636
"/Engine/EngineMaterials/Substrate/Glints2/dict_0006_0176" 7637
"/Engine/EngineMaterials/Substrate/Glints2/dict_0006_0177" 7638
"/Engine/EngineMaterials/Substrate/Glints2/dict_0006_0178" 7639
"/Engine/EngineMaterials/Substrate/Glints2/dict_0006_0179" 7640
"/Engine/EngineMaterials/Substrate/Glints2/dict_0006_0180" 7641
"/Engine/EngineMaterials/Substrate/Glints2/dict_0006_0181" 7642
"/Engine/EngineMaterials/Substrate/Glints2/dict_0006_0182" 7643
"/Engine/EngineMaterials/Substrate/Glints2/dict_0006_0183" 7644
"/Engine/EngineMaterials/Substrate/Glints2/dict_0006_0184" 7645
"/Engine/EngineMaterials/Substrate/Glints2/dict_0006_0185" 7646
"../../../Engine/Content/EngineMaterials/Substrate/Glints2/dict_0006_0153.uasset" 7647
"../../../Engine/Content/EngineMaterials/Substrate/Glints2/dict_0006_0151.uasset" 7648
"../../../Engine/Content/EngineMaterials/Substrate/Glints2/dict_0006_0149.uasset" 7649
"../../../Engine/Content/EngineMaterials/Substrate/Glints2/dict_0006_0152.uasset" 7650
"../../../Engine/Content/EngineMaterials/Substrate/Glints2/dict_0006_0150.uasset" 7651
"../../../Engine/Content/EngineMaterials/Substrate/Glints2/dict_0006_0146.uasset" 7652
"../../../Engine/Content/EngineMaterials/Substrate/Glints2/dict_0006_0147.uasset" 7653
"../../../Engine/Content/EngineMaterials/Substrate/Glints2/dict_0006_0145.uasset" 7654
"../../../Engine/Content/EngineMaterials/Substrate/Glints2/dict_0006_0144.uasset" 7655
"../../../Engine/Content/EngineMaterials/Substrate/Glints2/dict_0006_0143.uasset" 7656
"/Engine/EngineMaterials/Substrate/Glints2/dict_0006_0154" 7657
"../../../Engine/Content/EngineMaterials/Substrate/Glints2/dict_0006_0142.uasset" 7658
"../../../Engine/Content/EngineMaterials/Substrate/Glints2/dict_0006_0141.uasset" 7659
"../../../Engine/Content/EngineMaterials/Substrate/Glints2/dict_0006_0140.uasset" 7660
"../../../Engine/Content/EngineMaterials/Substrate/Glints2/dict_0006_0139.uasset" 7661
"../../../Engine/Content/EngineMaterials/Substrate/Glints2/dict_0006_0138.uasset" 7662
"../../../Engine/Content/EngineMaterials/Substrate/Glints2/dict_0006_0137.uasset" 7663
"../../../Engine/Content/EngineMaterials/Substrate/Glints2/dict_0006_0136.uasset" 7664
"../../../Engine/Content/EngineMaterials/Substrate/Glints2/dict_0006_0135.uasset" 7665
"../../../Engine/Content/EngineMaterials/Substrate/Glints2/dict_0006_0134.uasset" 7666
"../../../Engine/Content/EngineMaterials/Substrate/Glints2/dict_0006_0148.uasset" 7667
"/Engine/EngineMaterials/Substrate/Glints2/dict_0006_0155" 7668
"/Engine/EngineMaterials/Substrate/Glints2/dict_0006_0156" 7669
"/Engine/EngineMaterials/Substrate/Glints2/dict_0006_0157" 7670
"/Engine/EngineMaterials/Substrate/Glints2/dict_0006_0158" 7671
"/Engine/EngineMaterials/Substrate/Glints2/dict_0006_0159" 7672
"/Engine/EngineMaterials/Substrate/Glints2/dict_0006_0160" 7673
"/Engine/EngineMaterials/Substrate/Glints2/dict_0006_0161" 7674
"/Engine/EngineMaterials/Substrate/Glints2/dict_0006_0162" 7675
"/Engine/EngineMaterials/Substrate/Glints2/dict_0006_0163" 7676
"/Engine/EngineMaterials/Substrate/Glints2/dict_0006_0149" 7677
"/Engine/EngineMaterials/Substrate/Glints2/dict_0006_0164" 7678
"/Engine/EngineMaterials/Substrate/Glints2/dict_0006_0150" 7679
"/Engine/EngineMaterials/Substrate/Glints2/dict_0006_0151" 7680
"/Engine/EngineMaterials/Substrate/Glints2/dict_0006_0165" 7681
"/Engine/EngineMaterials/Substrate/Glints2/dict_0006_0153" 7682
"../../../Engine/Content/EngineMaterials/Substrate/Glints2/dict_0006_0133.uasset" 7683
"../../../Engine/Content/EngineMaterials/Substrate/Glints2/dict_0006_0131.uasset" 7684
"../../../Engine/Content/EngineMaterials/Substrate/Glints2/dict_0006_0130.uasset" 7685
"../../../Engine/Content/EngineMaterials/Substrate/Glints2/dict_0006_0129.uasset" 7686
"../../../Engine/Content/EngineMaterials/Substrate/Glints2/dict_0006_0128.uasset" 7687
"../../../Engine/Content/EngineMaterials/Substrate/Glints2/dict_0006_0127.uasset" 7688
"../../../Engine/Content/EngineMaterials/Substrate/Glints2/dict_0006_0126.uasset" 7689
"../../../Engine/Content/EngineMaterials/Substrate/Glints2/dict_0006_0125.uasset" 7690
"../../../Engine/Content/EngineMaterials/Substrate/Glints2/dict_0006_0124.uasset" 7691
"/Engine/EngineMaterials/Substrate/Glints2/dict_0006_0134" 7692
"../../../Engine/Content/EngineMaterials/Substrate/Glints2/dict_0006_0122.uasset" 7693
"../../../Engine/Content/EngineMaterials/Substrate/Glints2/dict_0006_0120.uasset" 7694
"../../../Engine/Content/EngineMaterials/Substrate/Glints2/dict_0006_0121.uasset" 7695
"../../../Engine/Content/EngineMaterials/Substrate/Glints2/dict_0006_0118.uasset" 7696
"../../../Engine/Content/EngineMaterials/Substrate/Glints2/dict_0006_0123.uasset" 7697
"../../../Engine/Content/EngineMaterials/Substrate/Glints2/dict_0006_0119.uasset" 7698
"../../../Engine/Content/EngineMaterials/Substrate/Glints2/dict_0006_0132.uasset" 7699
"/Engine/EngineMaterials/Substrate/Glints2/dict_0006_0135" 7700
"/Engine/EngineMaterials/Substrate/Glints2/dict_0006_0136" 7701
"/Engine/EngineMaterials/Substrate/Glints2/dict_0006_0137" 7702
"/Engine/EngineMaterials/Substrate/Glints2/dict_0006_0138" 7703
"/Engine/EngineMaterials/Substrate/Glints2/dict_0006_0139" 7704
"/Engine/EngineMaterials/Substrate/Glints2/dict_0006_0140" 7705
"/Engine/EngineMaterials/Substrate/Glints2/dict_0006_0141" 7706
"/Engine/EngineMaterials/Substrate/Glints2/dict_0006_0142" 7707
"/Engine/EngineMaterials/Substrate/Glints2/dict_0006_0143" 7708
"/Engine/EngineMaterials/Substrate/Glints2/dict_0006_0144" 7709
"/Engine/EngineMaterials/Substrate/Glints2/dict_0006_0145" 7710
"/Engine/EngineMaterials/Substrate/Glints2/dict_0006_0146" 7711
"/Engine/EngineMaterials/Substrate/Glints2/dict_0006_0147" 7712
"/Engine/EngineMaterials/Substrate/Glints2/dict_0006_0148" 7713
"/Engine/EngineMaterials/Substrate/Glints2/dict_0006_0130" 7714
"/Engine/EngineMaterials/Substrate/Glints2/dict_0006_0131" 7715
"/Engine/EngineMaterials/Substrate/Glints2/dict_0006_0152" 7716
"/Engine/EngineMaterials/Substrate/Glints2/dict_0006_0133" 7717
"../../../Engine/Content/EngineMaterials/Substrate/Glints2/dict_0006_0117.uasset" 7718
"../../../Engine/Content/EngineMaterials/Substrate/Glints2/dict_0006_0116.uasset" 7719
"../../../Engine/Content/EngineMaterials/Substrate/Glints2/dict_0006_0115.uasset" 7720
"../../../Engine/Content/EngineMaterials/Substrate/Glints2/dict_0006_0114.uasset" 7721
"/Engine/EngineMaterials/Substrate/Glints2/dict_0006_0118" 7722
"../../../Engine/Content/EngineMaterials/Substrate/Glints2/dict_0006_0112.uasset" 7723
"../../../Engine/Content/EngineMaterials/Substrate/Glints2/dict_0006_0111.uasset" 7724
"../../../Engine/Content/EngineMaterials/Substrate/Glints2/dict_0006_0110.uasset" 7725
"../../../Engine/Content/EngineMaterials/Substrate/Glints2/dict_0006_0109.uasset" 7726
"../../../Engine/Content/EngineMaterials/Substrate/Glints2/dict_0006_0108.uasset" 7727
"../../../Engine/Content/EngineMaterials/Substrate/Glints2/dict_0006_0107.uasset" 7728
"../../../Engine/Content/EngineMaterials/Substrate/Glints2/dict_0006_0105.uasset" 7729
"../../../Engine/Content/EngineMaterials/Substrate/Glints2/dict_0006_0113.uasset" 7730
"../../../Engine/Content/EngineMaterials/Substrate/Glints2/dict_0006_0103.uasset" 7731
"../../../Engine/Content/EngineMaterials/Substrate/Glints2/dict_0006_0102.uasset" 7732
"../../../Engine/Content/EngineMaterials/Substrate/Glints2/dict_0006_0104.uasset" 7733
"../../../Engine/Content/EngineMaterials/Substrate/Glints2/dict_0006_0101.uasset" 7734
"../../../Engine/Content/EngineMaterials/Substrate/Glints2/dict_0006_0099.uasset" 7735
"../../../Engine/Content/EngineMaterials/Substrate/Glints2/dict_0006_0106.uasset" 7736
"../../../Engine/Content/EngineMaterials/Substrate/Glints2/dict_0006_0100.uasset" 7737
"/Engine/EngineMaterials/Substrate/Glints2/dict_0006_0119" 7738
"/Engine/EngineMaterials/Substrate/Glints2/dict_0006_0120" 7739
"/Engine/EngineMaterials/Substrate/Glints2/dict_0006_0121" 7740
"/Engine/EngineMaterials/Substrate/Glints2/dict_0006_0122" 7741
"/Engine/EngineMaterials/Substrate/Glints2/dict_0006_0123" 7742
"/Engine/EngineMaterials/Substrate/Glints2/dict_0006_0124" 7743
"/Engine/EngineMaterials/Substrate/Glints2/dict_0006_0125" 7744
"/Engine/EngineMaterials/Substrate/Glints2/dict_0006_0126" 7745
"/Engine/EngineMaterials/Substrate/Glints2/dict_0006_0127" 7746
"/Engine/EngineMaterials/Substrate/Glints2/dict_0006_0128" 7747
"/Engine/EngineMaterials/Substrate/Glints2/dict_0006_0129" 7748
"/Engine/EngineMaterials/Substrate/Glints2/dict_0006_0132" 7749
"/Engine/EngineMaterials/Substrate/Glints2/dict_0006_0117" 7750
"../../../Engine/Content/EngineMaterials/Substrate/Glints2/dict_0006_0097.uasset" 7751
"../../../Engine/Content/EngineMaterials/Substrate/Glints2/dict_0006_0098.uasset" 7752
"../../../Engine/Content/EngineMaterials/Substrate/Glints2/dict_0006_0096.uasset" 7753
"../../../Engine/Content/EngineMaterials/Substrate/Glints2/dict_0006_0094.uasset" 7754
"../../../Engine/Content/EngineMaterials/Substrate/Glints2/dict_0006_0095.uasset" 7755
"../../../Engine/Content/EngineMaterials/Substrate/Glints2/dict_0006_0092.uasset" 7756
"../../../Engine/Content/EngineMaterials/Substrate/Glints2/dict_0006_0093.uasset" 7757
"../../../Engine/Content/EngineMaterials/Substrate/Glints2/dict_0006_0091.uasset" 7758
"../../../Engine/Content/EngineMaterials/Substrate/Glints2/dict_0006_0086.uasset" 7759
"../../../Engine/Content/EngineMaterials/Substrate/Glints2/dict_0006_0085.uasset" 7760
"../../../Engine/Content/EngineMaterials/Substrate/Glints2/dict_0006_0088.uasset" 7761
"../../../Engine/Content/EngineMaterials/Substrate/Glints2/dict_0006_0089.uasset" 7762
"/Engine/EngineMaterials/Substrate/Glints2/dict_0006_0099" 7763
"../../../Engine/Content/EngineMaterials/Substrate/Glints2/dict_0006_0090.uasset" 7764
"../../../Engine/Content/EngineMaterials/Substrate/Glints2/dict_0006_0087.uasset" 7765
"/Engine/EngineMaterials/Substrate/Glints2/dict_0006_0100" 7766
"/Engine/EngineMaterials/Substrate/Glints2/dict_0006_0101" 7767
"/Engine/EngineMaterials/Substrate/Glints2/dict_0006_0102" 7768
"/Engine/EngineMaterials/Substrate/Glints2/dict_0006_0103" 7769
"/Engine/EngineMaterials/Substrate/Glints2/dict_0006_0104" 7770
"/Engine/EngineMaterials/Substrate/Glints2/dict_0006_0105" 7771
"/Engine/EngineMaterials/Substrate/Glints2/dict_0006_0106" 7772
"/Engine/EngineMaterials/Substrate/Glints2/dict_0006_0107" 7773
"/Engine/EngineMaterials/Substrate/Glints2/dict_0006_0108" 7774
"/Engine/EngineMaterials/Substrate/Glints2/dict_0006_0109" 7775
"/Engine/EngineMaterials/Substrate/Glints2/dict_0006_0110" 7776
"/Engine/EngineMaterials/Substrate/Glints2/dict_0006_0111" 7777
"/Engine/EngineMaterials/Substrate/Glints2/dict_0006_0112" 7778
"/Engine/EngineMaterials/Substrate/Glints2/dict_0006_0113" 7779
"/Engine/EngineMaterials/Substrate/Glints2/dict_0006_0096" 7780
"/Engine/EngineMaterials/Substrate/Glints2/dict_0006_0114" 7781
"/Engine/EngineMaterials/Substrate/Glints2/dict_0006_0115" 7782
"/Engine/EngineMaterials/Substrate/Glints2/dict_0006_0097" 7783
"/Engine/EngineMaterials/Substrate/Glints2/dict_0006_0116" 7784
"/Engine/EngineMaterials/Substrate/Glints2/dict_0006_0098" 7785
"../../../Engine/Content/EngineMaterials/Substrate/Glints2/dict_0006_0083.uasset" 7786
"../../../Engine/Content/EngineMaterials/Substrate/Glints2/dict_0006_0082.uasset" 7787
"../../../Engine/Content/EngineMaterials/Substrate/Glints2/dict_0006_0081.uasset" 7788
"../../../Engine/Content/EngineMaterials/Substrate/Glints2/dict_0006_0079.uasset" 7789
"/Engine/EngineMaterials/Substrate/Glints2/dict_0006_0085" 7790
"../../../Engine/Content/EngineMaterials/Substrate/Glints2/dict_0006_0077.uasset" 7791
"../../../Engine/Content/EngineMaterials/Substrate/Glints2/dict_0006_0075.uasset" 7792
"../../../Engine/Content/EngineMaterials/Substrate/Glints2/dict_0006_0084.uasset" 7793
"../../../Engine/Content/EngineMaterials/Substrate/Glints2/dict_0006_0080.uasset" 7794
"../../../Engine/Content/EngineMaterials/Substrate/Glints2/dict_0006_0073.uasset" 7795
"../../../Engine/Content/EngineMaterials/Substrate/Glints2/dict_0006_0072.uasset" 7796
"../../../Engine/Content/EngineMaterials/Substrate/Glints2/dict_0006_0078.uasset" 7797
"../../../Engine/Content/EngineMaterials/Substrate/Glints2/dict_0006_0071.uasset" 7798
"../../../Engine/Content/EngineMaterials/Substrate/Glints2/dict_0006_0070.uasset" 7799
"../../../Engine/Content/EngineMaterials/Substrate/Glints2/dict_0006_0069.uasset" 7800
"../../../Engine/Content/EngineMaterials/Substrate/Glints2/dict_0006_0068.uasset" 7801
"../../../Engine/Content/EngineMaterials/Substrate/Glints2/dict_0006_0067.uasset" 7802
"../../../Engine/Content/EngineMaterials/Substrate/Glints2/dict_0006_0066.uasset" 7803
"../../../Engine/Content/EngineMaterials/Substrate/Glints2/dict_0006_0064.uasset" 7804
"../../../Engine/Content/EngineMaterials/Substrate/Glints2/dict_0006_0076.uasset" 7805
"../../../Engine/Content/EngineMaterials/Substrate/Glints2/dict_0006_0065.uasset" 7806
"../../../Engine/Content/EngineMaterials/Substrate/Glints2/dict_0006_0074.uasset" 7807
"/Engine/EngineMaterials/Substrate/Glints2/dict_0006_0086" 7808
"/Engine/EngineMaterials/Substrate/Glints2/dict_0006_0087" 7809
"/Engine/EngineMaterials/Substrate/Glints2/dict_0006_0088" 7810
"/Engine/EngineMaterials/Substrate/Glints2/dict_0006_0089" 7811
"/Engine/EngineMaterials/Substrate/Glints2/dict_0006_0090" 7812
"/Engine/EngineMaterials/Substrate/Glints2/dict_0006_0091" 7813
"/Engine/EngineMaterials/Substrate/Glints2/dict_0006_0092" 7814
"/Engine/EngineMaterials/Substrate/Glints2/dict_0006_0093" 7815
"/Engine/EngineMaterials/Substrate/Glints2/dict_0006_0094" 7816
"/Engine/EngineMaterials/Substrate/Glints2/dict_0006_0095" 7817
"/Engine/EngineMaterials/Substrate/Glints2/dict_0006_0083" 7818
"../../../Engine/Content/EngineMaterials/Substrate/Glints2/dict_0006_0061.uasset" 7819
"../../../Engine/Content/EngineMaterials/Substrate/Glints2/dict_0006_0062.uasset" 7820
"/Engine/EngineMaterials/Substrate/Glints2/dict_0006_0064" 7821
"../../../Engine/Content/EngineMaterials/Substrate/Glints2/dict_0006_0058.uasset" 7822
"../../../Engine/Content/EngineMaterials/Substrate/Glints2/dict_0006_0060.uasset" 7823
"../../../Engine/Content/EngineMaterials/Substrate/Glints2/dict_0006_0056.uasset" 7824
"../../../Engine/Content/EngineMaterials/Substrate/Glints2/dict_0006_0055.uasset" 7825
"../../../Engine/Content/EngineMaterials/Substrate/Glints2/dict_0006_0054.uasset" 7826
"../../../Engine/Content/EngineMaterials/Substrate/Glints2/dict_0006_0059.uasset" 7827
"../../../Engine/Content/EngineMaterials/Substrate/Glints2/dict_0006_0052.uasset" 7828
"../../../Engine/Content/EngineMaterials/Substrate/Glints2/dict_0006_0063.uasset" 7829
"../../../Engine/Content/EngineMaterials/Substrate/Glints2/dict_0006_0057.uasset" 7830
"../../../Engine/Content/EngineMaterials/Substrate/Glints2/dict_0006_0053.uasset" 7831
"/Engine/EngineMaterials/Substrate/Glints2/dict_0006_0065" 7832
"/Engine/EngineMaterials/Substrate/Glints2/dict_0006_0066" 7833
"/Engine/EngineMaterials/Substrate/Glints2/dict_0006_0067" 7834
"/Engine/EngineMaterials/Substrate/Glints2/dict_0006_0068" 7835
"/Engine/EngineMaterials/Substrate/Glints2/dict_0006_0069" 7836
"/Engine/EngineMaterials/Substrate/Glints2/dict_0006_0070" 7837
"/Engine/EngineMaterials/Substrate/Glints2/dict_0006_0071" 7838
"/Engine/EngineMaterials/Substrate/Glints2/dict_0006_0072" 7839
"/Engine/EngineMaterials/Substrate/Glints2/dict_0006_0073" 7840
"/Engine/EngineMaterials/Substrate/Glints2/dict_0006_0074" 7841
"/Engine/EngineMaterials/Substrate/Glints2/dict_0006_0075" 7842
"/Engine/EngineMaterials/Substrate/Glints2/dict_0006_0076" 7843
"/Engine/EngineMaterials/Substrate/Glints2/dict_0006_0077" 7844
"/Engine/EngineMaterials/Substrate/Glints2/dict_0006_0078" 7845
"/Engine/EngineMaterials/Substrate/Glints2/dict_0006_0079" 7846
"/Engine/EngineMaterials/Substrate/Glints2/dict_0006_0080" 7847
"/Engine/EngineMaterials/Substrate/Glints2/dict_0006_0081" 7848
"/Engine/EngineMaterials/Substrate/Glints2/dict_0006_0082" 7849
"/Engine/EngineMaterials/Substrate/Glints2/dict_0006_0084" 7850
"../../../Engine/Content/EngineMaterials/Substrate/Glints2/dict_0006_0051.uasset" 7851
"../../../Engine/Content/EngineMaterials/Substrate/Glints2/dict_0006_0050.uasset" 7852
"../../../Engine/Content/EngineMaterials/Substrate/Glints2/dict_0006_0049.uasset" 7853
"/Engine/EngineMaterials/Substrate/Glints2/dict_0006_0052" 7854
"../../../Engine/Content/EngineMaterials/Substrate/Glints2/dict_0006_0047.uasset" 7855
"../../../Engine/Content/EngineMaterials/Substrate/Glints2/dict_0006_0044.uasset" 7856
"../../../Engine/Content/EngineMaterials/Substrate/Glints2/dict_0006_0045.uasset" 7857
"../../../Engine/Content/EngineMaterials/Substrate/Glints2/dict_0006_0042.uasset" 7858
"../../../Engine/Content/EngineMaterials/Substrate/Glints2/dict_0006_0046.uasset" 7859
"../../../Engine/Content/EngineMaterials/Substrate/Glints2/dict_0006_0041.uasset" 7860
"../../../Engine/Content/EngineMaterials/Substrate/Glints2/dict_0006_0040.uasset" 7861
"../../../Engine/Content/EngineMaterials/Substrate/Glints2/dict_0006_0038.uasset" 7862
"../../../Engine/Content/EngineMaterials/Substrate/Glints2/dict_0006_0036.uasset" 7863
"../../../Engine/Content/EngineMaterials/Substrate/Glints2/dict_0006_0037.uasset" 7864
"../../../Engine/Content/EngineMaterials/Substrate/Glints2/dict_0006_0035.uasset" 7865
"../../../Engine/Content/EngineMaterials/Substrate/Glints2/dict_0006_0034.uasset" 7866
"../../../Engine/Content/EngineMaterials/Substrate/Glints2/dict_0006_0048.uasset" 7867
"../../../Engine/Content/EngineMaterials/Substrate/Glints2/dict_0006_0039.uasset" 7868
"../../../Engine/Content/EngineMaterials/Substrate/Glints2/dict_0006_0043.uasset" 7869
"/Engine/EngineMaterials/Substrate/Glints2/dict_0006_0053" 7870
"../../../Engine/Content/EngineMaterials/Substrate/Glints2/dict_0006_0033.uasset" 7871
"../../../Engine/Content/EngineMaterials/Substrate/Glints2/dict_0006_0032.uasset" 7872
"/Engine/EngineMaterials/Substrate/Glints2/dict_0006_0054" 7873
"/Engine/EngineMaterials/Substrate/Glints2/dict_0006_0055" 7874
"/Engine/EngineMaterials/Substrate/Glints2/dict_0006_0056" 7875
"/Engine/EngineMaterials/Substrate/Glints2/dict_0006_0057" 7876
"/Engine/EngineMaterials/Substrate/Glints2/dict_0006_0058" 7877
"/Engine/EngineMaterials/Substrate/Glints2/dict_0006_0059" 7878
"/Engine/EngineMaterials/Substrate/Glints2/dict_0006_0060" 7879
"/Engine/EngineMaterials/Substrate/Glints2/dict_0006_0061" 7880
"/Engine/EngineMaterials/Substrate/Glints2/dict_0006_0062" 7881
"/Engine/EngineMaterials/Substrate/Glints2/dict_0006_0050" 7882
"/Engine/EngineMaterials/Substrate/Glints2/dict_0006_0063" 7883
"../../../Engine/Content/EngineMaterials/Substrate/Glints2/dict_0006_0030.uasset" 7884
"../../../Engine/Content/EngineMaterials/Substrate/Glints2/dict_0006_0028.uasset" 7885
"/Engine/EngineMaterials/Substrate/Glints2/dict_0006_0032" 7886
"../../../Engine/Content/EngineMaterials/Substrate/Glints2/dict_0006_0027.uasset" 7887
"../../../Engine/Content/EngineMaterials/Substrate/Glints2/dict_0006_0024.uasset" 7888
"../../../Engine/Content/EngineMaterials/Substrate/Glints2/dict_0006_0026.uasset" 7889
"../../../Engine/Content/EngineMaterials/Substrate/Glints2/dict_0006_0023.uasset" 7890
"../../../Engine/Content/EngineMaterials/Substrate/Glints2/dict_0006_0029.uasset" 7891
"../../../Engine/Content/EngineMaterials/Substrate/Glints2/dict_0006_0025.uasset" 7892
"../../../Engine/Content/EngineMaterials/Substrate/Glints2/dict_0006_0021.uasset" 7893
"../../../Engine/Content/EngineMaterials/Substrate/Glints2/dict_0006_0031.uasset" 7894
"../../../Engine/Content/EngineMaterials/Substrate/Glints2/dict_0006_0019.uasset" 7895
"../../../Engine/Content/EngineMaterials/Substrate/Glints2/dict_0006_0020.uasset" 7896
"../../../Engine/Content/EngineMaterials/Substrate/Glints2/dict_0006_0022.uasset" 7897
"/Engine/EngineMaterials/Substrate/Glints2/dict_0006_0033" 7898
"/Engine/EngineMaterials/Substrate/Glints2/dict_0006_0034" 7899
"/Engine/EngineMaterials/Substrate/Glints2/dict_0006_0035" 7900
"/Engine/EngineMaterials/Substrate/Glints2/dict_0006_0036" 7901
"/Engine/EngineMaterials/Substrate/Glints2/dict_0006_0037" 7902
"/Engine/EngineMaterials/Substrate/Glints2/dict_0006_0038" 7903
"/Engine/EngineMaterials/Substrate/Glints2/dict_0006_0039" 7904
"/Engine/EngineMaterials/Substrate/Glints2/dict_0006_0040" 7905
"/Engine/EngineMaterials/Substrate/Glints2/dict_0006_0041" 7906
"/Engine/EngineMaterials/Substrate/Glints2/dict_0006_0042" 7907
"/Engine/EngineMaterials/Substrate/Glints2/dict_0006_0043" 7908
"/Engine/EngineMaterials/Substrate/Glints2/dict_0006_0044" 7909
"/Engine/EngineMaterials/Substrate/Glints2/dict_0006_0045" 7910
"/Engine/EngineMaterials/Substrate/Glints2/dict_0006_0046" 7911
"/Engine/EngineMaterials/Substrate/Glints2/dict_0006_0047" 7912
"/Engine/EngineMaterials/Substrate/Glints2/dict_0006_0048" 7913
"/Engine/EngineMaterials/Substrate/Glints2/dict_0006_0049" 7914
"/Engine/EngineMaterials/Substrate/Glints2/dict_0006_0051" 7915
"../../../Engine/Content/EngineMaterials/Substrate/Glints2/dict_0006_0016.uasset" 7916
"../../../Engine/Content/EngineMaterials/Substrate/Glints2/dict_0006_0015.uasset" 7917
"../../../Engine/Content/EngineMaterials/Substrate/Glints2/dict_0006_0018.uasset" 7918
"../../../Engine/Content/EngineMaterials/Substrate/Glints2/dict_0006_0013.uasset" 7919
"/Engine/EngineMaterials/Substrate/Glints2/dict_0006_0019" 7920
"../../../Engine/Content/EngineMaterials/Substrate/Glints2/dict_0006_0014.uasset" 7921
"../../../Engine/Content/EngineMaterials/Substrate/Glints2/dict_0006_0010.uasset" 7922
"../../../Engine/Content/EngineMaterials/Substrate/Glints2/dict_0006_0012.uasset" 7923
"../../../Engine/Content/EngineMaterials/Substrate/Glints2/dict_0006_0007.uasset" 7924
"../../../Engine/Content/EngineMaterials/Substrate/Glints2/dict_0006_0009.uasset" 7925
"../../../Engine/Content/EngineMaterials/Substrate/Glints2/dict_0006_0006.uasset" 7926
"../../../Engine/Content/EngineMaterials/Substrate/Glints2/dict_0006_0017.uasset" 7927
"../../../Engine/Content/EngineMaterials/Substrate/Glints2/dict_0006_0004.uasset" 7928
"../../../Engine/Content/EngineMaterials/Substrate/Glints2/dict_0006_0011.uasset" 7929
"../../../Engine/Content/EngineMaterials/Substrate/Glints2/dict_0006_0003.uasset" 7930
"../../../Engine/Content/EngineMaterials/Substrate/Glints2/dict_0006_0001.uasset" 7931
"../../../Engine/Content/EngineMaterials/Substrate/Glints2/dict_0006_0000.uasset" 7932
"../../../Engine/Content/EngineMaterials/Substrate/Glints2/dict_0006_0002.uasset" 7933
"../../../Engine/Content/EngineMaterials/Substrate/Glints2/dict_0006_0008.uasset" 7934
"../../../Engine/Content/EngineMaterials/Substrate/Glints2/dict_0006_0005.uasset" 7935
"/Engine/EngineMaterials/Substrate/Glints2/dict_0006_0020" 7936
"/Engine/EngineMaterials/Substrate/Glints2/dict_0006_0021" 7937
"/Engine/EngineMaterials/Substrate/Glints2/dict_0006_0022" 7938
"/Engine/EngineMaterials/Substrate/Glints2/dict_0006_0023" 7939
"/Engine/EngineMaterials/Substrate/Glints2/dict_0006_0024" 7940
"/Engine/EngineMaterials/Substrate/Glints2/dict_0006_0025" 7941
"/Engine/EngineMaterials/Substrate/Glints2/dict_0006_0026" 7942
"/Engine/EngineMaterials/Substrate/Glints2/dict_0006_0027" 7943
"/Engine/EngineMaterials/Substrate/Glints2/dict_0006_0028" 7944
"/Engine/EngineMaterials/Substrate/Glints2/dict_0006_0029" 7945
"/Engine/EngineMaterials/Substrate/Glints2/dict_0006_0030" 7946
"/Engine/EngineMaterials/Substrate/Glints2/dict_0006_0031" 7947
"../../../Engine/Content/EngineMaterials/Substrate/Glints2/dict_0005_0255.uasset" 7948
"../../../Engine/Content/EngineMaterials/Substrate/Glints2/dict_0005_0254.uasset" 7949
"../../../Engine/Content/EngineMaterials/Substrate/Glints2/dict_0005_0252.uasset" 7950
"../../../Engine/Content/EngineMaterials/Substrate/Glints2/dict_0005_0251.uasset" 7951
"../../../Engine/Content/EngineMaterials/Substrate/Glints2/dict_0005_0253.uasset" 7952
"../../../Engine/Content/EngineMaterials/Substrate/Glints2/dict_0005_0250.uasset" 7953
"../../../Engine/Content/EngineMaterials/Substrate/Glints2/dict_0005_0248.uasset" 7954
"/Engine/EngineMaterials/Substrate/Glints2/dict_0006_0000" 7955
"../../../Engine/Content/EngineMaterials/Substrate/Glints2/dict_0005_0246.uasset" 7956
"../../../Engine/Content/EngineMaterials/Substrate/Glints2/dict_0005_0245.uasset" 7957
"../../../Engine/Content/EngineMaterials/Substrate/Glints2/dict_0005_0249.uasset" 7958
"../../../Engine/Content/EngineMaterials/Substrate/Glints2/dict_0005_0244.uasset" 7959
"../../../Engine/Content/EngineMaterials/Substrate/Glints2/dict_0005_0247.uasset" 7960
"../../../Engine/Content/EngineMaterials/Substrate/Glints2/dict_0005_0243.uasset" 7961
"/Engine/EngineMaterials/Substrate/Glints2/dict_0006_0001" 7962
"/Engine/EngineMaterials/Substrate/Glints2/dict_0006_0002" 7963
"/Engine/EngineMaterials/Substrate/Glints2/dict_0006_0003" 7964
"/Engine/EngineMaterials/Substrate/Glints2/dict_0006_0004" 7965
"/Engine/EngineMaterials/Substrate/Glints2/dict_0006_0005" 7966
"/Engine/EngineMaterials/Substrate/Glints2/dict_0006_0006" 7967
"/Engine/EngineMaterials/Substrate/Glints2/dict_0006_0007" 7968
"/Engine/EngineMaterials/Substrate/Glints2/dict_0006_0008" 7969
"/Engine/EngineMaterials/Substrate/Glints2/dict_0006_0009" 7970
"/Engine/EngineMaterials/Substrate/Glints2/dict_0006_0010" 7971
"/Engine/EngineMaterials/Substrate/Glints2/dict_0006_0011" 7972
"/Engine/EngineMaterials/Substrate/Glints2/dict_0006_0012" 7973
"/Engine/EngineMaterials/Substrate/Glints2/dict_0006_0013" 7974
"/Engine/EngineMaterials/Substrate/Glints2/dict_0006_0014" 7975
"/Engine/EngineMaterials/Substrate/Glints2/dict_0006_0015" 7976
"/Engine/EngineMaterials/Substrate/Glints2/dict_0006_0016" 7977
"/Engine/EngineMaterials/Substrate/Glints2/dict_0006_0017" 7978
"/Engine/EngineMaterials/Substrate/Glints2/dict_0005_0254" 7979
"/Engine/EngineMaterials/Substrate/Glints2/dict_0005_0255" 7980
"/Engine/EngineMaterials/Substrate/Glints2/dict_0006_0018" 7981
"../../../Engine/Content/EngineMaterials/Substrate/Glints2/dict_0005_0242.uasset" 7982
"../../../Engine/Content/EngineMaterials/Substrate/Glints2/dict_0005_0241.uasset" 7983
"../../../Engine/Content/EngineMaterials/Substrate/Glints2/dict_0005_0239.uasset" 7984
"../../../Engine/Content/EngineMaterials/Substrate/Glints2/dict_0005_0240.uasset" 7985
"../../../Engine/Content/EngineMaterials/Substrate/Glints2/dict_0005_0238.uasset" 7986
"/Engine/EngineMaterials/Substrate/Glints2/dict_0005_0243" 7987
"../../../Engine/Content/EngineMaterials/Substrate/Glints2/dict_0005_0237.uasset" 7988
"../../../Engine/Content/EngineMaterials/Substrate/Glints2/dict_0005_0236.uasset" 7989
"../../../Engine/Content/EngineMaterials/Substrate/Glints2/dict_0005_0233.uasset" 7990
"../../../Engine/Content/EngineMaterials/Substrate/Glints2/dict_0005_0232.uasset" 7991
"../../../Engine/Content/EngineMaterials/Substrate/Glints2/dict_0005_0231.uasset" 7992
"../../../Engine/Content/EngineMaterials/Substrate/Glints2/dict_0005_0230.uasset" 7993
"../../../Engine/Content/EngineMaterials/Substrate/Glints2/dict_0005_0229.uasset" 7994
"../../../Engine/Content/EngineMaterials/Substrate/Glints2/dict_0005_0228.uasset" 7995
"../../../Engine/Content/EngineMaterials/Substrate/Glints2/dict_0005_0234.uasset" 7996
"../../../Engine/Content/EngineMaterials/Substrate/Glints2/dict_0005_0235.uasset" 7997
"../../../Engine/Content/EngineMaterials/Substrate/Glints2/dict_0005_0227.uasset" 7998
"../../../Engine/Content/EngineMaterials/Substrate/Glints2/dict_0005_0226.uasset" 7999
"../../../Engine/Content/EngineMaterials/Substrate/Glints2/dict_0005_0225.uasset" 8000
"../../../Engine/Content/EngineMaterials/Substrate/Glints2/dict_0005_0222.uasset" 8001
"../../../Engine/Content/EngineMaterials/Substrate/Glints2/dict_0005_0224.uasset" 8002
"/Engine/EngineMaterials/Substrate/Glints2/dict_0005_0244" 8003
"../../../Engine/Content/EngineMaterials/Substrate/Glints2/dict_0005_0223.uasset" 8004
"/Engine/EngineMaterials/Substrate/Glints2/dict_0005_0245" 8005
"/Engine/EngineMaterials/Substrate/Glints2/dict_0005_0246" 8006
"/Engine/EngineMaterials/Substrate/Glints2/dict_0005_0247" 8007
"/Engine/EngineMaterials/Substrate/Glints2/dict_0005_0248" 8008
"/Engine/EngineMaterials/Substrate/Glints2/dict_0005_0249" 8009
"/Engine/EngineMaterials/Substrate/Glints2/dict_0005_0250" 8010
"/Engine/EngineMaterials/Substrate/Glints2/dict_0005_0251" 8011
"/Engine/EngineMaterials/Substrate/Glints2/dict_0005_0252" 8012
"/Engine/EngineMaterials/Substrate/Glints2/dict_0005_0253" 8013
"/Engine/EngineMaterials/Substrate/Glints2/dict_0005_0241" 8014
"/Engine/EngineMaterials/Substrate/Glints2/dict_0005_0242" 8015
"../../../Engine/Content/EngineMaterials/Substrate/Glints2/dict_0005_0220.uasset" 8016
"../../../Engine/Content/EngineMaterials/Substrate/Glints2/dict_0005_0219.uasset" 8017
"../../../Engine/Content/EngineMaterials/Substrate/Glints2/dict_0005_0218.uasset" 8018
"../../../Engine/Content/EngineMaterials/Substrate/Glints2/dict_0005_0217.uasset" 8019
"../../../Engine/Content/EngineMaterials/Substrate/Glints2/dict_0005_0214.uasset" 8020
"../../../Engine/Content/EngineMaterials/Substrate/Glints2/dict_0005_0215.uasset" 8021
"../../../Engine/Content/EngineMaterials/Substrate/Glints2/dict_0005_0221.uasset" 8022
"../../../Engine/Content/EngineMaterials/Substrate/Glints2/dict_0005_0213.uasset" 8023
"../../../Engine/Content/EngineMaterials/Substrate/Glints2/dict_0005_0212.uasset" 8024
"../../../Engine/Content/EngineMaterials/Substrate/Glints2/dict_0005_0211.uasset" 8025
"../../../Engine/Content/EngineMaterials/Substrate/Glints2/dict_0005_0210.uasset" 8026
"/Engine/EngineMaterials/Substrate/Glints2/dict_0005_0222" 8027
"../../../Engine/Content/EngineMaterials/Substrate/Glints2/dict_0005_0216.uasset" 8028
"../../../Engine/Content/EngineMaterials/Substrate/Glints2/dict_0005_0209.uasset" 8029
"/Engine/EngineMaterials/Substrate/Glints2/dict_0005_0223" 8030
"/Engine/EngineMaterials/Substrate/Glints2/dict_0005_0224" 8031
"/Engine/EngineMaterials/Substrate/Glints2/dict_0005_0225" 8032
"/Engine/EngineMaterials/Substrate/Glints2/dict_0005_0226" 8033
"/Engine/EngineMaterials/Substrate/Glints2/dict_0005_0227" 8034
"/Engine/EngineMaterials/Substrate/Glints2/dict_0005_0228" 8035
"/Engine/EngineMaterials/Substrate/Glints2/dict_0005_0229" 8036
"/Engine/EngineMaterials/Substrate/Glints2/dict_0005_0230" 8037
"/Engine/EngineMaterials/Substrate/Glints2/dict_0005_0231" 8038
"/Engine/EngineMaterials/Substrate/Glints2/dict_0005_0232" 8039
"/Engine/EngineMaterials/Substrate/Glints2/dict_0005_0233" 8040
"/Engine/EngineMaterials/Substrate/Glints2/dict_0005_0234" 8041
"/Engine/EngineMaterials/Substrate/Glints2/dict_0005_0235" 8042
"/Engine/EngineMaterials/Substrate/Glints2/dict_0005_0236" 8043
"/Engine/EngineMaterials/Substrate/Glints2/dict_0005_0219" 8044
"/Engine/EngineMaterials/Substrate/Glints2/dict_0005_0237" 8045
"/Engine/EngineMaterials/Substrate/Glints2/dict_0005_0238" 8046
"/Engine/EngineMaterials/Substrate/Glints2/dict_0005_0239" 8047
"/Engine/EngineMaterials/Substrate/Glints2/dict_0005_0240" 8048
"/Engine/EngineMaterials/Substrate/Glints2/dict_0005_0220" 8049
"/Engine/EngineMaterials/Substrate/Glints2/dict_0005_0221" 8050
"../../../Engine/Content/EngineMaterials/Substrate/Glints2/dict_0005_0207.uasset" 8051
"../../../Engine/Content/EngineMaterials/Substrate/Glints2/dict_0005_0208.uasset" 8052
"../../../Engine/Content/EngineMaterials/Substrate/Glints2/dict_0005_0206.uasset" 8053
"../../../Engine/Content/EngineMaterials/Substrate/Glints2/dict_0005_0203.uasset" 8054
"../../../Engine/Content/EngineMaterials/Substrate/Glints2/dict_0005_0205.uasset" 8055
"../../../Engine/Content/EngineMaterials/Substrate/Glints2/dict_0005_0200.uasset" 8056
"/Engine/EngineMaterials/Substrate/Glints2/dict_0005_0209" 8057
"../../../Engine/Content/EngineMaterials/Substrate/Glints2/dict_0005_0198.uasset" 8058
"../../../Engine/Content/EngineMaterials/Substrate/Glints2/dict_0005_0202.uasset" 8059
"../../../Engine/Content/EngineMaterials/Substrate/Glints2/dict_0005_0195.uasset" 8060
"../../../Engine/Content/EngineMaterials/Substrate/Glints2/dict_0005_0199.uasset" 8061
"../../../Engine/Content/EngineMaterials/Substrate/Glints2/dict_0005_0197.uasset" 8062
"../../../Engine/Content/EngineMaterials/Substrate/Glints2/dict_0005_0201.uasset" 8063
"../../../Engine/Content/EngineMaterials/Substrate/Glints2/dict_0005_0193.uasset" 8064
"../../../Engine/Content/EngineMaterials/Substrate/Glints2/dict_0005_0192.uasset" 8065
"../../../Engine/Content/EngineMaterials/Substrate/Glints2/dict_0005_0190.uasset" 8066
"../../../Engine/Content/EngineMaterials/Substrate/Glints2/dict_0005_0191.uasset" 8067
"../../../Engine/Content/EngineMaterials/Substrate/Glints2/dict_0005_0194.uasset" 8068
"../../../Engine/Content/EngineMaterials/Substrate/Glints2/dict_0005_0189.uasset" 8069
"../../../Engine/Content/EngineMaterials/Substrate/Glints2/dict_0005_0204.uasset" 8070
"../../../Engine/Content/EngineMaterials/Substrate/Glints2/dict_0005_0187.uasset" 8071
"../../../Engine/Content/EngineMaterials/Substrate/Glints2/dict_0005_0188.uasset" 8072
"../../../Engine/Content/EngineMaterials/Substrate/Glints2/dict_0005_0196.uasset" 8073
"/Engine/EngineMaterials/Substrate/Glints2/dict_0005_0210" 8074
"/Engine/EngineMaterials/Substrate/Glints2/dict_0005_0211" 8075
"/Engine/EngineMaterials/Substrate/Glints2/dict_0005_0212" 8076
"/Engine/EngineMaterials/Substrate/Glints2/dict_0005_0213" 8077
"/Engine/EngineMaterials/Substrate/Glints2/dict_0005_0214" 8078
"/Engine/EngineMaterials/Substrate/Glints2/dict_0005_0215" 8079
"/Engine/EngineMaterials/Substrate/Glints2/dict_0005_0216" 8080
"/Engine/EngineMaterials/Substrate/Glints2/dict_0005_0217" 8081
"/Engine/EngineMaterials/Substrate/Glints2/dict_0005_0218" 8082
"../../../Engine/Content/EngineMaterials/Substrate/Glints2/dict_0005_0186.uasset" 8083
"../../../Engine/Content/EngineMaterials/Substrate/Glints2/dict_0005_0185.uasset" 8084
"../../../Engine/Content/EngineMaterials/Substrate/Glints2/dict_0005_0184.uasset" 8085
"../../../Engine/Content/EngineMaterials/Substrate/Glints2/dict_0005_0181.uasset" 8086
"../../../Engine/Content/EngineMaterials/Substrate/Glints2/dict_0005_0183.uasset" 8087
"../../../Engine/Content/EngineMaterials/Substrate/Glints2/dict_0005_0180.uasset" 8088
"../../../Engine/Content/EngineMaterials/Substrate/Glints2/dict_0005_0182.uasset" 8089
"../../../Engine/Content/EngineMaterials/Substrate/Glints2/dict_0005_0179.uasset" 8090
"../../../Engine/Content/EngineMaterials/Substrate/Glints2/dict_0005_0177.uasset" 8091
"../../../Engine/Content/EngineMaterials/Substrate/Glints2/dict_0005_0178.uasset" 8092
"/Engine/EngineMaterials/Substrate/Glints2/dict_0005_0180" 8093
"/Engine/EngineMaterials/Substrate/Glints2/dict_0005_0181" 8094
"/Engine/EngineMaterials/Substrate/Glints2/dict_0005_0187" 8095
"/Engine/EngineMaterials/Substrate/Glints2/dict_0005_0188" 8096
"/Engine/EngineMaterials/Substrate/Glints2/dict_0005_0189" 8097
"/Engine/EngineMaterials/Substrate/Glints2/dict_0005_0190" 8098
"/Engine/EngineMaterials/Substrate/Glints2/dict_0005_0191" 8099
"/Engine/EngineMaterials/Substrate/Glints2/dict_0005_0182" 8100
"/Engine/EngineMaterials/Substrate/Glints2/dict_0005_0183" 8101
"/Engine/EngineMaterials/Substrate/Glints2/dict_0005_0184" 8102
"/Engine/EngineMaterials/Substrate/Glints2/dict_0005_0185" 8103
"/Engine/EngineMaterials/Substrate/Glints2/dict_0005_0186" 8104
"/Engine/EngineMaterials/Substrate/Glints2/dict_0005_0192" 8105
"/Engine/EngineMaterials/Substrate/Glints2/dict_0005_0193" 8106
"/Engine/EngineMaterials/Substrate/Glints2/dict_0005_0194" 8107
"/Engine/EngineMaterials/Substrate/Glints2/dict_0005_0195" 8108
"/Engine/EngineMaterials/Substrate/Glints2/dict_0005_0196" 8109
"/Engine/EngineMaterials/Substrate/Glints2/dict_0005_0197" 8110
"/Engine/EngineMaterials/Substrate/Glints2/dict_0005_0198" 8111
"/Engine/EngineMaterials/Substrate/Glints2/dict_0005_0199" 8112
"/Engine/EngineMaterials/Substrate/Glints2/dict_0005_0200" 8113
"/Engine/EngineMaterials/Substrate/Glints2/dict_0005_0201" 8114
"/Engine/EngineMaterials/Substrate/Glints2/dict_0005_0202" 8115
"/Engine/EngineMaterials/Substrate/Glints2/dict_0005_0203" 8116
"/Engine/EngineMaterials/Substrate/Glints2/dict_0005_0204" 8117
"/Engine/EngineMaterials/Substrate/Glints2/dict_0005_0205" 8118
"/Engine/EngineMaterials/Substrate/Glints2/dict_0005_0206" 8119
"/Engine/EngineMaterials/Substrate/Glints2/dict_0005_0207" 8120
"/Engine/EngineMaterials/Substrate/Glints2/dict_0005_0208" 8121
"../../../Engine/Content/EngineMaterials/Substrate/Glints2/dict_0005_0176.uasset" 8122
"../../../Engine/Content/EngineMaterials/Substrate/Glints2/dict_0005_0173.uasset" 8123
"../../../Engine/Content/EngineMaterials/Substrate/Glints2/dict_0005_0170.uasset" 8124
"/Engine/EngineMaterials/Substrate/Glints2/dict_0005_0177" 8125
"../../../Engine/Content/EngineMaterials/Substrate/Glints2/dict_0005_0175.uasset" 8126
"../../../Engine/Content/EngineMaterials/Substrate/Glints2/dict_0005_0174.uasset" 8127
"../../../Engine/Content/EngineMaterials/Substrate/Glints2/dict_0005_0172.uasset" 8128
"../../../Engine/Content/EngineMaterials/Substrate/Glints2/dict_0005_0171.uasset" 8129
"../../../Engine/Content/EngineMaterials/Substrate/Glints2/dict_0005_0167.uasset" 8130
"../../../Engine/Content/EngineMaterials/Substrate/Glints2/dict_0005_0168.uasset" 8131
"../../../Engine/Content/EngineMaterials/Substrate/Glints2/dict_0005_0164.uasset" 8132
"../../../Engine/Content/EngineMaterials/Substrate/Glints2/dict_0005_0163.uasset" 8133
"../../../Engine/Content/EngineMaterials/Substrate/Glints2/dict_0005_0162.uasset" 8134
"../../../Engine/Content/EngineMaterials/Substrate/Glints2/dict_0005_0161.uasset" 8135
"../../../Engine/Content/EngineMaterials/Substrate/Glints2/dict_0005_0165.uasset" 8136
"../../../Engine/Content/EngineMaterials/Substrate/Glints2/dict_0005_0169.uasset" 8137
"../../../Engine/Content/EngineMaterials/Substrate/Glints2/dict_0005_0160.uasset" 8138
"../../../Engine/Content/EngineMaterials/Substrate/Glints2/dict_0005_0166.uasset" 8139
"../../../Engine/Content/EngineMaterials/Substrate/Glints2/dict_0005_0158.uasset" 8140
"../../../Engine/Content/EngineMaterials/Substrate/Glints2/dict_0005_0157.uasset" 8141
"../../../Engine/Content/EngineMaterials/Substrate/Glints2/dict_0005_0159.uasset" 8142
"../../../Engine/Content/EngineMaterials/Substrate/Glints2/dict_0005_0156.uasset" 8143
"../../../Engine/Content/EngineMaterials/Substrate/Glints2/dict_0005_0155.uasset" 8144
"../../../Engine/Content/EngineMaterials/Substrate/Glints2/dict_0005_0154.uasset" 8145
"../../../Engine/Content/EngineMaterials/Substrate/Glints2/dict_0005_0153.uasset" 8146
"../../../Engine/Content/EngineMaterials/Substrate/Glints2/dict_0005_0151.uasset" 8147
"../../../Engine/Content/EngineMaterials/Substrate/Glints2/dict_0005_0150.uasset" 8148
"/Engine/EngineMaterials/Substrate/Glints2/dict_0005_0178" 8149
"../../../Engine/Content/EngineMaterials/Substrate/Glints2/dict_0005_0149.uasset" 8150
"../../../Engine/Content/EngineMaterials/Substrate/Glints2/dict_0005_0148.uasset" 8151
"../../../Engine/Content/EngineMaterials/Substrate/Glints2/dict_0005_0152.uasset" 8152
"/Engine/EngineMaterials/Substrate/Glints2/dict_0005_0179" 8153
"/Engine/EngineMaterials/Substrate/Glints2/dict_0005_0173" 8154
"/Engine/EngineMaterials/Substrate/Glints2/dict_0005_0176" 8155
"../../../Engine/Content/EngineMaterials/Substrate/Glints2/dict_0005_0147.uasset" 8156
"../../../Engine/Content/EngineMaterials/Substrate/Glints2/dict_0005_0146.uasset" 8157
"../../../Engine/Content/EngineMaterials/Substrate/Glints2/dict_0005_0145.uasset" 8158
"/Engine/EngineMaterials/Substrate/Glints2/dict_0005_0148" 8159
"../../../Engine/Content/EngineMaterials/Substrate/Glints2/dict_0005_0143.uasset" 8160
"../../../Engine/Content/EngineMaterials/Substrate/Glints2/dict_0005_0144.uasset" 8161
"/Engine/EngineMaterials/Substrate/Glints2/dict_0005_0149" 8162
"/Engine/EngineMaterials/Substrate/Glints2/dict_0005_0150" 8163
"/Engine/EngineMaterials/Substrate/Glints2/dict_0005_0151" 8164
"/Engine/EngineMaterials/Substrate/Glints2/dict_0005_0152" 8165
"/Engine/EngineMaterials/Substrate/Glints2/dict_0005_0153" 8166
"/Engine/EngineMaterials/Substrate/Glints2/dict_0005_0154" 8167
"/Engine/EngineMaterials/Substrate/Glints2/dict_0005_0155" 8168
"/Engine/EngineMaterials/Substrate/Glints2/dict_0005_0156" 8169
"/Engine/EngineMaterials/Substrate/Glints2/dict_0005_0157" 8170
"/Engine/EngineMaterials/Substrate/Glints2/dict_0005_0158" 8171
"/Engine/EngineMaterials/Substrate/Glints2/dict_0005_0159" 8172
"/Engine/EngineMaterials/Substrate/Glints2/dict_0005_0160" 8173
"/Engine/EngineMaterials/Substrate/Glints2/dict_0005_0161" 8174
"/Engine/EngineMaterials/Substrate/Glints2/dict_0005_0162" 8175
"/Engine/EngineMaterials/Substrate/Glints2/dict_0005_0163" 8176
"/Engine/EngineMaterials/Substrate/Glints2/dict_0005_0164" 8177
"/Engine/EngineMaterials/Substrate/Glints2/dict_0005_0165" 8178
"/Engine/EngineMaterials/Substrate/Glints2/dict_0005_0166" 8179
"/Engine/EngineMaterials/Substrate/Glints2/dict_0005_0167" 8180
"/Engine/EngineMaterials/Substrate/Glints2/dict_0005_0168" 8181
"/Engine/EngineMaterials/Substrate/Glints2/dict_0005_0169" 8182
"/Engine/EngineMaterials/Substrate/Glints2/dict_0005_0170" 8183
"/Engine/EngineMaterials/Substrate/Glints2/dict_0005_0171" 8184
"/Engine/EngineMaterials/Substrate/Glints2/dict_0005_0172" 8185
"/Engine/EngineMaterials/Substrate/Glints2/dict_0005_0174" 8186
"/Engine/EngineMaterials/Substrate/Glints2/dict_0005_0175" 8187
"/Engine/EngineMaterials/Substrate/Glints2/dict_0005_0147" 8188
"../../../Engine/Content/EngineMaterials/Substrate/Glints2/dict_0005_0142.uasset" 8189
"../../../Engine/Content/EngineMaterials/Substrate/Glints2/dict_0005_0140.uasset" 8190
"../../../Engine/Content/EngineMaterials/Substrate/Glints2/dict_0005_0141.uasset" 8191
"../../../Engine/Content/EngineMaterials/Substrate/Glints2/dict_0005_0139.uasset" 8192
"../../../Engine/Content/EngineMaterials/Substrate/Glints2/dict_0005_0138.uasset" 8193
"../../../Engine/Content/EngineMaterials/Substrate/Glints2/dict_0005_0137.uasset" 8194
"../../../Engine/Content/EngineMaterials/Substrate/Glints2/dict_0005_0134.uasset" 8195
"../../../Engine/Content/EngineMaterials/Substrate/Glints2/dict_0005_0133.uasset" 8196
"../../../Engine/Content/EngineMaterials/Substrate/Glints2/dict_0005_0132.uasset" 8197
"../../../Engine/Content/EngineMaterials/Substrate/Glints2/dict_0005_0130.uasset" 8198
"../../../Engine/Content/EngineMaterials/Substrate/Glints2/dict_0005_0131.uasset" 8199
"../../../Engine/Content/EngineMaterials/Substrate/Glints2/dict_0005_0129.uasset" 8200
"../../../Engine/Content/EngineMaterials/Substrate/Glints2/dict_0005_0136.uasset" 8201
"../../../Engine/Content/EngineMaterials/Substrate/Glints2/dict_0005_0127.uasset" 8202
"/Engine/EngineMaterials/Substrate/Glints2/dict_0005_0143" 8203
"../../../Engine/Content/EngineMaterials/Substrate/Glints2/dict_0005_0128.uasset" 8204
"../../../Engine/Content/EngineMaterials/Substrate/Glints2/dict_0005_0135.uasset" 8205
"../../../Engine/Content/EngineMaterials/Substrate/Glints2/dict_0005_0123.uasset" 8206
"../../../Engine/Content/EngineMaterials/Substrate/Glints2/dict_0005_0126.uasset" 8207
"../../../Engine/Content/EngineMaterials/Substrate/Glints2/dict_0005_0121.uasset" 8208
"../../../Engine/Content/EngineMaterials/Substrate/Glints2/dict_0005_0120.uasset" 8209
"../../../Engine/Content/EngineMaterials/Substrate/Glints2/dict_0005_0122.uasset" 8210
"../../../Engine/Content/EngineMaterials/Substrate/Glints2/dict_0005_0118.uasset" 8211
"../../../Engine/Content/EngineMaterials/Substrate/Glints2/dict_0005_0119.uasset" 8212
"../../../Engine/Content/EngineMaterials/Substrate/Glints2/dict_0005_0116.uasset" 8213
"../../../Engine/Content/EngineMaterials/Substrate/Glints2/dict_0005_0124.uasset" 8214
"../../../Engine/Content/EngineMaterials/Substrate/Glints2/dict_0005_0117.uasset" 8215
"../../../Engine/Content/EngineMaterials/Substrate/Glints2/dict_0005_0125.uasset" 8216
"../../../Engine/Content/EngineMaterials/Substrate/Glints2/dict_0005_0115.uasset" 8217
"/Engine/EngineMaterials/Substrate/Glints2/dict_0005_0144" 8218
"/Engine/EngineMaterials/Substrate/Glints2/dict_0005_0145" 8219
"/Engine/EngineMaterials/Substrate/Glints2/dict_0005_0139" 8220
"/Engine/EngineMaterials/Substrate/Glints2/dict_0005_0146" 8221
"/Engine/EngineMaterials/Substrate/Glints2/dict_0005_0140" 8222
"/Engine/EngineMaterials/Substrate/Glints2/dict_0005_0141" 8223
"/Engine/EngineMaterials/Substrate/Glints2/dict_0005_0142" 8224
"../../../Engine/Content/EngineMaterials/Substrate/Glints2/dict_0005_0114.uasset" 8225
"../../../Engine/Content/EngineMaterials/Substrate/Glints2/dict_0005_0113.uasset" 8226
"../../../Engine/Content/EngineMaterials/Substrate/Glints2/dict_0005_0110.uasset" 8227
"../../../Engine/Content/EngineMaterials/Substrate/Glints2/dict_0005_0111.uasset" 8228
"/Engine/EngineMaterials/Substrate/Glints2/dict_0005_0115" 8229
"../../../Engine/Content/EngineMaterials/Substrate/Glints2/dict_0005_0112.uasset" 8230
"../../../Engine/Content/EngineMaterials/Substrate/Glints2/dict_0005_0107.uasset" 8231
"../../../Engine/Content/EngineMaterials/Substrate/Glints2/dict_0005_0109.uasset" 8232
"../../../Engine/Content/EngineMaterials/Substrate/Glints2/dict_0005_0108.uasset" 8233
"/Engine/EngineMaterials/Substrate/Glints2/dict_0005_0116" 8234
"/Engine/EngineMaterials/Substrate/Glints2/dict_0005_0117" 8235
"/Engine/EngineMaterials/Substrate/Glints2/dict_0005_0118" 8236
"/Engine/EngineMaterials/Substrate/Glints2/dict_0005_0119" 8237
"/Engine/EngineMaterials/Substrate/Glints2/dict_0005_0120" 8238
"/Engine/EngineMaterials/Substrate/Glints2/dict_0005_0121" 8239
"/Engine/EngineMaterials/Substrate/Glints2/dict_0005_0122" 8240
"/Engine/EngineMaterials/Substrate/Glints2/dict_0005_0123" 8241
"/Engine/EngineMaterials/Substrate/Glints2/dict_0005_0124" 8242
"/Engine/EngineMaterials/Substrate/Glints2/dict_0005_0125" 8243
"/Engine/EngineMaterials/Substrate/Glints2/dict_0005_0126" 8244
"/Engine/EngineMaterials/Substrate/Glints2/dict_0005_0127" 8245
"/Engine/EngineMaterials/Substrate/Glints2/dict_0005_0128" 8246
"/Engine/EngineMaterials/Substrate/Glints2/dict_0005_0129" 8247
"/Engine/EngineMaterials/Substrate/Glints2/dict_0005_0130" 8248
"/Engine/EngineMaterials/Substrate/Glints2/dict_0005_0131" 8249
"/Engine/EngineMaterials/Substrate/Glints2/dict_0005_0132" 8250
"/Engine/EngineMaterials/Substrate/Glints2/dict_0005_0133" 8251
"/Engine/EngineMaterials/Substrate/Glints2/dict_0005_0134" 8252
"/Engine/EngineMaterials/Substrate/Glints2/dict_0005_0135" 8253
"/Engine/EngineMaterials/Substrate/Glints2/dict_0005_0136" 8254
"/Engine/EngineMaterials/Substrate/Glints2/dict_0005_0137" 8255
"/Engine/EngineMaterials/Substrate/Glints2/dict_0005_0138" 8256
"../../../Engine/Content/EngineMaterials/Substrate/Glints2/dict_0005_0106.uasset" 8257
"../../../Engine/Content/EngineMaterials/Substrate/Glints2/dict_0005_0104.uasset" 8258
"../../../Engine/Content/EngineMaterials/Substrate/Glints2/dict_0005_0101.uasset" 8259
"../../../Engine/Content/EngineMaterials/Substrate/Glints2/dict_0005_0098.uasset" 8260
"../../../Engine/Content/EngineMaterials/Substrate/Glints2/dict_0005_0105.uasset" 8261
"../../../Engine/Content/EngineMaterials/Substrate/Glints2/dict_0005_0099.uasset" 8262
"../../../Engine/Content/EngineMaterials/Substrate/Glints2/dict_0005_0097.uasset" 8263
"../../../Engine/Content/EngineMaterials/Substrate/Glints2/dict_0005_0095.uasset" 8264
"../../../Engine/Content/EngineMaterials/Substrate/Glints2/dict_0005_0103.uasset" 8265
"../../../Engine/Content/EngineMaterials/Substrate/Glints2/dict_0005_0094.uasset" 8266
"../../../Engine/Content/EngineMaterials/Substrate/Glints2/dict_0005_0093.uasset" 8267
"../../../Engine/Content/EngineMaterials/Substrate/Glints2/dict_0005_0092.uasset" 8268
"../../../Engine/Content/EngineMaterials/Substrate/Glints2/dict_0005_0091.uasset" 8269
"../../../Engine/Content/EngineMaterials/Substrate/Glints2/dict_0005_0090.uasset" 8270
"../../../Engine/Content/EngineMaterials/Substrate/Glints2/dict_0005_0088.uasset" 8271
"../../../Engine/Content/EngineMaterials/Substrate/Glints2/dict_0005_0102.uasset" 8272
"../../../Engine/Content/EngineMaterials/Substrate/Glints2/dict_0005_0087.uasset" 8273
"../../../Engine/Content/EngineMaterials/Substrate/Glints2/dict_0005_0089.uasset" 8274
"../../../Engine/Content/EngineMaterials/Substrate/Glints2/dict_0005_0083.uasset" 8275
"../../../Engine/Content/EngineMaterials/Substrate/Glints2/dict_0005_0086.uasset" 8276
"/Engine/EngineMaterials/Substrate/Glints2/dict_0005_0107" 8277
"../../../Engine/Content/EngineMaterials/Substrate/Glints2/dict_0005_0096.uasset" 8278
"../../../Engine/Content/EngineMaterials/Substrate/Glints2/dict_0005_0100.uasset" 8279
"../../../Engine/Content/EngineMaterials/Substrate/Glints2/dict_0005_0084.uasset" 8280
"../../../Engine/Content/EngineMaterials/Substrate/Glints2/dict_0005_0085.uasset" 8281
"/Engine/EngineMaterials/Substrate/Glints2/dict_0005_0108" 8282
"/Engine/EngineMaterials/Substrate/Glints2/dict_0005_0109" 8283
"/Engine/EngineMaterials/Substrate/Glints2/dict_0005_0104" 8284
"/Engine/EngineMaterials/Substrate/Glints2/dict_0005_0106" 8285
"/Engine/EngineMaterials/Substrate/Glints2/dict_0005_0110" 8286
"/Engine/EngineMaterials/Substrate/Glints2/dict_0005_0111" 8287
"/Engine/EngineMaterials/Substrate/Glints2/dict_0005_0112" 8288
"/Engine/EngineMaterials/Substrate/Glints2/dict_0005_0113" 8289
"/Engine/EngineMaterials/Substrate/Glints2/dict_0005_0114" 8290
"../../../Engine/Content/EngineMaterials/Substrate/Glints2/dict_0005_0082.uasset" 8291
"../../../Engine/Content/EngineMaterials/Substrate/Glints2/dict_0005_0081.uasset" 8292
"../../../Engine/Content/EngineMaterials/Substrate/Glints2/dict_0005_0080.uasset" 8293
"/Engine/EngineMaterials/Substrate/Glints2/dict_0005_0083" 8294
"../../../Engine/Content/EngineMaterials/Substrate/Glints2/dict_0005_0079.uasset" 8295
"../../../Engine/Content/EngineMaterials/Substrate/Glints2/dict_0005_0078.uasset" 8296
"../../../Engine/Content/EngineMaterials/Substrate/Glints2/dict_0005_0077.uasset" 8297
"../../../Engine/Content/EngineMaterials/Substrate/Glints2/dict_0005_0076.uasset" 8298
"../../../Engine/Content/EngineMaterials/Substrate/Glints2/dict_0005_0075.uasset" 8299
"../../../Engine/Content/EngineMaterials/Substrate/Glints2/dict_0005_0074.uasset" 8300
"../../../Engine/Content/EngineMaterials/Substrate/Glints2/dict_0005_0073.uasset" 8301
"/Engine/EngineMaterials/Substrate/Glints2/dict_0005_0084" 8302
"/Engine/EngineMaterials/Substrate/Glints2/dict_0005_0085" 8303
"/Engine/EngineMaterials/Substrate/Glints2/dict_0005_0086" 8304
"/Engine/EngineMaterials/Substrate/Glints2/dict_0005_0087" 8305
"/Engine/EngineMaterials/Substrate/Glints2/dict_0005_0088" 8306
"/Engine/EngineMaterials/Substrate/Glints2/dict_0005_0089" 8307
"/Engine/EngineMaterials/Substrate/Glints2/dict_0005_0090" 8308
"/Engine/EngineMaterials/Substrate/Glints2/dict_0005_0091" 8309
"/Engine/EngineMaterials/Substrate/Glints2/dict_0005_0092" 8310
"/Engine/EngineMaterials/Substrate/Glints2/dict_0005_0093" 8311
"/Engine/EngineMaterials/Substrate/Glints2/dict_0005_0094" 8312
"/Engine/EngineMaterials/Substrate/Glints2/dict_0005_0095" 8313
"/Engine/EngineMaterials/Substrate/Glints2/dict_0005_0096" 8314
"/Engine/EngineMaterials/Substrate/Glints2/dict_0005_0097" 8315
"/Engine/EngineMaterials/Substrate/Glints2/dict_0005_0098" 8316
"/Engine/EngineMaterials/Substrate/Glints2/dict_0005_0099" 8317
"/Engine/EngineMaterials/Substrate/Glints2/dict_0005_0100" 8318
"/Engine/EngineMaterials/Substrate/Glints2/dict_0005_0101" 8319
"/Engine/EngineMaterials/Substrate/Glints2/dict_0005_0102" 8320
"/Engine/EngineMaterials/Substrate/Glints2/dict_0005_0103" 8321
"/Engine/EngineMaterials/Substrate/Glints2/dict_0005_0105" 8322
"/Engine/EngineMaterials/Substrate/Glints2/dict_0005_0081" 8323
"/Engine/EngineMaterials/Substrate/Glints2/dict_0005_0082" 8324
"../../../Engine/Content/EngineMaterials/Substrate/Glints2/dict_0005_0072.uasset" 8325
"../../../Engine/Content/EngineMaterials/Substrate/Glints2/dict_0005_0071.uasset" 8326
"../../../Engine/Content/EngineMaterials/Substrate/Glints2/dict_0005_0070.uasset" 8327
"../../../Engine/Content/EngineMaterials/Substrate/Glints2/dict_0005_0069.uasset" 8328
"../../../Engine/Content/EngineMaterials/Substrate/Glints2/dict_0005_0068.uasset" 8329
"../../../Engine/Content/EngineMaterials/Substrate/Glints2/dict_0005_0067.uasset" 8330
"/Engine/EngineMaterials/Substrate/Glints2/dict_0005_0073" 8331
"../../../Engine/Content/EngineMaterials/Substrate/Glints2/dict_0005_0064.uasset" 8332
"../../../Engine/Content/EngineMaterials/Substrate/Glints2/dict_0005_0063.uasset" 8333
"../../../Engine/Content/EngineMaterials/Substrate/Glints2/dict_0005_0062.uasset" 8334
"../../../Engine/Content/EngineMaterials/Substrate/Glints2/dict_0005_0061.uasset" 8335
"../../../Engine/Content/EngineMaterials/Substrate/Glints2/dict_0005_0065.uasset" 8336
"../../../Engine/Content/EngineMaterials/Substrate/Glints2/dict_0005_0060.uasset" 8337
"../../../Engine/Content/EngineMaterials/Substrate/Glints2/dict_0005_0059.uasset" 8338
"../../../Engine/Content/EngineMaterials/Substrate/Glints2/dict_0005_0056.uasset" 8339
"../../../Engine/Content/EngineMaterials/Substrate/Glints2/dict_0005_0058.uasset" 8340
"../../../Engine/Content/EngineMaterials/Substrate/Glints2/dict_0005_0055.uasset" 8341
"../../../Engine/Content/EngineMaterials/Substrate/Glints2/dict_0005_0054.uasset" 8342
"../../../Engine/Content/EngineMaterials/Substrate/Glints2/dict_0005_0053.uasset" 8343
"../../../Engine/Content/EngineMaterials/Substrate/Glints2/dict_0005_0052.uasset" 8344
"../../../Engine/Content/EngineMaterials/Substrate/Glints2/dict_0005_0051.uasset" 8345
"../../../Engine/Content/EngineMaterials/Substrate/Glints2/dict_0005_0066.uasset" 8346
"../../../Engine/Content/EngineMaterials/Substrate/Glints2/dict_0005_0049.uasset" 8347
"../../../Engine/Content/EngineMaterials/Substrate/Glints2/dict_0005_0057.uasset" 8348
"../../../Engine/Content/EngineMaterials/Substrate/Glints2/dict_0005_0050.uasset" 8349
"/Engine/EngineMaterials/Substrate/Glints2/dict_0005_0074" 8350
"/Engine/EngineMaterials/Substrate/Glints2/dict_0005_0075" 8351
"/Engine/EngineMaterials/Substrate/Glints2/dict_0005_0076" 8352
"/Engine/EngineMaterials/Substrate/Glints2/dict_0005_0070" 8353
"/Engine/EngineMaterials/Substrate/Glints2/dict_0005_0077" 8354
"/Engine/EngineMaterials/Substrate/Glints2/dict_0005_0078" 8355
"/Engine/EngineMaterials/Substrate/Glints2/dict_0005_0079" 8356
"/Engine/EngineMaterials/Substrate/Glints2/dict_0005_0080" 8357
"/Engine/EngineMaterials/Substrate/Glints2/dict_0005_0071" 8358
"/Engine/EngineMaterials/Substrate/Glints2/dict_0005_0072" 8359
"../../../Engine/Content/EngineMaterials/Substrate/Glints2/dict_0005_0048.uasset" 8360
"../../../Engine/Content/EngineMaterials/Substrate/Glints2/dict_0005_0047.uasset" 8361
"/Engine/EngineMaterials/Substrate/Glints2/dict_0005_0049" 8362
"../../../Engine/Content/EngineMaterials/Substrate/Glints2/dict_0005_0042.uasset" 8363
"../../../Engine/Content/EngineMaterials/Substrate/Glints2/dict_0005_0043.uasset" 8364
"../../../Engine/Content/EngineMaterials/Substrate/Glints2/dict_0005_0040.uasset" 8365
"../../../Engine/Content/EngineMaterials/Substrate/Glints2/dict_0005_0045.uasset" 8366
"../../../Engine/Content/EngineMaterials/Substrate/Glints2/dict_0005_0038.uasset" 8367
"../../../Engine/Content/EngineMaterials/Substrate/Glints2/dict_0005_0046.uasset" 8368
"../../../Engine/Content/EngineMaterials/Substrate/Glints2/dict_0005_0044.uasset" 8369
"../../../Engine/Content/EngineMaterials/Substrate/Glints2/dict_0005_0041.uasset" 8370
"../../../Engine/Content/EngineMaterials/Substrate/Glints2/dict_0005_0039.uasset" 8371
"/Engine/EngineMaterials/Substrate/Glints2/dict_0005_0050" 8372
"/Engine/EngineMaterials/Substrate/Glints2/dict_0005_0051" 8373
"/Engine/EngineMaterials/Substrate/Glints2/dict_0005_0052" 8374
"/Engine/EngineMaterials/Substrate/Glints2/dict_0005_0053" 8375
"/Engine/EngineMaterials/Substrate/Glints2/dict_0005_0054" 8376
"/Engine/EngineMaterials/Substrate/Glints2/dict_0005_0055" 8377
"/Engine/EngineMaterials/Substrate/Glints2/dict_0005_0056" 8378
"/Engine/EngineMaterials/Substrate/Glints2/dict_0005_0057" 8379
"/Engine/EngineMaterials/Substrate/Glints2/dict_0005_0058" 8380
"/Engine/EngineMaterials/Substrate/Glints2/dict_0005_0059" 8381
"/Engine/EngineMaterials/Substrate/Glints2/dict_0005_0060" 8382
"/Engine/EngineMaterials/Substrate/Glints2/dict_0005_0061" 8383
"/Engine/EngineMaterials/Substrate/Glints2/dict_0005_0062" 8384
"/Engine/EngineMaterials/Substrate/Glints2/dict_0005_0063" 8385
"/Engine/EngineMaterials/Substrate/Glints2/dict_0005_0064" 8386
"/Engine/EngineMaterials/Substrate/Glints2/dict_0005_0065" 8387
"/Engine/EngineMaterials/Substrate/Glints2/dict_0005_0066" 8388
"/Engine/EngineMaterials/Substrate/Glints2/dict_0005_0067" 8389
"/Engine/EngineMaterials/Substrate/Glints2/dict_0005_0068" 8390
"/Engine/EngineMaterials/Substrate/Glints2/dict_0005_0069" 8391
"../../../Engine/Content/EngineMaterials/Substrate/Glints2/dict_0005_0037.uasset" 8392
"../../../Engine/Content/EngineMaterials/Substrate/Glints2/dict_0005_0036.uasset" 8393
"../../../Engine/Content/EngineMaterials/Substrate/Glints2/dict_0005_0035.uasset" 8394
"../../../Engine/Content/EngineMaterials/Substrate/Glints2/dict_0005_0033.uasset" 8395
"../../../Engine/Content/EngineMaterials/Substrate/Glints2/dict_0005_0031.uasset" 8396
"../../../Engine/Content/EngineMaterials/Substrate/Glints2/dict_0005_0030.uasset" 8397
"../../../Engine/Content/EngineMaterials/Substrate/Glints2/dict_0005_0032.uasset" 8398
"../../../Engine/Content/EngineMaterials/Substrate/Glints2/dict_0005_0028.uasset" 8399
"../../../Engine/Content/EngineMaterials/Substrate/Glints2/dict_0005_0027.uasset" 8400
"../../../Engine/Content/EngineMaterials/Substrate/Glints2/dict_0005_0025.uasset" 8401
"../../../Engine/Content/EngineMaterials/Substrate/Glints2/dict_0005_0023.uasset" 8402
"../../../Engine/Content/EngineMaterials/Substrate/Glints2/dict_0005_0022.uasset" 8403
"../../../Engine/Content/EngineMaterials/Substrate/Glints2/dict_0005_0021.uasset" 8404
"../../../Engine/Content/EngineMaterials/Substrate/Glints2/dict_0005_0020.uasset" 8405
"../../../Engine/Content/EngineMaterials/Substrate/Glints2/dict_0005_0026.uasset" 8406
"../../../Engine/Content/EngineMaterials/Substrate/Glints2/dict_0005_0018.uasset" 8407
"../../../Engine/Content/EngineMaterials/Substrate/Glints2/dict_0005_0024.uasset" 8408
"../../../Engine/Content/EngineMaterials/Substrate/Glints2/dict_0005_0034.uasset" 8409
"../../../Engine/Content/EngineMaterials/Substrate/Glints2/dict_0005_0029.uasset" 8410
"/Engine/EngineMaterials/Substrate/Glints2/dict_0005_0038" 8411
"../../../Engine/Content/EngineMaterials/Substrate/Glints2/dict_0005_0019.uasset" 8412
"../../../Engine/Content/EngineMaterials/Substrate/Glints2/dict_0005_0017.uasset" 8413
"/Engine/EngineMaterials/Substrate/Glints2/dict_0005_0039" 8414
"/Engine/EngineMaterials/Substrate/Glints2/dict_0005_0040" 8415
"/Engine/EngineMaterials/Substrate/Glints2/dict_0005_0041" 8416
"/Engine/EngineMaterials/Substrate/Glints2/dict_0005_0042" 8417
"/Engine/EngineMaterials/Substrate/Glints2/dict_0005_0043" 8418
"/Engine/EngineMaterials/Substrate/Glints2/dict_0005_0044" 8419
"/Engine/EngineMaterials/Substrate/Glints2/dict_0005_0045" 8420
"/Engine/EngineMaterials/Substrate/Glints2/dict_0005_0046" 8421
"/Engine/EngineMaterials/Substrate/Glints2/dict_0005_0047" 8422
"/Engine/EngineMaterials/Substrate/Glints2/dict_0005_0048" 8423
"../../../Engine/Content/EngineMaterials/Substrate/Glints2/dict_0005_0016.uasset" 8424
"../../../Engine/Content/EngineMaterials/Substrate/Glints2/dict_0005_0015.uasset" 8425
"../../../Engine/Content/EngineMaterials/Substrate/Glints2/dict_0005_0013.uasset" 8426
"../../../Engine/Content/EngineMaterials/Substrate/Glints2/dict_0005_0014.uasset" 8427
"../../../Engine/Content/EngineMaterials/Substrate/Glints2/dict_0005_0011.uasset" 8428
"../../../Engine/Content/EngineMaterials/Substrate/Glints2/dict_0005_0012.uasset" 8429
"../../../Engine/Content/EngineMaterials/Substrate/Glints2/dict_0005_0010.uasset" 8430
"../../../Engine/Content/EngineMaterials/Substrate/Glints2/dict_0005_0009.uasset" 8431
"../../../Engine/Content/EngineMaterials/Substrate/Glints2/dict_0005_0008.uasset" 8432
"/Engine/EngineMaterials/Substrate/Glints2/dict_0005_0017" 8433
"../../../Engine/Content/EngineMaterials/Substrate/Glints2/dict_0005_0006.uasset" 8434
"../../../Engine/Content/EngineMaterials/Substrate/Glints2/dict_0005_0007.uasset" 8435
"/Engine/EngineMaterials/Substrate/Glints2/dict_0005_0018" 8436
"/Engine/EngineMaterials/Substrate/Glints2/dict_0005_0019" 8437
"/Engine/EngineMaterials/Substrate/Glints2/dict_0005_0020" 8438
"/Engine/EngineMaterials/Substrate/Glints2/dict_0005_0021" 8439
"/Engine/EngineMaterials/Substrate/Glints2/dict_0005_0022" 8440
"/Engine/EngineMaterials/Substrate/Glints2/dict_0005_0023" 8441
"/Engine/EngineMaterials/Substrate/Glints2/dict_0005_0024" 8442
"/Engine/EngineMaterials/Substrate/Glints2/dict_0005_0025" 8443
"/Engine/EngineMaterials/Substrate/Glints2/dict_0005_0026" 8444
"/Engine/EngineMaterials/Substrate/Glints2/dict_0005_0027" 8445
"/Engine/EngineMaterials/Substrate/Glints2/dict_0005_0028" 8446
"/Engine/EngineMaterials/Substrate/Glints2/dict_0005_0029" 8447
"/Engine/EngineMaterials/Substrate/Glints2/dict_0005_0030" 8448
"/Engine/EngineMaterials/Substrate/Glints2/dict_0005_0031" 8449
"/Engine/EngineMaterials/Substrate/Glints2/dict_0005_0032" 8450
"/Engine/EngineMaterials/Substrate/Glints2/dict_0005_0033" 8451
"/Engine/EngineMaterials/Substrate/Glints2/dict_0005_0034" 8452
"/Engine/EngineMaterials/Substrate/Glints2/dict_0005_0035" 8453
"/Engine/EngineMaterials/Substrate/Glints2/dict_0005_0036" 8454
"/Engine/EngineMaterials/Substrate/Glints2/dict_0005_0037" 8455
"/Engine/EngineMaterials/Substrate/Glints2/dict_0005_0011" 8456
"/Engine/EngineMaterials/Substrate/Glints2/dict_0005_0013" 8457
"/Engine/EngineMaterials/Substrate/Glints2/dict_0005_0014" 8458
"/Engine/EngineMaterials/Substrate/Glints2/dict_0005_0015" 8459
"/Engine/EngineMaterials/Substrate/Glints2/dict_0005_0016" 8460
"../../../Engine/Content/EngineMaterials/Substrate/Glints2/dict_0005_0004.uasset" 8461
"../../../Engine/Content/EngineMaterials/Substrate/Glints2/dict_0004_0255.uasset" 8462
"../../../Engine/Content/EngineMaterials/Substrate/Glints2/dict_0004_0253.uasset" 8463
"../../../Engine/Content/EngineMaterials/Substrate/Glints2/dict_0005_0002.uasset" 8464
"../../../Engine/Content/EngineMaterials/Substrate/Glints2/dict_0005_0003.uasset" 8465
"../../../Engine/Content/EngineMaterials/Substrate/Glints2/dict_0004_0251.uasset" 8466
"../../../Engine/Content/EngineMaterials/Substrate/Glints2/dict_0005_0005.uasset" 8467
"../../../Engine/Content/EngineMaterials/Substrate/Glints2/dict_0004_0250.uasset" 8468
"../../../Engine/Content/EngineMaterials/Substrate/Glints2/dict_0005_0000.uasset" 8469
"../../../Engine/Content/EngineMaterials/Substrate/Glints2/dict_0004_0249.uasset" 8470
"../../../Engine/Content/EngineMaterials/Substrate/Glints2/dict_0005_0001.uasset" 8471
"../../../Engine/Content/EngineMaterials/Substrate/Glints2/dict_0004_0254.uasset" 8472
"../../../Engine/Content/EngineMaterials/Substrate/Glints2/dict_0004_0248.uasset" 8473
"../../../Engine/Content/EngineMaterials/Substrate/Glints2/dict_0004_0246.uasset" 8474
"../../../Engine/Content/EngineMaterials/Substrate/Glints2/dict_0004_0245.uasset" 8475
"../../../Engine/Content/EngineMaterials/Substrate/Glints2/dict_0004_0244.uasset" 8476
"../../../Engine/Content/EngineMaterials/Substrate/Glints2/dict_0004_0252.uasset" 8477
"/Engine/EngineMaterials/Substrate/Glints2/dict_0005_0006" 8478
"../../../Engine/Content/EngineMaterials/Substrate/Glints2/dict_0004_0242.uasset" 8479
"../../../Engine/Content/EngineMaterials/Substrate/Glints2/dict_0004_0240.uasset" 8480
"../../../Engine/Content/EngineMaterials/Substrate/Glints2/dict_0004_0247.uasset" 8481
"../../../Engine/Content/EngineMaterials/Substrate/Glints2/dict_0004_0237.uasset" 8482
"../../../Engine/Content/EngineMaterials/Substrate/Glints2/dict_0004_0243.uasset" 8483
"../../../Engine/Content/EngineMaterials/Substrate/Glints2/dict_0004_0239.uasset" 8484
"../../../Engine/Content/EngineMaterials/Substrate/Glints2/dict_0004_0238.uasset" 8485
"../../../Engine/Content/EngineMaterials/Substrate/Glints2/dict_0004_0241.uasset" 8486
"../../../Engine/Content/EngineMaterials/Substrate/Glints2/dict_0004_0236.uasset" 8487
"/Engine/EngineMaterials/Substrate/Glints2/dict_0005_0007" 8488
"/Engine/EngineMaterials/Substrate/Glints2/dict_0005_0008" 8489
"/Engine/EngineMaterials/Substrate/Glints2/dict_0005_0009" 8490
"/Engine/EngineMaterials/Substrate/Glints2/dict_0005_0010" 8491
"/Engine/EngineMaterials/Substrate/Glints2/dict_0005_0012" 8492
"/Engine/EngineMaterials/Substrate/Glints2/dict_0005_0004" 8493
"../../../Engine/Content/EngineMaterials/Substrate/Glints2/dict_0004_0235.uasset" 8494
"../../../Engine/Content/EngineMaterials/Substrate/Glints2/dict_0004_0233.uasset" 8495
"../../../Engine/Content/EngineMaterials/Substrate/Glints2/dict_0004_0231.uasset" 8496
"/Engine/EngineMaterials/Substrate/Glints2/dict_0004_0236" 8497
"../../../Engine/Content/EngineMaterials/Substrate/Glints2/dict_0004_0234.uasset" 8498
"../../../Engine/Content/EngineMaterials/Substrate/Glints2/dict_0004_0229.uasset" 8499
"../../../Engine/Content/EngineMaterials/Substrate/Glints2/dict_0004_0230.uasset" 8500
"../../../Engine/Content/EngineMaterials/Substrate/Glints2/dict_0004_0232.uasset" 8501
"/Engine/EngineMaterials/Substrate/Glints2/dict_0004_0237" 8502
"/Engine/EngineMaterials/Substrate/Glints2/dict_0004_0238" 8503
"/Engine/EngineMaterials/Substrate/Glints2/dict_0004_0239" 8504
"/Engine/EngineMaterials/Substrate/Glints2/dict_0004_0240" 8505
"/Engine/EngineMaterials/Substrate/Glints2/dict_0004_0241" 8506
"/Engine/EngineMaterials/Substrate/Glints2/dict_0004_0242" 8507
"/Engine/EngineMaterials/Substrate/Glints2/dict_0004_0243" 8508
"/Engine/EngineMaterials/Substrate/Glints2/dict_0004_0244" 8509
"/Engine/EngineMaterials/Substrate/Glints2/dict_0004_0245" 8510
"/Engine/EngineMaterials/Substrate/Glints2/dict_0004_0246" 8511
"/Engine/EngineMaterials/Substrate/Glints2/dict_0004_0247" 8512
"/Engine/EngineMaterials/Substrate/Glints2/dict_0004_0248" 8513
"/Engine/EngineMaterials/Substrate/Glints2/dict_0004_0249" 8514
"/Engine/EngineMaterials/Substrate/Glints2/dict_0004_0250" 8515
"/Engine/EngineMaterials/Substrate/Glints2/dict_0004_0251" 8516
"/Engine/EngineMaterials/Substrate/Glints2/dict_0004_0252" 8517
"/Engine/EngineMaterials/Substrate/Glints2/dict_0004_0253" 8518
"/Engine/EngineMaterials/Substrate/Glints2/dict_0004_0254" 8519
"/Engine/EngineMaterials/Substrate/Glints2/dict_0004_0255" 8520
"/Engine/EngineMaterials/Substrate/Glints2/dict_0005_0000" 8521
"/Engine/EngineMaterials/Substrate/Glints2/dict_0005_0001" 8522
"/Engine/EngineMaterials/Substrate/Glints2/dict_0005_0002" 8523
"/Engine/EngineMaterials/Substrate/Glints2/dict_0005_0003" 8524
"/Engine/EngineMaterials/Substrate/Glints2/dict_0005_0005" 8525
"../../../Engine/Content/EngineMaterials/Substrate/Glints2/dict_0004_0227.uasset" 8526
"../../../Engine/Content/EngineMaterials/Substrate/Glints2/dict_0004_0228.uasset" 8527
"../../../Engine/Content/EngineMaterials/Substrate/Glints2/dict_0004_0226.uasset" 8528
"../../../Engine/Content/EngineMaterials/Substrate/Glints2/dict_0004_0225.uasset" 8529
"../../../Engine/Content/EngineMaterials/Substrate/Glints2/dict_0004_0222.uasset" 8530
"../../../Engine/Content/EngineMaterials/Substrate/Glints2/dict_0004_0223.uasset" 8531
"../../../Engine/Content/EngineMaterials/Substrate/Glints2/dict_0004_0221.uasset" 8532
"../../../Engine/Content/EngineMaterials/Substrate/Glints2/dict_0004_0219.uasset" 8533
"/Engine/EngineMaterials/Substrate/Glints2/dict_0004_0229" 8534
"../../../Engine/Content/EngineMaterials/Substrate/Glints2/dict_0004_0220.uasset" 8535
"../../../Engine/Content/EngineMaterials/Substrate/Glints2/dict_0004_0216.uasset" 8536
"../../../Engine/Content/EngineMaterials/Substrate/Glints2/dict_0004_0214.uasset" 8537
"../../../Engine/Content/EngineMaterials/Substrate/Glints2/dict_0004_0212.uasset" 8538
"../../../Engine/Content/EngineMaterials/Substrate/Glints2/dict_0004_0217.uasset" 8539
"../../../Engine/Content/EngineMaterials/Substrate/Glints2/dict_0004_0213.uasset" 8540
"../../../Engine/Content/EngineMaterials/Substrate/Glints2/dict_0004_0210.uasset" 8541
"../../../Engine/Content/EngineMaterials/Substrate/Glints2/dict_0004_0209.uasset" 8542
"../../../Engine/Content/EngineMaterials/Substrate/Glints2/dict_0004_0208.uasset" 8543
"../../../Engine/Content/EngineMaterials/Substrate/Glints2/dict_0004_0207.uasset" 8544
"../../../Engine/Content/EngineMaterials/Substrate/Glints2/dict_0004_0206.uasset" 8545
"../../../Engine/Content/EngineMaterials/Substrate/Glints2/dict_0004_0211.uasset" 8546
"../../../Engine/Content/EngineMaterials/Substrate/Glints2/dict_0004_0224.uasset" 8547
"../../../Engine/Content/EngineMaterials/Substrate/Glints2/dict_0004_0218.uasset" 8548
"../../../Engine/Content/EngineMaterials/Substrate/Glints2/dict_0004_0215.uasset" 8549
"../../../Engine/Content/EngineMaterials/Substrate/Glints2/dict_0004_0205.uasset" 8550
"../../../Engine/Content/EngineMaterials/Substrate/Glints2/dict_0004_0204.uasset" 8551
"/Engine/EngineMaterials/Substrate/Glints2/dict_0004_0230" 8552
"/Engine/EngineMaterials/Substrate/Glints2/dict_0004_0231" 8553
"/Engine/EngineMaterials/Substrate/Glints2/dict_0004_0232" 8554
"/Engine/EngineMaterials/Substrate/Glints2/dict_0004_0233" 8555
"/Engine/EngineMaterials/Substrate/Glints2/dict_0004_0234" 8556
"/Engine/EngineMaterials/Substrate/Glints2/dict_0004_0226" 8557
"/Engine/EngineMaterials/Substrate/Glints2/dict_0004_0227" 8558
"/Engine/EngineMaterials/Substrate/Glints2/dict_0004_0235" 8559
"/Engine/EngineMaterials/Substrate/Glints2/dict_0004_0228" 8560
"../../../Engine/Content/EngineMaterials/Substrate/Glints2/dict_0004_0202.uasset" 8561
"../../../Engine/Content/EngineMaterials/Substrate/Glints2/dict_0004_0203.uasset" 8562
"../../../Engine/Content/EngineMaterials/Substrate/Glints2/dict_0004_0201.uasset" 8563
"../../../Engine/Content/EngineMaterials/Substrate/Glints2/dict_0004_0200.uasset" 8564
"../../../Engine/Content/EngineMaterials/Substrate/Glints2/dict_0004_0199.uasset" 8565
"../../../Engine/Content/EngineMaterials/Substrate/Glints2/dict_0004_0198.uasset" 8566
"../../../Engine/Content/EngineMaterials/Substrate/Glints2/dict_0004_0197.uasset" 8567
"../../../Engine/Content/EngineMaterials/Substrate/Glints2/dict_0004_0195.uasset" 8568
"/Engine/EngineMaterials/Substrate/Glints2/dict_0004_0204" 8569
"../../../Engine/Content/EngineMaterials/Substrate/Glints2/dict_0004_0196.uasset" 8570
"../../../Engine/Content/EngineMaterials/Substrate/Glints2/dict_0004_0194.uasset" 8571
"/Engine/EngineMaterials/Substrate/Glints2/dict_0004_0205" 8572
"/Engine/EngineMaterials/Substrate/Glints2/dict_0004_0206" 8573
"/Engine/EngineMaterials/Substrate/Glints2/dict_0004_0207" 8574
"/Engine/EngineMaterials/Substrate/Glints2/dict_0004_0208" 8575
"/Engine/EngineMaterials/Substrate/Glints2/dict_0004_0209" 8576
"/Engine/EngineMaterials/Substrate/Glints2/dict_0004_0210" 8577
"/Engine/EngineMaterials/Substrate/Glints2/dict_0004_0211" 8578
"/Engine/EngineMaterials/Substrate/Glints2/dict_0004_0212" 8579
"/Engine/EngineMaterials/Substrate/Glints2/dict_0004_0213" 8580
"/Engine/EngineMaterials/Substrate/Glints2/dict_0004_0214" 8581
"/Engine/EngineMaterials/Substrate/Glints2/dict_0004_0215" 8582
"/Engine/EngineMaterials/Substrate/Glints2/dict_0004_0216" 8583
"/Engine/EngineMaterials/Substrate/Glints2/dict_0004_0217" 8584
"/Engine/EngineMaterials/Substrate/Glints2/dict_0004_0218" 8585
"/Engine/EngineMaterials/Substrate/Glints2/dict_0004_0219" 8586
"/Engine/EngineMaterials/Substrate/Glints2/dict_0004_0220" 8587
"/Engine/EngineMaterials/Substrate/Glints2/dict_0004_0221" 8588
"/Engine/EngineMaterials/Substrate/Glints2/dict_0004_0222" 8589
"/Engine/EngineMaterials/Substrate/Glints2/dict_0004_0223" 8590
"/Engine/EngineMaterials/Substrate/Glints2/dict_0004_0224" 8591
"/Engine/EngineMaterials/Substrate/Glints2/dict_0004_0225" 8592
"/Engine/EngineMaterials/Substrate/Glints2/dict_0004_0202" 8593
"../../../Engine/Content/EngineMaterials/Substrate/Glints2/dict_0004_0191.uasset" 8594
"../../../Engine/Content/EngineMaterials/Substrate/Glints2/dict_0004_0193.uasset" 8595
"../../../Engine/Content/EngineMaterials/Substrate/Glints2/dict_0004_0192.uasset" 8596
"../../../Engine/Content/EngineMaterials/Substrate/Glints2/dict_0004_0188.uasset" 8597
"../../../Engine/Content/EngineMaterials/Substrate/Glints2/dict_0004_0190.uasset" 8598
"../../../Engine/Content/EngineMaterials/Substrate/Glints2/dict_0004_0189.uasset" 8599
"../../../Engine/Content/EngineMaterials/Substrate/Glints2/dict_0004_0186.uasset" 8600
"../../../Engine/Content/EngineMaterials/Substrate/Glints2/dict_0004_0185.uasset" 8601
"../../../Engine/Content/EngineMaterials/Substrate/Glints2/dict_0004_0187.uasset" 8602
"../../../Engine/Content/EngineMaterials/Substrate/Glints2/dict_0004_0184.uasset" 8603
"/Engine/EngineMaterials/Substrate/Glints2/dict_0004_0194" 8604
"../../../Engine/Content/EngineMaterials/Substrate/Glints2/dict_0004_0183.uasset" 8605
"../../../Engine/Content/EngineMaterials/Substrate/Glints2/dict_0004_0182.uasset" 8606
"../../../Engine/Content/EngineMaterials/Substrate/Glints2/dict_0004_0181.uasset" 8607
"../../../Engine/Content/EngineMaterials/Substrate/Glints2/dict_0004_0180.uasset" 8608
"../../../Engine/Content/EngineMaterials/Substrate/Glints2/dict_0004_0179.uasset" 8609
"../../../Engine/Content/EngineMaterials/Substrate/Glints2/dict_0004_0178.uasset" 8610
"../../../Engine/Content/EngineMaterials/Substrate/Glints2/dict_0004_0177.uasset" 8611
"../../../Engine/Content/EngineMaterials/Substrate/Glints2/dict_0004_0174.uasset" 8612
"../../../Engine/Content/EngineMaterials/Substrate/Glints2/dict_0004_0173.uasset" 8613
"../../../Engine/Content/EngineMaterials/Substrate/Glints2/dict_0004_0176.uasset" 8614
"../../../Engine/Content/EngineMaterials/Substrate/Glints2/dict_0004_0172.uasset" 8615
"../../../Engine/Content/EngineMaterials/Substrate/Glints2/dict_0004_0175.uasset" 8616
"../../../Engine/Content/EngineMaterials/Substrate/Glints2/dict_0004_0171.uasset" 8617
"/Engine/EngineMaterials/Substrate/Glints2/dict_0004_0195" 8618
"/Engine/EngineMaterials/Substrate/Glints2/dict_0004_0196" 8619
"/Engine/EngineMaterials/Substrate/Glints2/dict_0004_0191" 8620
"/Engine/EngineMaterials/Substrate/Glints2/dict_0004_0197" 8621
"/Engine/EngineMaterials/Substrate/Glints2/dict_0004_0198" 8622
"/Engine/EngineMaterials/Substrate/Glints2/dict_0004_0192" 8623
"/Engine/EngineMaterials/Substrate/Glints2/dict_0004_0199" 8624
"/Engine/EngineMaterials/Substrate/Glints2/dict_0004_0200" 8625
"/Engine/EngineMaterials/Substrate/Glints2/dict_0004_0201" 8626
"/Engine/EngineMaterials/Substrate/Glints2/dict_0004_0203" 8627
"../../../Engine/Content/EngineMaterials/Substrate/Glints2/dict_0004_0169.uasset" 8628
"../../../Engine/Content/EngineMaterials/Substrate/Glints2/dict_0004_0170.uasset" 8629
"../../../Engine/Content/EngineMaterials/Substrate/Glints2/dict_0004_0166.uasset" 8630
"/Engine/EngineMaterials/Substrate/Glints2/dict_0004_0171" 8631
"../../../Engine/Content/EngineMaterials/Substrate/Glints2/dict_0004_0164.uasset" 8632
"../../../Engine/Content/EngineMaterials/Substrate/Glints2/dict_0004_0167.uasset" 8633
"../../../Engine/Content/EngineMaterials/Substrate/Glints2/dict_0004_0165.uasset" 8634
"../../../Engine/Content/EngineMaterials/Substrate/Glints2/dict_0004_0162.uasset" 8635
"../../../Engine/Content/EngineMaterials/Substrate/Glints2/dict_0004_0160.uasset" 8636
"../../../Engine/Content/EngineMaterials/Substrate/Glints2/dict_0004_0163.uasset" 8637
"../../../Engine/Content/EngineMaterials/Substrate/Glints2/dict_0004_0168.uasset" 8638
"../../../Engine/Content/EngineMaterials/Substrate/Glints2/dict_0004_0161.uasset" 8639
"/Engine/EngineMaterials/Substrate/Glints2/dict_0004_0172" 8640
"/Engine/EngineMaterials/Substrate/Glints2/dict_0004_0173" 8641
"/Engine/EngineMaterials/Substrate/Glints2/dict_0004_0174" 8642
"/Engine/EngineMaterials/Substrate/Glints2/dict_0004_0175" 8643
"/Engine/EngineMaterials/Substrate/Glints2/dict_0004_0176" 8644
"/Engine/EngineMaterials/Substrate/Glints2/dict_0004_0177" 8645
"/Engine/EngineMaterials/Substrate/Glints2/dict_0004_0178" 8646
"/Engine/EngineMaterials/Substrate/Glints2/dict_0004_0179" 8647
"/Engine/EngineMaterials/Substrate/Glints2/dict_0004_0180" 8648
"/Engine/EngineMaterials/Substrate/Glints2/dict_0004_0181" 8649
"/Engine/EngineMaterials/Substrate/Glints2/dict_0004_0182" 8650
"/Engine/EngineMaterials/Substrate/Glints2/dict_0004_0183" 8651
"/Engine/EngineMaterials/Substrate/Glints2/dict_0004_0184" 8652
"/Engine/EngineMaterials/Substrate/Glints2/dict_0004_0185" 8653
"/Engine/EngineMaterials/Substrate/Glints2/dict_0004_0186" 8654
"/Engine/EngineMaterials/Substrate/Glints2/dict_0004_0187" 8655
"/Engine/EngineMaterials/Substrate/Glints2/dict_0004_0188" 8656
"/Engine/EngineMaterials/Substrate/Glints2/dict_0004_0189" 8657
"/Engine/EngineMaterials/Substrate/Glints2/dict_0004_0190" 8658
"/Engine/EngineMaterials/Substrate/Glints2/dict_0004_0193" 8659
"../../../Engine/Content/EngineMaterials/Substrate/Glints2/dict_0004_0159.uasset" 8660
"../../../Engine/Content/EngineMaterials/Substrate/Glints2/dict_0004_0157.uasset" 8661
"../../../Engine/Content/EngineMaterials/Substrate/Glints2/dict_0004_0158.uasset" 8662
"../../../Engine/Content/EngineMaterials/Substrate/Glints2/dict_0004_0156.uasset" 8663
"../../../Engine/Content/EngineMaterials/Substrate/Glints2/dict_0004_0154.uasset" 8664
"../../../Engine/Content/EngineMaterials/Substrate/Glints2/dict_0004_0152.uasset" 8665
"../../../Engine/Content/EngineMaterials/Substrate/Glints2/dict_0004_0151.uasset" 8666
"/Engine/EngineMaterials/Substrate/Glints2/dict_0004_0160" 8667
"../../../Engine/Content/EngineMaterials/Substrate/Glints2/dict_0004_0150.uasset" 8668
"../../../Engine/Content/EngineMaterials/Substrate/Glints2/dict_0004_0148.uasset" 8669
"../../../Engine/Content/EngineMaterials/Substrate/Glints2/dict_0004_0153.uasset" 8670
"../../../Engine/Content/EngineMaterials/Substrate/Glints2/dict_0004_0146.uasset" 8671
"../../../Engine/Content/EngineMaterials/Substrate/Glints2/dict_0004_0145.uasset" 8672
"../../../Engine/Content/EngineMaterials/Substrate/Glints2/dict_0004_0144.uasset" 8673
"../../../Engine/Content/EngineMaterials/Substrate/Glints2/dict_0004_0142.uasset" 8674
"../../../Engine/Content/EngineMaterials/Substrate/Glints2/dict_0004_0140.uasset" 8675
"../../../Engine/Content/EngineMaterials/Substrate/Glints2/dict_0004_0139.uasset" 8676
"../../../Engine/Content/EngineMaterials/Substrate/Glints2/dict_0004_0155.uasset" 8677
"../../../Engine/Content/EngineMaterials/Substrate/Glints2/dict_0004_0149.uasset" 8678
"../../../Engine/Content/EngineMaterials/Substrate/Glints2/dict_0004_0141.uasset" 8679
"../../../Engine/Content/EngineMaterials/Substrate/Glints2/dict_0004_0147.uasset" 8680
"../../../Engine/Content/EngineMaterials/Substrate/Glints2/dict_0004_0143.uasset" 8681
"/Engine/EngineMaterials/Substrate/Glints2/dict_0004_0161" 8682
"/Engine/EngineMaterials/Substrate/Glints2/dict_0004_0162" 8683
"/Engine/EngineMaterials/Substrate/Glints2/dict_0004_0163" 8684
"/Engine/EngineMaterials/Substrate/Glints2/dict_0004_0164" 8685
"/Engine/EngineMaterials/Substrate/Glints2/dict_0004_0165" 8686
"/Engine/EngineMaterials/Substrate/Glints2/dict_0004_0166" 8687
"/Engine/EngineMaterials/Substrate/Glints2/dict_0004_0167" 8688
"/Engine/EngineMaterials/Substrate/Glints2/dict_0004_0168" 8689
"/Engine/EngineMaterials/Substrate/Glints2/dict_0004_0169" 8690
"/Engine/EngineMaterials/Substrate/Glints2/dict_0004_0159" 8691
"/Engine/EngineMaterials/Substrate/Glints2/dict_0004_0170" 8692
"../../../Engine/Content/EngineMaterials/Substrate/Glints2/dict_0004_0138.uasset" 8693
"../../../Engine/Content/EngineMaterials/Substrate/Glints2/dict_0004_0137.uasset" 8694
"../../../Engine/Content/EngineMaterials/Substrate/Glints2/dict_0004_0134.uasset" 8695
"../../../Engine/Content/EngineMaterials/Substrate/Glints2/dict_0004_0136.uasset" 8696
"../../../Engine/Content/EngineMaterials/Substrate/Glints2/dict_0004_0132.uasset" 8697
"/Engine/EngineMaterials/Substrate/Glints2/dict_0004_0139" 8698
"../../../Engine/Content/EngineMaterials/Substrate/Glints2/dict_0004_0133.uasset" 8699
"../../../Engine/Content/EngineMaterials/Substrate/Glints2/dict_0004_0135.uasset" 8700
"../../../Engine/Content/EngineMaterials/Substrate/Glints2/dict_0004_0128.uasset" 8701
"../../../Engine/Content/EngineMaterials/Substrate/Glints2/dict_0004_0127.uasset" 8702
"../../../Engine/Content/EngineMaterials/Substrate/Glints2/dict_0004_0130.uasset" 8703
"../../../Engine/Content/EngineMaterials/Substrate/Glints2/dict_0004_0131.uasset" 8704
"../../../Engine/Content/EngineMaterials/Substrate/Glints2/dict_0004_0129.uasset" 8705
"/Engine/EngineMaterials/Substrate/Glints2/dict_0004_0140" 8706
"/Engine/EngineMaterials/Substrate/Glints2/dict_0004_0141" 8707
"/Engine/EngineMaterials/Substrate/Glints2/dict_0004_0142" 8708
"/Engine/EngineMaterials/Substrate/Glints2/dict_0004_0143" 8709
"/Engine/EngineMaterials/Substrate/Glints2/dict_0004_0144" 8710
"/Engine/EngineMaterials/Substrate/Glints2/dict_0004_0145" 8711
"/Engine/EngineMaterials/Substrate/Glints2/dict_0004_0146" 8712
"/Engine/EngineMaterials/Substrate/Glints2/dict_0004_0147" 8713
"/Engine/EngineMaterials/Substrate/Glints2/dict_0004_0148" 8714
"/Engine/EngineMaterials/Substrate/Glints2/dict_0004_0149" 8715
"/Engine/EngineMaterials/Substrate/Glints2/dict_0004_0150" 8716
"/Engine/EngineMaterials/Substrate/Glints2/dict_0004_0151" 8717
"/Engine/EngineMaterials/Substrate/Glints2/dict_0004_0152" 8718
"/Engine/EngineMaterials/Substrate/Glints2/dict_0004_0153" 8719
"/Engine/EngineMaterials/Substrate/Glints2/dict_0004_0154" 8720
"/Engine/EngineMaterials/Substrate/Glints2/dict_0004_0155" 8721
"/Engine/EngineMaterials/Substrate/Glints2/dict_0004_0156" 8722
"/Engine/EngineMaterials/Substrate/Glints2/dict_0004_0157" 8723
"/Engine/EngineMaterials/Substrate/Glints2/dict_0004_0158" 8724
"/Engine/EngineMaterials/Substrate/Glints2/dict_0004_0138" 8725
"../../../Engine/Content/EngineMaterials/Substrate/Glints2/dict_0004_0126.uasset" 8726
"../../../Engine/Content/EngineMaterials/Substrate/Glints2/dict_0004_0123.uasset" 8727
"../../../Engine/Content/EngineMaterials/Substrate/Glints2/dict_0004_0125.uasset" 8728
"../../../Engine/Content/EngineMaterials/Substrate/Glints2/dict_0004_0118.uasset" 8729
"../../../Engine/Content/EngineMaterials/Substrate/Glints2/dict_0004_0122.uasset" 8730
"/Engine/EngineMaterials/Substrate/Glints2/dict_0004_0127" 8731
"../../../Engine/Content/EngineMaterials/Substrate/Glints2/dict_0004_0115.uasset" 8732
"../../../Engine/Content/EngineMaterials/Substrate/Glints2/dict_0004_0114.uasset" 8733
"../../../Engine/Content/EngineMaterials/Substrate/Glints2/dict_0004_0113.uasset" 8734
"../../../Engine/Content/EngineMaterials/Substrate/Glints2/dict_0004_0112.uasset" 8735
"../../../Engine/Content/EngineMaterials/Substrate/Glints2/dict_0004_0111.uasset" 8736
"../../../Engine/Content/EngineMaterials/Substrate/Glints2/dict_0004_0120.uasset" 8737
"../../../Engine/Content/EngineMaterials/Substrate/Glints2/dict_0004_0110.uasset" 8738
"../../../Engine/Content/EngineMaterials/Substrate/Glints2/dict_0004_0109.uasset" 8739
"../../../Engine/Content/EngineMaterials/Substrate/Glints2/dict_0004_0119.uasset" 8740
"../../../Engine/Content/EngineMaterials/Substrate/Glints2/dict_0004_0108.uasset" 8741
"../../../Engine/Content/EngineMaterials/Substrate/Glints2/dict_0004_0106.uasset" 8742
"../../../Engine/Content/EngineMaterials/Substrate/Glints2/dict_0004_0124.uasset" 8743
"../../../Engine/Content/EngineMaterials/Substrate/Glints2/dict_0004_0116.uasset" 8744
"../../../Engine/Content/EngineMaterials/Substrate/Glints2/dict_0004_0117.uasset" 8745
"../../../Engine/Content/EngineMaterials/Substrate/Glints2/dict_0004_0121.uasset" 8746
"../../../Engine/Content/EngineMaterials/Substrate/Glints2/dict_0004_0107.uasset" 8747
"/Engine/EngineMaterials/Substrate/Glints2/dict_0004_0128" 8748
"/Engine/EngineMaterials/Substrate/Glints2/dict_0004_0129" 8749
"/Engine/EngineMaterials/Substrate/Glints2/dict_0004_0130" 8750
"/Engine/EngineMaterials/Substrate/Glints2/dict_0004_0131" 8751
"/Engine/EngineMaterials/Substrate/Glints2/dict_0004_0132" 8752
"/Engine/EngineMaterials/Substrate/Glints2/dict_0004_0133" 8753
"/Engine/EngineMaterials/Substrate/Glints2/dict_0004_0134" 8754
"/Engine/EngineMaterials/Substrate/Glints2/dict_0004_0135" 8755
"/Engine/EngineMaterials/Substrate/Glints2/dict_0004_0136" 8756
"/Engine/EngineMaterials/Substrate/Glints2/dict_0004_0137" 8757
"/Engine/EngineMaterials/Substrate/Glints2/dict_0004_0126" 8758
"../../../Engine/Content/EngineMaterials/Substrate/Glints2/dict_0004_0105.uasset" 8759
"../../../Engine/Content/EngineMaterials/Substrate/Glints2/dict_0004_0104.uasset" 8760
"../../../Engine/Content/EngineMaterials/Substrate/Glints2/dict_0004_0103.uasset" 8761
"/Engine/EngineMaterials/Substrate/Glints2/dict_0004_0106" 8762
"../../../Engine/Content/EngineMaterials/Substrate/Glints2/dict_0004_0102.uasset" 8763
"../../../Engine/Content/EngineMaterials/Substrate/Glints2/dict_0004_0100.uasset" 8764
"../../../Engine/Content/EngineMaterials/Substrate/Glints2/dict_0004_0098.uasset" 8765
"../../../Engine/Content/EngineMaterials/Substrate/Glints2/dict_0004_0101.uasset" 8766
"../../../Engine/Content/EngineMaterials/Substrate/Glints2/dict_0004_0097.uasset" 8767
"../../../Engine/Content/EngineMaterials/Substrate/Glints2/dict_0004_0096.uasset" 8768
"../../../Engine/Content/EngineMaterials/Substrate/Glints2/dict_0004_0095.uasset" 8769
"../../../Engine/Content/EngineMaterials/Substrate/Glints2/dict_0004_0094.uasset" 8770
"../../../Engine/Content/EngineMaterials/Substrate/Glints2/dict_0004_0099.uasset" 8771
"/Engine/EngineMaterials/Substrate/Glints2/dict_0004_0107" 8772
"/Engine/EngineMaterials/Substrate/Glints2/dict_0004_0108" 8773
"/Engine/EngineMaterials/Substrate/Glints2/dict_0004_0109" 8774
"/Engine/EngineMaterials/Substrate/Glints2/dict_0004_0110" 8775
"/Engine/EngineMaterials/Substrate/Glints2/dict_0004_0111" 8776
"/Engine/EngineMaterials/Substrate/Glints2/dict_0004_0112" 8777
"/Engine/EngineMaterials/Substrate/Glints2/dict_0004_0113" 8778
"/Engine/EngineMaterials/Substrate/Glints2/dict_0004_0114" 8779
"/Engine/EngineMaterials/Substrate/Glints2/dict_0004_0115" 8780
"/Engine/EngineMaterials/Substrate/Glints2/dict_0004_0116" 8781
"/Engine/EngineMaterials/Substrate/Glints2/dict_0004_0117" 8782
"/Engine/EngineMaterials/Substrate/Glints2/dict_0004_0118" 8783
"/Engine/EngineMaterials/Substrate/Glints2/dict_0004_0119" 8784
"/Engine/EngineMaterials/Substrate/Glints2/dict_0004_0120" 8785
"/Engine/EngineMaterials/Substrate/Glints2/dict_0004_0121" 8786
"/Engine/EngineMaterials/Substrate/Glints2/dict_0004_0122" 8787
"/Engine/EngineMaterials/Substrate/Glints2/dict_0004_0123" 8788
"/Engine/EngineMaterials/Substrate/Glints2/dict_0004_0124" 8789
"/Engine/EngineMaterials/Substrate/Glints2/dict_0004_0125" 8790
"../../../Engine/Content/EngineMaterials/Substrate/Glints2/dict_0004_0092.uasset" 8791
"../../../Engine/Content/EngineMaterials/Substrate/Glints2/dict_0004_0089.uasset" 8792
"../../../Engine/Content/EngineMaterials/Substrate/Glints2/dict_0004_0093.uasset" 8793
"../../../Engine/Content/EngineMaterials/Substrate/Glints2/dict_0004_0090.uasset" 8794
"../../../Engine/Content/EngineMaterials/Substrate/Glints2/dict_0004_0091.uasset" 8795
"../../../Engine/Content/EngineMaterials/Substrate/Glints2/dict_0004_0087.uasset" 8796
"../../../Engine/Content/EngineMaterials/Substrate/Glints2/dict_0004_0088.uasset" 8797
"../../../Engine/Content/EngineMaterials/Substrate/Glints2/dict_0004_0084.uasset" 8798
"../../../Engine/Content/EngineMaterials/Substrate/Glints2/dict_0004_0083.uasset" 8799
"/Engine/EngineMaterials/Substrate/Glints2/dict_0004_0094" 8800
"../../../Engine/Content/EngineMaterials/Substrate/Glints2/dict_0004_0081.uasset" 8801
"../../../Engine/Content/EngineMaterials/Substrate/Glints2/dict_0004_0079.uasset" 8802
"../../../Engine/Content/EngineMaterials/Substrate/Glints2/dict_0004_0082.uasset" 8803
"../../../Engine/Content/EngineMaterials/Substrate/Glints2/dict_0004_0078.uasset" 8804
"../../../Engine/Content/EngineMaterials/Substrate/Glints2/dict_0004_0080.uasset" 8805
"../../../Engine/Content/EngineMaterials/Substrate/Glints2/dict_0004_0085.uasset" 8806
"../../../Engine/Content/EngineMaterials/Substrate/Glints2/dict_0004_0077.uasset" 8807
"../../../Engine/Content/EngineMaterials/Substrate/Glints2/dict_0004_0086.uasset" 8808
"../../../Engine/Content/EngineMaterials/Substrate/Glints2/dict_0004_0076.uasset" 8809
"../../../Engine/Content/EngineMaterials/Substrate/Glints2/dict_0004_0074.uasset" 8810
"../../../Engine/Content/EngineMaterials/Substrate/Glints2/dict_0004_0075.uasset" 8811
"/Engine/EngineMaterials/Substrate/Glints2/dict_0004_0095" 8812
"/Engine/EngineMaterials/Substrate/Glints2/dict_0004_0096" 8813
"/Engine/EngineMaterials/Substrate/Glints2/dict_0004_0089" 8814
"/Engine/EngineMaterials/Substrate/Glints2/dict_0004_0090" 8815
"/Engine/EngineMaterials/Substrate/Glints2/dict_0004_0091" 8816
"/Engine/EngineMaterials/Substrate/Glints2/dict_0004_0092" 8817
"/Engine/EngineMaterials/Substrate/Glints2/dict_0004_0093" 8818
"/Engine/EngineMaterials/Substrate/Glints2/dict_0004_0097" 8819
"/Engine/EngineMaterials/Substrate/Glints2/dict_0004_0098" 8820
"/Engine/EngineMaterials/Substrate/Glints2/dict_0004_0099" 8821
"/Engine/EngineMaterials/Substrate/Glints2/dict_0004_0100" 8822
"/Engine/EngineMaterials/Substrate/Glints2/dict_0004_0101" 8823
"/Engine/EngineMaterials/Substrate/Glints2/dict_0004_0102" 8824
"/Engine/EngineMaterials/Substrate/Glints2/dict_0004_0103" 8825
"/Engine/EngineMaterials/Substrate/Glints2/dict_0004_0104" 8826
"/Engine/EngineMaterials/Substrate/Glints2/dict_0004_0105" 8827
"../../../Engine/Content/EngineMaterials/Substrate/Glints2/dict_0004_0071.uasset" 8828
"../../../Engine/Content/EngineMaterials/Substrate/Glints2/dict_0004_0073.uasset" 8829
"../../../Engine/Content/EngineMaterials/Substrate/Glints2/dict_0004_0069.uasset" 8830
"../../../Engine/Content/EngineMaterials/Substrate/Glints2/dict_0004_0072.uasset" 8831
"../../../Engine/Content/EngineMaterials/Substrate/Glints2/dict_0004_0068.uasset" 8832
"../../../Engine/Content/EngineMaterials/Substrate/Glints2/dict_0004_0067.uasset" 8833
"/Engine/EngineMaterials/Substrate/Glints2/dict_0004_0074" 8834
"../../../Engine/Content/EngineMaterials/Substrate/Glints2/dict_0004_0066.uasset" 8835
"../../../Engine/Content/EngineMaterials/Substrate/Glints2/dict_0004_0070.uasset" 8836
"../../../Engine/Content/EngineMaterials/Substrate/Glints2/dict_0004_0064.uasset" 8837
"../../../Engine/Content/EngineMaterials/Substrate/Glints2/dict_0004_0063.uasset" 8838
"../../../Engine/Content/EngineMaterials/Substrate/Glints2/dict_0004_0061.uasset" 8839
"../../../Engine/Content/EngineMaterials/Substrate/Glints2/dict_0004_0058.uasset" 8840
"../../../Engine/Content/EngineMaterials/Substrate/Glints2/dict_0004_0065.uasset" 8841
"../../../Engine/Content/EngineMaterials/Substrate/Glints2/dict_0004_0060.uasset" 8842
"../../../Engine/Content/EngineMaterials/Substrate/Glints2/dict_0004_0059.uasset" 8843
"../../../Engine/Content/EngineMaterials/Substrate/Glints2/dict_0004_0057.uasset" 8844
"../../../Engine/Content/EngineMaterials/Substrate/Glints2/dict_0004_0062.uasset" 8845
"/Engine/EngineMaterials/Substrate/Glints2/dict_0004_0075" 8846
"/Engine/EngineMaterials/Substrate/Glints2/dict_0004_0076" 8847
"/Engine/EngineMaterials/Substrate/Glints2/dict_0004_0077" 8848
"/Engine/EngineMaterials/Substrate/Glints2/dict_0004_0078" 8849
"/Engine/EngineMaterials/Substrate/Glints2/dict_0004_0079" 8850
"/Engine/EngineMaterials/Substrate/Glints2/dict_0004_0080" 8851
"/Engine/EngineMaterials/Substrate/Glints2/dict_0004_0081" 8852
"/Engine/EngineMaterials/Substrate/Glints2/dict_0004_0082" 8853
"/Engine/EngineMaterials/Substrate/Glints2/dict_0004_0083" 8854
"/Engine/EngineMaterials/Substrate/Glints2/dict_0004_0084" 8855
"/Engine/EngineMaterials/Substrate/Glints2/dict_0004_0085" 8856
"/Engine/EngineMaterials/Substrate/Glints2/dict_0004_0086" 8857
"/Engine/EngineMaterials/Substrate/Glints2/dict_0004_0087" 8858
"/Engine/EngineMaterials/Substrate/Glints2/dict_0004_0088" 8859
"/Engine/EngineMaterials/Substrate/Glints2/dict_0004_0071" 8860
"/Engine/EngineMaterials/Substrate/Glints2/dict_0004_0073" 8861
"../../../Engine/Content/EngineMaterials/Substrate/Glints2/dict_0004_0055.uasset" 8862
"../../../Engine/Content/EngineMaterials/Substrate/Glints2/dict_0004_0052.uasset" 8863
"../../../Engine/Content/EngineMaterials/Substrate/Glints2/dict_0004_0056.uasset" 8864
"../../../Engine/Content/EngineMaterials/Substrate/Glints2/dict_0004_0054.uasset" 8865
"../../../Engine/Content/EngineMaterials/Substrate/Glints2/dict_0004_0051.uasset" 8866
"../../../Engine/Content/EngineMaterials/Substrate/Glints2/dict_0004_0050.uasset" 8867
"../../../Engine/Content/EngineMaterials/Substrate/Glints2/dict_0004_0049.uasset" 8868
"../../../Engine/Content/EngineMaterials/Substrate/Glints2/dict_0004_0053.uasset" 8869
"../../../Engine/Content/EngineMaterials/Substrate/Glints2/dict_0004_0047.uasset" 8870
"../../../Engine/Content/EngineMaterials/Substrate/Glints2/dict_0004_0046.uasset" 8871
"../../../Engine/Content/EngineMaterials/Substrate/Glints2/dict_0004_0048.uasset" 8872
"/Engine/EngineMaterials/Substrate/Glints2/dict_0004_0057" 8873
"../../../Engine/Content/EngineMaterials/Substrate/Glints2/dict_0004_0044.uasset" 8874
"../../../Engine/Content/EngineMaterials/Substrate/Glints2/dict_0004_0042.uasset" 8875
"../../../Engine/Content/EngineMaterials/Substrate/Glints2/dict_0004_0041.uasset" 8876
"../../../Engine/Content/EngineMaterials/Substrate/Glints2/dict_0004_0040.uasset" 8877
"../../../Engine/Content/EngineMaterials/Substrate/Glints2/dict_0004_0045.uasset" 8878
"../../../Engine/Content/EngineMaterials/Substrate/Glints2/dict_0004_0043.uasset" 8879
"/Engine/EngineMaterials/Substrate/Glints2/dict_0004_0058" 8880
"/Engine/EngineMaterials/Substrate/Glints2/dict_0004_0059" 8881
"/Engine/EngineMaterials/Substrate/Glints2/dict_0004_0052" 8882
"/Engine/EngineMaterials/Substrate/Glints2/dict_0004_0054" 8883
"/Engine/EngineMaterials/Substrate/Glints2/dict_0004_0060" 8884
"/Engine/EngineMaterials/Substrate/Glints2/dict_0004_0061" 8885
"/Engine/EngineMaterials/Substrate/Glints2/dict_0004_0062" 8886
"/Engine/EngineMaterials/Substrate/Glints2/dict_0004_0063" 8887
"/Engine/EngineMaterials/Substrate/Glints2/dict_0004_0064" 8888
"/Engine/EngineMaterials/Substrate/Glints2/dict_0004_0065" 8889
"/Engine/EngineMaterials/Substrate/Glints2/dict_0004_0066" 8890
"/Engine/EngineMaterials/Substrate/Glints2/dict_0004_0067" 8891
"/Engine/EngineMaterials/Substrate/Glints2/dict_0004_0068" 8892
"/Engine/EngineMaterials/Substrate/Glints2/dict_0004_0069" 8893
"/Engine/EngineMaterials/Substrate/Glints2/dict_0004_0070" 8894
"/Engine/EngineMaterials/Substrate/Glints2/dict_0004_0055" 8895
"/Engine/EngineMaterials/Substrate/Glints2/dict_0004_0072" 8896
"/Engine/EngineMaterials/Substrate/Glints2/dict_0004_0056" 8897
"../../../Engine/Content/EngineMaterials/Substrate/Glints2/dict_0004_0038.uasset" 8898
"../../../Engine/Content/EngineMaterials/Substrate/Glints2/dict_0004_0039.uasset" 8899
"../../../Engine/Content/EngineMaterials/Substrate/Glints2/dict_0004_0036.uasset" 8900
"../../../Engine/Content/EngineMaterials/Substrate/Glints2/dict_0004_0037.uasset" 8901
"../../../Engine/Content/EngineMaterials/Substrate/Glints2/dict_0004_0035.uasset" 8902
"../../../Engine/Content/EngineMaterials/Substrate/Glints2/dict_0004_0034.uasset" 8903
"../../../Engine/Content/EngineMaterials/Substrate/Glints2/dict_0004_0033.uasset" 8904
"/Engine/EngineMaterials/Substrate/Glints2/dict_0004_0040" 8905
"../../../Engine/Content/EngineMaterials/Substrate/Glints2/dict_0004_0032.uasset" 8906
"../../../Engine/Content/EngineMaterials/Substrate/Glints2/dict_0004_0031.uasset" 8907
"../../../Engine/Content/EngineMaterials/Substrate/Glints2/dict_0004_0030.uasset" 8908
"../../../Engine/Content/EngineMaterials/Substrate/Glints2/dict_0004_0028.uasset" 8909
"../../../Engine/Content/EngineMaterials/Substrate/Glints2/dict_0004_0029.uasset" 8910
"../../../Engine/Content/EngineMaterials/Substrate/Glints2/dict_0004_0027.uasset" 8911
"../../../Engine/Content/EngineMaterials/Substrate/Glints2/dict_0004_0025.uasset" 8912
"../../../Engine/Content/EngineMaterials/Substrate/Glints2/dict_0004_0026.uasset" 8913
"../../../Engine/Content/EngineMaterials/Substrate/Glints2/dict_0004_0024.uasset" 8914
"../../../Engine/Content/EngineMaterials/Substrate/Glints2/dict_0004_0023.uasset" 8915
"../../../Engine/Content/EngineMaterials/Substrate/Glints2/dict_0004_0022.uasset" 8916
"../../../Engine/Content/EngineMaterials/Substrate/Glints2/dict_0004_0021.uasset" 8917
"/Engine/EngineMaterials/Substrate/Glints2/dict_0004_0041" 8918
"/Engine/EngineMaterials/Substrate/Glints2/dict_0004_0042" 8919
"/Engine/EngineMaterials/Substrate/Glints2/dict_0004_0043" 8920
"/Engine/EngineMaterials/Substrate/Glints2/dict_0004_0044" 8921
"/Engine/EngineMaterials/Substrate/Glints2/dict_0004_0045" 8922
"/Engine/EngineMaterials/Substrate/Glints2/dict_0004_0046" 8923
"/Engine/EngineMaterials/Substrate/Glints2/dict_0004_0047" 8924
"/Engine/EngineMaterials/Substrate/Glints2/dict_0004_0048" 8925
"/Engine/EngineMaterials/Substrate/Glints2/dict_0004_0049" 8926
"/Engine/EngineMaterials/Substrate/Glints2/dict_0004_0050" 8927
"/Engine/EngineMaterials/Substrate/Glints2/dict_0004_0051" 8928
"/Engine/EngineMaterials/Substrate/Glints2/dict_0004_0053" 8929
"/Engine/EngineMaterials/Substrate/Glints2/dict_0004_0038" 8930
"../../../Engine/Content/EngineMaterials/Substrate/Glints2/dict_0004_0018.uasset" 8931
"../../../Engine/Content/EngineMaterials/Substrate/Glints2/dict_0004_0020.uasset" 8932
"../../../Engine/Content/EngineMaterials/Substrate/Glints2/dict_0004_0017.uasset" 8933
"/Engine/EngineMaterials/Substrate/Glints2/dict_0004_0021" 8934
"../../../Engine/Content/EngineMaterials/Substrate/Glints2/dict_0004_0015.uasset" 8935
"../../../Engine/Content/EngineMaterials/Substrate/Glints2/dict_0004_0013.uasset" 8936
"../../../Engine/Content/EngineMaterials/Substrate/Glints2/dict_0004_0019.uasset" 8937
"../../../Engine/Content/EngineMaterials/Substrate/Glints2/dict_0004_0012.uasset" 8938
"../../../Engine/Content/EngineMaterials/Substrate/Glints2/dict_0004_0014.uasset" 8939
"../../../Engine/Content/EngineMaterials/Substrate/Glints2/dict_0004_0010.uasset" 8940
"../../../Engine/Content/EngineMaterials/Substrate/Glints2/dict_0004_0011.uasset" 8941
"../../../Engine/Content/EngineMaterials/Substrate/Glints2/dict_0004_0007.uasset" 8942
"../../../Engine/Content/EngineMaterials/Substrate/Glints2/dict_0004_0009.uasset" 8943
"../../../Engine/Content/EngineMaterials/Substrate/Glints2/dict_0004_0016.uasset" 8944
"../../../Engine/Content/EngineMaterials/Substrate/Glints2/dict_0004_0008.uasset" 8945
"/Engine/EngineMaterials/Substrate/Glints2/dict_0004_0022" 8946
"/Engine/EngineMaterials/Substrate/Glints2/dict_0004_0023" 8947
"/Engine/EngineMaterials/Substrate/Glints2/dict_0004_0024" 8948
"/Engine/EngineMaterials/Substrate/Glints2/dict_0004_0025" 8949
"/Engine/EngineMaterials/Substrate/Glints2/dict_0004_0026" 8950
"/Engine/EngineMaterials/Substrate/Glints2/dict_0004_0027" 8951
"/Engine/EngineMaterials/Substrate/Glints2/dict_0004_0028" 8952
"/Engine/EngineMaterials/Substrate/Glints2/dict_0004_0029" 8953
"/Engine/EngineMaterials/Substrate/Glints2/dict_0004_0030" 8954
"/Engine/EngineMaterials/Substrate/Glints2/dict_0004_0031" 8955
"/Engine/EngineMaterials/Substrate/Glints2/dict_0004_0032" 8956
"/Engine/EngineMaterials/Substrate/Glints2/dict_0004_0033" 8957
"/Engine/EngineMaterials/Substrate/Glints2/dict_0004_0034" 8958
"/Engine/EngineMaterials/Substrate/Glints2/dict_0004_0035" 8959
"/Engine/EngineMaterials/Substrate/Glints2/dict_0004_0036" 8960
"/Engine/EngineMaterials/Substrate/Glints2/dict_0004_0037" 8961
"/Engine/EngineMaterials/Substrate/Glints2/dict_0004_0039" 8962
"../../../Engine/Content/EngineMaterials/Substrate/Glints2/dict_0004_0006.uasset" 8963
"../../../Engine/Content/EngineMaterials/Substrate/Glints2/dict_0004_0004.uasset" 8964
"../../../Engine/Content/EngineMaterials/Substrate/Glints2/dict_0004_0003.uasset" 8965
"../../../Engine/Content/EngineMaterials/Substrate/Glints2/dict_0004_0005.uasset" 8966
"/Engine/EngineMaterials/Substrate/Glints2/dict_0004_0007" 8967
"../../../Engine/Content/EngineMaterials/Substrate/Glints2/dict_0004_0002.uasset" 8968
"../../../Engine/Content/EngineMaterials/Substrate/Glints2/dict_0004_0001.uasset" 8969
"../../../Engine/Content/EngineMaterials/Substrate/Glints2/dict_0004_0000.uasset" 8970
"../../../Engine/Content/EngineMaterials/Substrate/Glints2/dict_0003_0254.uasset" 8971
"../../../Engine/Content/EngineMaterials/Substrate/Glints2/dict_0003_0252.uasset" 8972
"../../../Engine/Content/EngineMaterials/Substrate/Glints2/dict_0003_0250.uasset" 8973
"../../../Engine/Content/EngineMaterials/Substrate/Glints2/dict_0003_0249.uasset" 8974
"../../../Engine/Content/EngineMaterials/Substrate/Glints2/dict_0003_0248.uasset" 8975
"../../../Engine/Content/EngineMaterials/Substrate/Glints2/dict_0003_0247.uasset" 8976
"../../../Engine/Content/EngineMaterials/Substrate/Glints2/dict_0003_0246.uasset" 8977
"../../../Engine/Content/EngineMaterials/Substrate/Glints2/dict_0003_0245.uasset" 8978
"../../../Engine/Content/EngineMaterials/Substrate/Glints2/dict_0003_0255.uasset" 8979
"../../../Engine/Content/EngineMaterials/Substrate/Glints2/dict_0003_0253.uasset" 8980
"../../../Engine/Content/EngineMaterials/Substrate/Glints2/dict_0003_0251.uasset" 8981
"/Engine/EngineMaterials/Substrate/Glints2/dict_0004_0008" 8982
"/Engine/EngineMaterials/Substrate/Glints2/dict_0004_0009" 8983
"/Engine/EngineMaterials/Substrate/Glints2/dict_0004_0010" 8984
"/Engine/EngineMaterials/Substrate/Glints2/dict_0004_0011" 8985
"/Engine/EngineMaterials/Substrate/Glints2/dict_0004_0012" 8986
"/Engine/EngineMaterials/Substrate/Glints2/dict_0004_0013" 8987
"/Engine/EngineMaterials/Substrate/Glints2/dict_0004_0014" 8988
"/Engine/EngineMaterials/Substrate/Glints2/dict_0004_0015" 8989
"/Engine/EngineMaterials/Substrate/Glints2/dict_0004_0016" 8990
"/Engine/EngineMaterials/Substrate/Glints2/dict_0004_0017" 8991
"/Engine/EngineMaterials/Substrate/Glints2/dict_0004_0018" 8992
"/Engine/EngineMaterials/Substrate/Glints2/dict_0004_0019" 8993
"/Engine/EngineMaterials/Substrate/Glints2/dict_0004_0020" 8994
"/Engine/EngineMaterials/Substrate/Glints2/dict_0004_0006" 8995
"../../../Engine/Content/EngineMaterials/Substrate/Glints2/dict_0003_0244.uasset" 8996
"../../../Engine/Content/EngineMaterials/Substrate/Glints2/dict_0003_0242.uasset" 8997
"../../../Engine/Content/EngineMaterials/Substrate/Glints2/dict_0003_0243.uasset" 8998
"../../../Engine/Content/EngineMaterials/Substrate/Glints2/dict_0003_0240.uasset" 8999
"/Engine/EngineMaterials/Substrate/Glints2/dict_0003_0245" 9000
"../../../Engine/Content/EngineMaterials/Substrate/Glints2/dict_0003_0237.uasset" 9001
"../../../Engine/Content/EngineMaterials/Substrate/Glints2/dict_0003_0236.uasset" 9002
"../../../Engine/Content/EngineMaterials/Substrate/Glints2/dict_0003_0235.uasset" 9003
"../../../Engine/Content/EngineMaterials/Substrate/Glints2/dict_0003_0241.uasset" 9004
"../../../Engine/Content/EngineMaterials/Substrate/Glints2/dict_0003_0232.uasset" 9005
"../../../Engine/Content/EngineMaterials/Substrate/Glints2/dict_0003_0234.uasset" 9006
"../../../Engine/Content/EngineMaterials/Substrate/Glints2/dict_0003_0231.uasset" 9007
"../../../Engine/Content/EngineMaterials/Substrate/Glints2/dict_0003_0233.uasset" 9008
"../../../Engine/Content/EngineMaterials/Substrate/Glints2/dict_0003_0230.uasset" 9009
"../../../Engine/Content/EngineMaterials/Substrate/Glints2/dict_0003_0238.uasset" 9010
"../../../Engine/Content/EngineMaterials/Substrate/Glints2/dict_0003_0239.uasset" 9011
"/Engine/EngineMaterials/Substrate/Glints2/dict_0003_0246" 9012
"/Engine/EngineMaterials/Substrate/Glints2/dict_0003_0247" 9013
"/Engine/EngineMaterials/Substrate/Glints2/dict_0003_0248" 9014
"/Engine/EngineMaterials/Substrate/Glints2/dict_0003_0249" 9015
"/Engine/EngineMaterials/Substrate/Glints2/dict_0003_0250" 9016
"/Engine/EngineMaterials/Substrate/Glints2/dict_0003_0251" 9017
"/Engine/EngineMaterials/Substrate/Glints2/dict_0003_0252" 9018
"/Engine/EngineMaterials/Substrate/Glints2/dict_0003_0253" 9019
"/Engine/EngineMaterials/Substrate/Glints2/dict_0003_0254" 9020
"/Engine/EngineMaterials/Substrate/Glints2/dict_0003_0255" 9021
"/Engine/EngineMaterials/Substrate/Glints2/dict_0004_0000" 9022
"/Engine/EngineMaterials/Substrate/Glints2/dict_0004_0001" 9023
"/Engine/EngineMaterials/Substrate/Glints2/dict_0004_0002" 9024
"/Engine/EngineMaterials/Substrate/Glints2/dict_0004_0003" 9025
"/Engine/EngineMaterials/Substrate/Glints2/dict_0004_0004" 9026
"/Engine/EngineMaterials/Substrate/Glints2/dict_0004_0005" 9027
"/Engine/EngineMaterials/Substrate/Glints2/dict_0003_0244" 9028
"../../../Engine/Content/EngineMaterials/Substrate/Glints2/dict_0003_0227.uasset" 9029
"../../../Engine/Content/EngineMaterials/Substrate/Glints2/dict_0003_0229.uasset" 9030
"../../../Engine/Content/EngineMaterials/Substrate/Glints2/dict_0003_0228.uasset" 9031
"../../../Engine/Content/EngineMaterials/Substrate/Glints2/dict_0003_0223.uasset" 9032
"../../../Engine/Content/EngineMaterials/Substrate/Glints2/dict_0003_0222.uasset" 9033
"../../../Engine/Content/EngineMaterials/Substrate/Glints2/dict_0003_0221.uasset" 9034
"../../../Engine/Content/EngineMaterials/Substrate/Glints2/dict_0003_0225.uasset" 9035
"../../../Engine/Content/EngineMaterials/Substrate/Glints2/dict_0003_0219.uasset" 9036
"../../../Engine/Content/EngineMaterials/Substrate/Glints2/dict_0003_0217.uasset" 9037
"../../../Engine/Content/EngineMaterials/Substrate/Glints2/dict_0003_0218.uasset" 9038
"../../../Engine/Content/EngineMaterials/Substrate/Glints2/dict_0003_0226.uasset" 9039
"../../../Engine/Content/EngineMaterials/Substrate/Glints2/dict_0003_0215.uasset" 9040
"../../../Engine/Content/EngineMaterials/Substrate/Glints2/dict_0003_0224.uasset" 9041
"../../../Engine/Content/EngineMaterials/Substrate/Glints2/dict_0003_0213.uasset" 9042
"../../../Engine/Content/EngineMaterials/Substrate/Glints2/dict_0003_0214.uasset" 9043
"/Engine/EngineMaterials/Substrate/Glints2/dict_0003_0230" 9044
"../../../Engine/Content/EngineMaterials/Substrate/Glints2/dict_0003_0216.uasset" 9045
"../../../Engine/Content/EngineMaterials/Substrate/Glints2/dict_0003_0212.uasset" 9046
"../../../Engine/Content/EngineMaterials/Substrate/Glints2/dict_0003_0220.uasset" 9047
"/Engine/EngineMaterials/Substrate/Glints2/dict_0003_0231" 9048
"/Engine/EngineMaterials/Substrate/Glints2/dict_0003_0232" 9049
"/Engine/EngineMaterials/Substrate/Glints2/dict_0003_0233" 9050
"/Engine/EngineMaterials/Substrate/Glints2/dict_0003_0234" 9051
"/Engine/EngineMaterials/Substrate/Glints2/dict_0003_0235" 9052
"/Engine/EngineMaterials/Substrate/Glints2/dict_0003_0236" 9053
"/Engine/EngineMaterials/Substrate/Glints2/dict_0003_0237" 9054
"/Engine/EngineMaterials/Substrate/Glints2/dict_0003_0238" 9055
"/Engine/EngineMaterials/Substrate/Glints2/dict_0003_0239" 9056
"/Engine/EngineMaterials/Substrate/Glints2/dict_0003_0240" 9057
"/Engine/EngineMaterials/Substrate/Glints2/dict_0003_0241" 9058
"/Engine/EngineMaterials/Substrate/Glints2/dict_0003_0242" 9059
"/Engine/EngineMaterials/Substrate/Glints2/dict_0003_0227" 9060
"/Engine/EngineMaterials/Substrate/Glints2/dict_0003_0228" 9061
"/Engine/EngineMaterials/Substrate/Glints2/dict_0003_0243" 9062
"/Engine/EngineMaterials/Substrate/Glints2/dict_0003_0229" 9063
"../../../Engine/Content/EngineMaterials/Substrate/Glints2/dict_0003_0206.uasset" 9064
"../../../Engine/Content/EngineMaterials/Substrate/Glints2/dict_0003_0209.uasset" 9065
"../../../Engine/Content/EngineMaterials/Substrate/Glints2/dict_0003_0210.uasset" 9066
"../../../Engine/Content/EngineMaterials/Substrate/Glints2/dict_0003_0204.uasset" 9067
"/Engine/EngineMaterials/Substrate/Glints2/dict_0003_0212" 9068
"../../../Engine/Content/EngineMaterials/Substrate/Glints2/dict_0003_0205.uasset" 9069
"../../../Engine/Content/EngineMaterials/Substrate/Glints2/dict_0003_0201.uasset" 9070
"../../../Engine/Content/EngineMaterials/Substrate/Glints2/dict_0003_0203.uasset" 9071
"../../../Engine/Content/EngineMaterials/Substrate/Glints2/dict_0003_0208.uasset" 9072
"../../../Engine/Content/EngineMaterials/Substrate/Glints2/dict_0003_0200.uasset" 9073
"../../../Engine/Content/EngineMaterials/Substrate/Glints2/dict_0003_0202.uasset" 9074
"../../../Engine/Content/EngineMaterials/Substrate/Glints2/dict_0003_0211.uasset" 9075
"../../../Engine/Content/EngineMaterials/Substrate/Glints2/dict_0003_0197.uasset" 9076
"../../../Engine/Content/EngineMaterials/Substrate/Glints2/dict_0003_0196.uasset" 9077
"../../../Engine/Content/EngineMaterials/Substrate/Glints2/dict_0003_0199.uasset" 9078
"../../../Engine/Content/EngineMaterials/Substrate/Glints2/dict_0003_0207.uasset" 9079
"../../../Engine/Content/EngineMaterials/Substrate/Glints2/dict_0003_0195.uasset" 9080
"../../../Engine/Content/EngineMaterials/Substrate/Glints2/dict_0003_0198.uasset" 9081
"/Engine/EngineMaterials/Substrate/Glints2/dict_0003_0213" 9082
"/Engine/EngineMaterials/Substrate/Glints2/dict_0003_0214" 9083
"/Engine/EngineMaterials/Substrate/Glints2/dict_0003_0215" 9084
"/Engine/EngineMaterials/Substrate/Glints2/dict_0003_0216" 9085
"/Engine/EngineMaterials/Substrate/Glints2/dict_0003_0217" 9086
"/Engine/EngineMaterials/Substrate/Glints2/dict_0003_0218" 9087
"/Engine/EngineMaterials/Substrate/Glints2/dict_0003_0219" 9088
"/Engine/EngineMaterials/Substrate/Glints2/dict_0003_0220" 9089
"/Engine/EngineMaterials/Substrate/Glints2/dict_0003_0221" 9090
"/Engine/EngineMaterials/Substrate/Glints2/dict_0003_0222" 9091
"/Engine/EngineMaterials/Substrate/Glints2/dict_0003_0223" 9092
"/Engine/EngineMaterials/Substrate/Glints2/dict_0003_0224" 9093
"/Engine/EngineMaterials/Substrate/Glints2/dict_0003_0225" 9094
"/Engine/EngineMaterials/Substrate/Glints2/dict_0003_0226" 9095
"../../../Engine/Content/EngineMaterials/Substrate/Glints2/dict_0003_0194.uasset" 9096
"../../../Engine/Content/EngineMaterials/Substrate/Glints2/dict_0003_0193.uasset" 9097
"../../../Engine/Content/EngineMaterials/Substrate/Glints2/dict_0003_0192.uasset" 9098
"../../../Engine/Content/EngineMaterials/Substrate/Glints2/dict_0003_0191.uasset" 9099
"../../../Engine/Content/EngineMaterials/Substrate/Glints2/dict_0003_0190.uasset" 9100
"/Engine/EngineMaterials/Substrate/Glints2/dict_0003_0195" 9101
"../../../Engine/Content/EngineMaterials/Substrate/Glints2/dict_0003_0188.uasset" 9102
"../../../Engine/Content/EngineMaterials/Substrate/Glints2/dict_0003_0187.uasset" 9103
"../../../Engine/Content/EngineMaterials/Substrate/Glints2/dict_0003_0184.uasset" 9104
"../../../Engine/Content/EngineMaterials/Substrate/Glints2/dict_0003_0183.uasset" 9105
"../../../Engine/Content/EngineMaterials/Substrate/Glints2/dict_0003_0182.uasset" 9106
"../../../Engine/Content/EngineMaterials/Substrate/Glints2/dict_0003_0186.uasset" 9107
"../../../Engine/Content/EngineMaterials/Substrate/Glints2/dict_0003_0181.uasset" 9108
"../../../Engine/Content/EngineMaterials/Substrate/Glints2/dict_0003_0185.uasset" 9109
"../../../Engine/Content/EngineMaterials/Substrate/Glints2/dict_0003_0180.uasset" 9110
"../../../Engine/Content/EngineMaterials/Substrate/Glints2/dict_0003_0189.uasset" 9111
"/Engine/EngineMaterials/Substrate/Glints2/dict_0003_0196" 9112
"/Engine/EngineMaterials/Substrate/Glints2/dict_0003_0197" 9113
"/Engine/EngineMaterials/Substrate/Glints2/dict_0003_0198" 9114
"/Engine/EngineMaterials/Substrate/Glints2/dict_0003_0199" 9115
"/Engine/EngineMaterials/Substrate/Glints2/dict_0003_0200" 9116
"/Engine/EngineMaterials/Substrate/Glints2/dict_0003_0201" 9117
"/Engine/EngineMaterials/Substrate/Glints2/dict_0003_0202" 9118
"/Engine/EngineMaterials/Substrate/Glints2/dict_0003_0203" 9119
"/Engine/EngineMaterials/Substrate/Glints2/dict_0003_0204" 9120
"/Engine/EngineMaterials/Substrate/Glints2/dict_0003_0205" 9121
"/Engine/EngineMaterials/Substrate/Glints2/dict_0003_0206" 9122
"/Engine/EngineMaterials/Substrate/Glints2/dict_0003_0207" 9123
"/Engine/EngineMaterials/Substrate/Glints2/dict_0003_0194" 9124
"/Engine/EngineMaterials/Substrate/Glints2/dict_0003_0208" 9125
"/Engine/EngineMaterials/Substrate/Glints2/dict_0003_0209" 9126
"/Engine/EngineMaterials/Substrate/Glints2/dict_0003_0210" 9127
"/Engine/EngineMaterials/Substrate/Glints2/dict_0003_0211" 9128
"../../../Engine/Content/EngineMaterials/Substrate/Glints2/dict_0003_0178.uasset" 9129
"../../../Engine/Content/EngineMaterials/Substrate/Glints2/dict_0003_0179.uasset" 9130
"../../../Engine/Content/EngineMaterials/Substrate/Glints2/dict_0003_0177.uasset" 9131
"../../../Engine/Content/EngineMaterials/Substrate/Glints2/dict_0003_0176.uasset" 9132
"../../../Engine/Content/EngineMaterials/Substrate/Glints2/dict_0003_0175.uasset" 9133
"/Engine/EngineMaterials/Substrate/Glints2/dict_0003_0180" 9134
"../../../Engine/Content/EngineMaterials/Substrate/Glints2/dict_0003_0174.uasset" 9135
"../../../Engine/Content/EngineMaterials/Substrate/Glints2/dict_0003_0172.uasset" 9136
"../../../Engine/Content/EngineMaterials/Substrate/Glints2/dict_0003_0171.uasset" 9137
"../../../Engine/Content/EngineMaterials/Substrate/Glints2/dict_0003_0173.uasset" 9138
"../../../Engine/Content/EngineMaterials/Substrate/Glints2/dict_0003_0169.uasset" 9139
"../../../Engine/Content/EngineMaterials/Substrate/Glints2/dict_0003_0168.uasset" 9140
"../../../Engine/Content/EngineMaterials/Substrate/Glints2/dict_0003_0167.uasset" 9141
"../../../Engine/Content/EngineMaterials/Substrate/Glints2/dict_0003_0166.uasset" 9142
"../../../Engine/Content/EngineMaterials/Substrate/Glints2/dict_0003_0165.uasset" 9143
"../../../Engine/Content/EngineMaterials/Substrate/Glints2/dict_0003_0170.uasset" 9144
"../../../Engine/Content/EngineMaterials/Substrate/Glints2/dict_0003_0162.uasset" 9145
"../../../Engine/Content/EngineMaterials/Substrate/Glints2/dict_0003_0163.uasset" 9146
"../../../Engine/Content/EngineMaterials/Substrate/Glints2/dict_0003_0164.uasset" 9147
"/Engine/EngineMaterials/Substrate/Glints2/dict_0003_0181" 9148
"/Engine/EngineMaterials/Substrate/Glints2/dict_0003_0182" 9149
"/Engine/EngineMaterials/Substrate/Glints2/dict_0003_0183" 9150
"/Engine/EngineMaterials/Substrate/Glints2/dict_0003_0184" 9151
"/Engine/EngineMaterials/Substrate/Glints2/dict_0003_0185" 9152
"/Engine/EngineMaterials/Substrate/Glints2/dict_0003_0186" 9153
"/Engine/EngineMaterials/Substrate/Glints2/dict_0003_0187" 9154
"/Engine/EngineMaterials/Substrate/Glints2/dict_0003_0188" 9155
"/Engine/EngineMaterials/Substrate/Glints2/dict_0003_0189" 9156
"/Engine/EngineMaterials/Substrate/Glints2/dict_0003_0190" 9157
"/Engine/EngineMaterials/Substrate/Glints2/dict_0003_0191" 9158
"/Engine/EngineMaterials/Substrate/Glints2/dict_0003_0192" 9159
"/Engine/EngineMaterials/Substrate/Glints2/dict_0003_0193" 9160
"/Engine/EngineMaterials/Substrate/Glints2/dict_0003_0178" 9161
"../../../Engine/Content/EngineMaterials/Substrate/Glints2/dict_0003_0161.uasset" 9162
"../../../Engine/Content/EngineMaterials/Substrate/Glints2/dict_0003_0159.uasset" 9163
"../../../Engine/Content/EngineMaterials/Substrate/Glints2/dict_0003_0160.uasset" 9164
"/Engine/EngineMaterials/Substrate/Glints2/dict_0003_0162" 9165
"../../../Engine/Content/EngineMaterials/Substrate/Glints2/dict_0003_0156.uasset" 9166
"../../../Engine/Content/EngineMaterials/Substrate/Glints2/dict_0003_0155.uasset" 9167
"../../../Engine/Content/EngineMaterials/Substrate/Glints2/dict_0003_0154.uasset" 9168
"../../../Engine/Content/EngineMaterials/Substrate/Glints2/dict_0003_0150.uasset" 9169
"../../../Engine/Content/EngineMaterials/Substrate/Glints2/dict_0003_0148.uasset" 9170
"../../../Engine/Content/EngineMaterials/Substrate/Glints2/dict_0003_0149.uasset" 9171
"../../../Engine/Content/EngineMaterials/Substrate/Glints2/dict_0003_0147.uasset" 9172
"../../../Engine/Content/EngineMaterials/Substrate/Glints2/dict_0003_0157.uasset" 9173
"../../../Engine/Content/EngineMaterials/Substrate/Glints2/dict_0003_0153.uasset" 9174
"../../../Engine/Content/EngineMaterials/Substrate/Glints2/dict_0003_0158.uasset" 9175
"../../../Engine/Content/EngineMaterials/Substrate/Glints2/dict_0003_0151.uasset" 9176
"../../../Engine/Content/EngineMaterials/Substrate/Glints2/dict_0003_0152.uasset" 9177
"/Engine/EngineMaterials/Substrate/Glints2/dict_0003_0163" 9178
"/Engine/EngineMaterials/Substrate/Glints2/dict_0003_0164" 9179
"/Engine/EngineMaterials/Substrate/Glints2/dict_0003_0165" 9180
"/Engine/EngineMaterials/Substrate/Glints2/dict_0003_0166" 9181
"/Engine/EngineMaterials/Substrate/Glints2/dict_0003_0167" 9182
"/Engine/EngineMaterials/Substrate/Glints2/dict_0003_0168" 9183
"/Engine/EngineMaterials/Substrate/Glints2/dict_0003_0169" 9184
"/Engine/EngineMaterials/Substrate/Glints2/dict_0003_0170" 9185
"/Engine/EngineMaterials/Substrate/Glints2/dict_0003_0171" 9186
"/Engine/EngineMaterials/Substrate/Glints2/dict_0003_0172" 9187
"/Engine/EngineMaterials/Substrate/Glints2/dict_0003_0173" 9188
"/Engine/EngineMaterials/Substrate/Glints2/dict_0003_0174" 9189
"/Engine/EngineMaterials/Substrate/Glints2/dict_0003_0175" 9190
"/Engine/EngineMaterials/Substrate/Glints2/dict_0003_0176" 9191
"/Engine/EngineMaterials/Substrate/Glints2/dict_0003_0177" 9192
"/Engine/EngineMaterials/Substrate/Glints2/dict_0003_0161" 9193
"/Engine/EngineMaterials/Substrate/Glints2/dict_0003_0179" 9194
"../../../Engine/Content/EngineMaterials/Substrate/Glints2/dict_0003_0146.uasset" 9195
"../../../Engine/Content/EngineMaterials/Substrate/Glints2/dict_0003_0144.uasset" 9196
"../../../Engine/Content/EngineMaterials/Substrate/Glints2/dict_0003_0145.uasset" 9197
"../../../Engine/Content/EngineMaterials/Substrate/Glints2/dict_0003_0142.uasset" 9198
"../../../Engine/Content/EngineMaterials/Substrate/Glints2/dict_0003_0143.uasset" 9199
"../../../Engine/Content/EngineMaterials/Substrate/Glints2/dict_0003_0140.uasset" 9200
"../../../Engine/Content/EngineMaterials/Substrate/Glints2/dict_0003_0139.uasset" 9201
"../../../Engine/Content/EngineMaterials/Substrate/Glints2/dict_0003_0137.uasset" 9202
"/Engine/EngineMaterials/Substrate/Glints2/dict_0003_0147" 9203
"../../../Engine/Content/EngineMaterials/Substrate/Glints2/dict_0003_0135.uasset" 9204
"../../../Engine/Content/EngineMaterials/Substrate/Glints2/dict_0003_0138.uasset" 9205
"../../../Engine/Content/EngineMaterials/Substrate/Glints2/dict_0003_0133.uasset" 9206
"../../../Engine/Content/EngineMaterials/Substrate/Glints2/dict_0003_0131.uasset" 9207
"../../../Engine/Content/EngineMaterials/Substrate/Glints2/dict_0003_0134.uasset" 9208
"../../../Engine/Content/EngineMaterials/Substrate/Glints2/dict_0003_0129.uasset" 9209
"../../../Engine/Content/EngineMaterials/Substrate/Glints2/dict_0003_0132.uasset" 9210
"../../../Engine/Content/EngineMaterials/Substrate/Glints2/dict_0003_0141.uasset" 9211
"../../../Engine/Content/EngineMaterials/Substrate/Glints2/dict_0003_0136.uasset" 9212
"../../../Engine/Content/EngineMaterials/Substrate/Glints2/dict_0003_0130.uasset" 9213
"/Engine/EngineMaterials/Substrate/Glints2/dict_0003_0148" 9214
"/Engine/EngineMaterials/Substrate/Glints2/dict_0003_0149" 9215
"/Engine/EngineMaterials/Substrate/Glints2/dict_0003_0150" 9216
"/Engine/EngineMaterials/Substrate/Glints2/dict_0003_0151" 9217
"/Engine/EngineMaterials/Substrate/Glints2/dict_0003_0152" 9218
"/Engine/EngineMaterials/Substrate/Glints2/dict_0003_0153" 9219
"/Engine/EngineMaterials/Substrate/Glints2/dict_0003_0154" 9220
"/Engine/EngineMaterials/Substrate/Glints2/dict_0003_0155" 9221
"/Engine/EngineMaterials/Substrate/Glints2/dict_0003_0156" 9222
"/Engine/EngineMaterials/Substrate/Glints2/dict_0003_0157" 9223
"/Engine/EngineMaterials/Substrate/Glints2/dict_0003_0158" 9224
"/Engine/EngineMaterials/Substrate/Glints2/dict_0003_0159" 9225
"/Engine/EngineMaterials/Substrate/Glints2/dict_0003_0160" 9226
"/Engine/EngineMaterials/Substrate/Glints2/dict_0003_0144" 9227
"/Engine/EngineMaterials/Substrate/Glints2/dict_0003_0146" 9228
"../../../Engine/Content/EngineMaterials/Substrate/Glints2/dict_0003_0128.uasset" 9229
"../../../Engine/Content/EngineMaterials/Substrate/Glints2/dict_0003_0126.uasset" 9230
"../../../Engine/Content/EngineMaterials/Substrate/Glints2/dict_0003_0124.uasset" 9231
"../../../Engine/Content/EngineMaterials/Substrate/Glints2/dict_0003_0123.uasset" 9232
"/Engine/EngineMaterials/Substrate/Glints2/dict_0003_0129" 9233
"../../../Engine/Content/EngineMaterials/Substrate/Glints2/dict_0003_0122.uasset" 9234
"../../../Engine/Content/EngineMaterials/Substrate/Glints2/dict_0003_0119.uasset" 9235
"../../../Engine/Content/EngineMaterials/Substrate/Glints2/dict_0003_0118.uasset" 9236
"../../../Engine/Content/EngineMaterials/Substrate/Glints2/dict_0003_0127.uasset" 9237
"../../../Engine/Content/EngineMaterials/Substrate/Glints2/dict_0003_0125.uasset" 9238
"../../../Engine/Content/EngineMaterials/Substrate/Glints2/dict_0003_0117.uasset" 9239
"../../../Engine/Content/EngineMaterials/Substrate/Glints2/dict_0003_0116.uasset" 9240
"../../../Engine/Content/EngineMaterials/Substrate/Glints2/dict_0003_0114.uasset" 9241
"../../../Engine/Content/EngineMaterials/Substrate/Glints2/dict_0003_0121.uasset" 9242
"../../../Engine/Content/EngineMaterials/Substrate/Glints2/dict_0003_0113.uasset" 9243
"../../../Engine/Content/EngineMaterials/Substrate/Glints2/dict_0003_0115.uasset" 9244
"../../../Engine/Content/EngineMaterials/Substrate/Glints2/dict_0003_0120.uasset" 9245
"/Engine/EngineMaterials/Substrate/Glints2/dict_0003_0130" 9246
"/Engine/EngineMaterials/Substrate/Glints2/dict_0003_0131" 9247
"/Engine/EngineMaterials/Substrate/Glints2/dict_0003_0132" 9248
"/Engine/EngineMaterials/Substrate/Glints2/dict_0003_0133" 9249
"/Engine/EngineMaterials/Substrate/Glints2/dict_0003_0134" 9250
"/Engine/EngineMaterials/Substrate/Glints2/dict_0003_0135" 9251
"/Engine/EngineMaterials/Substrate/Glints2/dict_0003_0136" 9252
"/Engine/EngineMaterials/Substrate/Glints2/dict_0003_0137" 9253
"/Engine/EngineMaterials/Substrate/Glints2/dict_0003_0138" 9254
"/Engine/EngineMaterials/Substrate/Glints2/dict_0003_0139" 9255
"/Engine/EngineMaterials/Substrate/Glints2/dict_0003_0140" 9256
"/Engine/EngineMaterials/Substrate/Glints2/dict_0003_0141" 9257
"/Engine/EngineMaterials/Substrate/Glints2/dict_0003_0142" 9258
"/Engine/EngineMaterials/Substrate/Glints2/dict_0003_0143" 9259
"/Engine/EngineMaterials/Substrate/Glints2/dict_0003_0145" 9260
"/Engine/EngineMaterials/Substrate/Glints2/dict_0003_0128" 9261
"../../../Engine/Content/EngineMaterials/Substrate/Glints2/dict_0003_0110.uasset" 9262
"../../../Engine/Content/EngineMaterials/Substrate/Glints2/dict_0003_0111.uasset" 9263
"../../../Engine/Content/EngineMaterials/Substrate/Glints2/dict_0003_0112.uasset" 9264
"../../../Engine/Content/EngineMaterials/Substrate/Glints2/dict_0003_0108.uasset" 9265
"/Engine/EngineMaterials/Substrate/Glints2/dict_0003_0113" 9266
"../../../Engine/Content/EngineMaterials/Substrate/Glints2/dict_0003_0106.uasset" 9267
"../../../Engine/Content/EngineMaterials/Substrate/Glints2/dict_0003_0105.uasset" 9268
"../../../Engine/Content/EngineMaterials/Substrate/Glints2/dict_0003_0107.uasset" 9269
"../../../Engine/Content/EngineMaterials/Substrate/Glints2/dict_0003_0102.uasset" 9270
"../../../Engine/Content/EngineMaterials/Substrate/Glints2/dict_0003_0103.uasset" 9271
"../../../Engine/Content/EngineMaterials/Substrate/Glints2/dict_0003_0104.uasset" 9272
"../../../Engine/Content/EngineMaterials/Substrate/Glints2/dict_0003_0099.uasset" 9273
"../../../Engine/Content/EngineMaterials/Substrate/Glints2/dict_0003_0101.uasset" 9274
"../../../Engine/Content/EngineMaterials/Substrate/Glints2/dict_0003_0100.uasset" 9275
"../../../Engine/Content/EngineMaterials/Substrate/Glints2/dict_0003_0109.uasset" 9276
"../../../Engine/Content/EngineMaterials/Substrate/Glints2/dict_0003_0098.uasset" 9277
"../../../Engine/Content/EngineMaterials/Substrate/Glints2/dict_0003_0097.uasset" 9278
"../../../Engine/Content/EngineMaterials/Substrate/Glints2/dict_0003_0096.uasset" 9279
"/Engine/EngineMaterials/Substrate/Glints2/dict_0003_0114" 9280
"/Engine/EngineMaterials/Substrate/Glints2/dict_0003_0115" 9281
"/Engine/EngineMaterials/Substrate/Glints2/dict_0003_0116" 9282
"/Engine/EngineMaterials/Substrate/Glints2/dict_0003_0117" 9283
"/Engine/EngineMaterials/Substrate/Glints2/dict_0003_0118" 9284
"/Engine/EngineMaterials/Substrate/Glints2/dict_0003_0119" 9285
"/Engine/EngineMaterials/Substrate/Glints2/dict_0003_0120" 9286
"/Engine/EngineMaterials/Substrate/Glints2/dict_0003_0121" 9287
"/Engine/EngineMaterials/Substrate/Glints2/dict_0003_0122" 9288
"/Engine/EngineMaterials/Substrate/Glints2/dict_0003_0123" 9289
"/Engine/EngineMaterials/Substrate/Glints2/dict_0003_0124" 9290
"/Engine/EngineMaterials/Substrate/Glints2/dict_0003_0125" 9291
"/Engine/EngineMaterials/Substrate/Glints2/dict_0003_0126" 9292
"/Engine/EngineMaterials/Substrate/Glints2/dict_0003_0110" 9293
"/Engine/EngineMaterials/Substrate/Glints2/dict_0003_0127" 9294
"../../../Engine/Content/EngineMaterials/Substrate/Glints2/dict_0003_0095.uasset" 9295
"../../../Engine/Content/EngineMaterials/Substrate/Glints2/dict_0003_0094.uasset" 9296
"../../../Engine/Content/EngineMaterials/Substrate/Glints2/dict_0003_0093.uasset" 9297
"../../../Engine/Content/EngineMaterials/Substrate/Glints2/dict_0003_0092.uasset" 9298
"../../../Engine/Content/EngineMaterials/Substrate/Glints2/dict_0003_0091.uasset" 9299
"/Engine/EngineMaterials/Substrate/Glints2/dict_0003_0096" 9300
"../../../Engine/Content/EngineMaterials/Substrate/Glints2/dict_0003_0088.uasset" 9301
"../../../Engine/Content/EngineMaterials/Substrate/Glints2/dict_0003_0086.uasset" 9302
"../../../Engine/Content/EngineMaterials/Substrate/Glints2/dict_0003_0087.uasset" 9303
"../../../Engine/Content/EngineMaterials/Substrate/Glints2/dict_0003_0090.uasset" 9304
"../../../Engine/Content/EngineMaterials/Substrate/Glints2/dict_0003_0083.uasset" 9305
"../../../Engine/Content/EngineMaterials/Substrate/Glints2/dict_0003_0085.uasset" 9306
"../../../Engine/Content/EngineMaterials/Substrate/Glints2/dict_0003_0084.uasset" 9307
"../../../Engine/Content/EngineMaterials/Substrate/Glints2/dict_0003_0082.uasset" 9308
"../../../Engine/Content/EngineMaterials/Substrate/Glints2/dict_0003_0080.uasset" 9309
"../../../Engine/Content/EngineMaterials/Substrate/Glints2/dict_0003_0081.uasset" 9310
"../../../Engine/Content/EngineMaterials/Substrate/Glints2/dict_0003_0089.uasset" 9311
"/Engine/EngineMaterials/Substrate/Glints2/dict_0003_0097" 9312
"/Engine/EngineMaterials/Substrate/Glints2/dict_0003_0098" 9313
"/Engine/EngineMaterials/Substrate/Glints2/dict_0003_0099" 9314
"/Engine/EngineMaterials/Substrate/Glints2/dict_0003_0100" 9315
"/Engine/EngineMaterials/Substrate/Glints2/dict_0003_0101" 9316
"/Engine/EngineMaterials/Substrate/Glints2/dict_0003_0102" 9317
"/Engine/EngineMaterials/Substrate/Glints2/dict_0003_0103" 9318
"/Engine/EngineMaterials/Substrate/Glints2/dict_0003_0104" 9319
"/Engine/EngineMaterials/Substrate/Glints2/dict_0003_0105" 9320
"/Engine/EngineMaterials/Substrate/Glints2/dict_0003_0106" 9321
"/Engine/EngineMaterials/Substrate/Glints2/dict_0003_0107" 9322
"/Engine/EngineMaterials/Substrate/Glints2/dict_0003_0108" 9323
"/Engine/EngineMaterials/Substrate/Glints2/dict_0003_0109" 9324
"/Engine/EngineMaterials/Substrate/Glints2/dict_0003_0094" 9325
"/Engine/EngineMaterials/Substrate/Glints2/dict_0003_0095" 9326
"/Engine/EngineMaterials/Substrate/Glints2/dict_0003_0111" 9327
"/Engine/EngineMaterials/Substrate/Glints2/dict_0003_0112" 9328
"../../../Engine/Content/EngineMaterials/Substrate/Glints2/dict_0003_0078.uasset" 9329
"../../../Engine/Content/EngineMaterials/Substrate/Glints2/dict_0003_0079.uasset" 9330
"../../../Engine/Content/EngineMaterials/Substrate/Glints2/dict_0003_0077.uasset" 9331
"../../../Engine/Content/EngineMaterials/Substrate/Glints2/dict_0003_0076.uasset" 9332
"../../../Engine/Content/EngineMaterials/Substrate/Glints2/dict_0003_0073.uasset" 9333
"/Engine/EngineMaterials/Substrate/Glints2/dict_0003_0080" 9334
"../../../Engine/Content/EngineMaterials/Substrate/Glints2/dict_0003_0074.uasset" 9335
"../../../Engine/Content/EngineMaterials/Substrate/Glints2/dict_0003_0075.uasset" 9336
"../../../Engine/Content/EngineMaterials/Substrate/Glints2/dict_0003_0072.uasset" 9337
"../../../Engine/Content/EngineMaterials/Substrate/Glints2/dict_0003_0070.uasset" 9338
"../../../Engine/Content/EngineMaterials/Substrate/Glints2/dict_0003_0069.uasset" 9339
"../../../Engine/Content/EngineMaterials/Substrate/Glints2/dict_0003_0068.uasset" 9340
"../../../Engine/Content/EngineMaterials/Substrate/Glints2/dict_0003_0067.uasset" 9341
"../../../Engine/Content/EngineMaterials/Substrate/Glints2/dict_0003_0071.uasset" 9342
"../../../Engine/Content/EngineMaterials/Substrate/Glints2/dict_0003_0066.uasset" 9343
"../../../Engine/Content/EngineMaterials/Substrate/Glints2/dict_0003_0064.uasset" 9344
"../../../Engine/Content/EngineMaterials/Substrate/Glints2/dict_0003_0063.uasset" 9345
"../../../Engine/Content/EngineMaterials/Substrate/Glints2/dict_0003_0065.uasset" 9346
"../../../Engine/Content/EngineMaterials/Substrate/Glints2/dict_0003_0062.uasset" 9347
"/Engine/EngineMaterials/Substrate/Glints2/dict_0003_0081" 9348
"/Engine/EngineMaterials/Substrate/Glints2/dict_0003_0082" 9349
"/Engine/EngineMaterials/Substrate/Glints2/dict_0003_0083" 9350
"/Engine/EngineMaterials/Substrate/Glints2/dict_0003_0084" 9351
"/Engine/EngineMaterials/Substrate/Glints2/dict_0003_0085" 9352
"/Engine/EngineMaterials/Substrate/Glints2/dict_0003_0086" 9353
"/Engine/EngineMaterials/Substrate/Glints2/dict_0003_0087" 9354
"/Engine/EngineMaterials/Substrate/Glints2/dict_0003_0088" 9355
"/Engine/EngineMaterials/Substrate/Glints2/dict_0003_0089" 9356
"/Engine/EngineMaterials/Substrate/Glints2/dict_0003_0090" 9357
"/Engine/EngineMaterials/Substrate/Glints2/dict_0003_0091" 9358
"/Engine/EngineMaterials/Substrate/Glints2/dict_0003_0092" 9359
"/Engine/EngineMaterials/Substrate/Glints2/dict_0003_0093" 9360
"/Engine/EngineMaterials/Substrate/Glints2/dict_0003_0078" 9361
"../../../Engine/Content/EngineMaterials/Substrate/Glints2/dict_0003_0060.uasset" 9362
"../../../Engine/Content/EngineMaterials/Substrate/Glints2/dict_0003_0061.uasset" 9363
"../../../Engine/Content/EngineMaterials/Substrate/Glints2/dict_0003_0059.uasset" 9364
"../../../Engine/Content/EngineMaterials/Substrate/Glints2/dict_0003_0058.uasset" 9365
"../../../Engine/Content/EngineMaterials/Substrate/Glints2/dict_0003_0056.uasset" 9366
"/Engine/EngineMaterials/Substrate/Glints2/dict_0003_0062" 9367
"../../../Engine/Content/EngineMaterials/Substrate/Glints2/dict_0003_0054.uasset" 9368
"../../../Engine/Content/EngineMaterials/Substrate/Glints2/dict_0003_0053.uasset" 9369
"../../../Engine/Content/EngineMaterials/Substrate/Glints2/dict_0003_0052.uasset" 9370
"../../../Engine/Content/EngineMaterials/Substrate/Glints2/dict_0003_0055.uasset" 9371
"../../../Engine/Content/EngineMaterials/Substrate/Glints2/dict_0003_0049.uasset" 9372
"../../../Engine/Content/EngineMaterials/Substrate/Glints2/dict_0003_0050.uasset" 9373
"../../../Engine/Content/EngineMaterials/Substrate/Glints2/dict_0003_0057.uasset" 9374
"../../../Engine/Content/EngineMaterials/Substrate/Glints2/dict_0003_0048.uasset" 9375
"../../../Engine/Content/EngineMaterials/Substrate/Glints2/dict_0003_0047.uasset" 9376
"../../../Engine/Content/EngineMaterials/Substrate/Glints2/dict_0003_0051.uasset" 9377
"/Engine/EngineMaterials/Substrate/Glints2/dict_0003_0063" 9378
"/Engine/EngineMaterials/Substrate/Glints2/dict_0003_0064" 9379
"/Engine/EngineMaterials/Substrate/Glints2/dict_0003_0065" 9380
"/Engine/EngineMaterials/Substrate/Glints2/dict_0003_0066" 9381
"/Engine/EngineMaterials/Substrate/Glints2/dict_0003_0067" 9382
"/Engine/EngineMaterials/Substrate/Glints2/dict_0003_0068" 9383
"/Engine/EngineMaterials/Substrate/Glints2/dict_0003_0069" 9384
"/Engine/EngineMaterials/Substrate/Glints2/dict_0003_0070" 9385
"/Engine/EngineMaterials/Substrate/Glints2/dict_0003_0071" 9386
"/Engine/EngineMaterials/Substrate/Glints2/dict_0003_0072" 9387
"/Engine/EngineMaterials/Substrate/Glints2/dict_0003_0073" 9388
"/Engine/EngineMaterials/Substrate/Glints2/dict_0003_0074" 9389
"/Engine/EngineMaterials/Substrate/Glints2/dict_0003_0060" 9390
"/Engine/EngineMaterials/Substrate/Glints2/dict_0003_0075" 9391
"/Engine/EngineMaterials/Substrate/Glints2/dict_0003_0076" 9392
"/Engine/EngineMaterials/Substrate/Glints2/dict_0003_0077" 9393
"/Engine/EngineMaterials/Substrate/Glints2/dict_0003_0061" 9394
"/Engine/EngineMaterials/Substrate/Glints2/dict_0003_0079" 9395
"../../../Engine/Content/EngineMaterials/Substrate/Glints2/dict_0003_0046.uasset" 9396
"../../../Engine/Content/EngineMaterials/Substrate/Glints2/dict_0003_0043.uasset" 9397
"../../../Engine/Content/EngineMaterials/Substrate/Glints2/dict_0003_0040.uasset" 9398
"../../../Engine/Content/EngineMaterials/Substrate/Glints2/dict_0003_0044.uasset" 9399
"../../../Engine/Content/EngineMaterials/Substrate/Glints2/dict_0003_0038.uasset" 9400
"../../../Engine/Content/EngineMaterials/Substrate/Glints2/dict_0003_0037.uasset" 9401
"../../../Engine/Content/EngineMaterials/Substrate/Glints2/dict_0003_0036.uasset" 9402
"/Engine/EngineMaterials/Substrate/Glints2/dict_0003_0047" 9403
"../../../Engine/Content/EngineMaterials/Substrate/Glints2/dict_0003_0034.uasset" 9404
"../../../Engine/Content/EngineMaterials/Substrate/Glints2/dict_0003_0039.uasset" 9405
"../../../Engine/Content/EngineMaterials/Substrate/Glints2/dict_0003_0032.uasset" 9406
"../../../Engine/Content/EngineMaterials/Substrate/Glints2/dict_0003_0035.uasset" 9407
"../../../Engine/Content/EngineMaterials/Substrate/Glints2/dict_0003_0030.uasset" 9408
"../../../Engine/Content/EngineMaterials/Substrate/Glints2/dict_0003_0045.uasset" 9409
"../../../Engine/Content/EngineMaterials/Substrate/Glints2/dict_0003_0029.uasset" 9410
"../../../Engine/Content/EngineMaterials/Substrate/Glints2/dict_0003_0041.uasset" 9411
"../../../Engine/Content/EngineMaterials/Substrate/Glints2/dict_0003_0042.uasset" 9412
"../../../Engine/Content/EngineMaterials/Substrate/Glints2/dict_0003_0033.uasset" 9413
"../../../Engine/Content/EngineMaterials/Substrate/Glints2/dict_0003_0031.uasset" 9414
"../../../Engine/Content/EngineMaterials/Substrate/Glints2/dict_0003_0028.uasset" 9415
"/Engine/EngineMaterials/Substrate/Glints2/dict_0003_0048" 9416
"/Engine/EngineMaterials/Substrate/Glints2/dict_0003_0049" 9417
"/Engine/EngineMaterials/Substrate/Glints2/dict_0003_0050" 9418
"/Engine/EngineMaterials/Substrate/Glints2/dict_0003_0051" 9419
"/Engine/EngineMaterials/Substrate/Glints2/dict_0003_0052" 9420
"/Engine/EngineMaterials/Substrate/Glints2/dict_0003_0053" 9421
"/Engine/EngineMaterials/Substrate/Glints2/dict_0003_0054" 9422
"/Engine/EngineMaterials/Substrate/Glints2/dict_0003_0055" 9423
"/Engine/EngineMaterials/Substrate/Glints2/dict_0003_0056" 9424
"/Engine/EngineMaterials/Substrate/Glints2/dict_0003_0057" 9425
"/Engine/EngineMaterials/Substrate/Glints2/dict_0003_0058" 9426
"/Engine/EngineMaterials/Substrate/Glints2/dict_0003_0059" 9427
"/Engine/EngineMaterials/Substrate/Glints2/dict_0003_0043" 9428
"/Engine/EngineMaterials/Substrate/Glints2/dict_0003_0046" 9429
"../../../Engine/Content/EngineMaterials/Substrate/Glints2/dict_0003_0026.uasset" 9430
"../../../Engine/Content/EngineMaterials/Substrate/Glints2/dict_0003_0025.uasset" 9431
"../../../Engine/Content/EngineMaterials/Substrate/Glints2/dict_0003_0023.uasset" 9432
"../../../Engine/Content/EngineMaterials/Substrate/Glints2/dict_0003_0024.uasset" 9433
"../../../Engine/Content/EngineMaterials/Substrate/Glints2/dict_0003_0027.uasset" 9434
"/Engine/EngineMaterials/Substrate/Glints2/dict_0003_0028" 9435
"../../../Engine/Content/EngineMaterials/Substrate/Glints2/dict_0003_0021.uasset" 9436
"../../../Engine/Content/EngineMaterials/Substrate/Glints2/dict_0003_0018.uasset" 9437
"../../../Engine/Content/EngineMaterials/Substrate/Glints2/dict_0003_0019.uasset" 9438
"../../../Engine/Content/EngineMaterials/Substrate/Glints2/dict_0003_0015.uasset" 9439
"../../../Engine/Content/EngineMaterials/Substrate/Glints2/dict_0003_0020.uasset" 9440
"../../../Engine/Content/EngineMaterials/Substrate/Glints2/dict_0003_0022.uasset" 9441
"../../../Engine/Content/EngineMaterials/Substrate/Glints2/dict_0003_0014.uasset" 9442
"../../../Engine/Content/EngineMaterials/Substrate/Glints2/dict_0003_0017.uasset" 9443
"../../../Engine/Content/EngineMaterials/Substrate/Glints2/dict_0003_0016.uasset" 9444
"../../../Engine/Content/EngineMaterials/Substrate/Glints2/dict_0003_0013.uasset" 9445
"/Engine/EngineMaterials/Substrate/Glints2/dict_0003_0029" 9446
"/Engine/EngineMaterials/Substrate/Glints2/dict_0003_0030" 9447
"/Engine/EngineMaterials/Substrate/Glints2/dict_0003_0031" 9448
"/Engine/EngineMaterials/Substrate/Glints2/dict_0003_0032" 9449
"/Engine/EngineMaterials/Substrate/Glints2/dict_0003_0033" 9450
"/Engine/EngineMaterials/Substrate/Glints2/dict_0003_0034" 9451
"/Engine/EngineMaterials/Substrate/Glints2/dict_0003_0035" 9452
"/Engine/EngineMaterials/Substrate/Glints2/dict_0003_0036" 9453
"/Engine/EngineMaterials/Substrate/Glints2/dict_0003_0037" 9454
"/Engine/EngineMaterials/Substrate/Glints2/dict_0003_0038" 9455
"/Engine/EngineMaterials/Substrate/Glints2/dict_0003_0039" 9456
"/Engine/EngineMaterials/Substrate/Glints2/dict_0003_0040" 9457
"/Engine/EngineMaterials/Substrate/Glints2/dict_0003_0041" 9458
"/Engine/EngineMaterials/Substrate/Glints2/dict_0003_0042" 9459
"/Engine/EngineMaterials/Substrate/Glints2/dict_0003_0026" 9460
"/Engine/EngineMaterials/Substrate/Glints2/dict_0003_0044" 9461
"/Engine/EngineMaterials/Substrate/Glints2/dict_0003_0045" 9462
"../../../Engine/Content/EngineMaterials/Substrate/Glints2/dict_0003_0011.uasset" 9463
"../../../Engine/Content/EngineMaterials/Substrate/Glints2/dict_0003_0010.uasset" 9464
"../../../Engine/Content/EngineMaterials/Substrate/Glints2/dict_0003_0009.uasset" 9465
"../../../Engine/Content/EngineMaterials/Substrate/Glints2/dict_0003_0008.uasset" 9466
"../../../Engine/Content/EngineMaterials/Substrate/Glints2/dict_0003_0006.uasset" 9467
"../../../Engine/Content/EngineMaterials/Substrate/Glints2/dict_0003_0007.uasset" 9468
"/Engine/EngineMaterials/Substrate/Glints2/dict_0003_0013" 9469
"../../../Engine/Content/EngineMaterials/Substrate/Glints2/dict_0003_0002.uasset" 9470
"../../../Engine/Content/EngineMaterials/Substrate/Glints2/dict_0003_0004.uasset" 9471
"../../../Engine/Content/EngineMaterials/Substrate/Glints2/dict_0003_0005.uasset" 9472
"../../../Engine/Content/EngineMaterials/Substrate/Glints2/dict_0003_0000.uasset" 9473
"../../../Engine/Content/EngineMaterials/Substrate/Glints2/dict_0002_0254.uasset" 9474
"../../../Engine/Content/EngineMaterials/Substrate/Glints2/dict_0003_0001.uasset" 9475
"../../../Engine/Content/EngineMaterials/Substrate/Glints2/dict_0003_0003.uasset" 9476
"../../../Engine/Content/EngineMaterials/Substrate/Glints2/dict_0002_0255.uasset" 9477
"../../../Engine/Content/EngineMaterials/Substrate/Glints2/dict_0002_0252.uasset" 9478
"../../../Engine/Content/EngineMaterials/Substrate/Glints2/dict_0002_0251.uasset" 9479
"../../../Engine/Content/EngineMaterials/Substrate/Glints2/dict_0002_0253.uasset" 9480
"../../../Engine/Content/EngineMaterials/Substrate/Glints2/dict_0003_0012.uasset" 9481
"/Engine/EngineMaterials/Substrate/Glints2/dict_0003_0014" 9482
"/Engine/EngineMaterials/Substrate/Glints2/dict_0003_0015" 9483
"/Engine/EngineMaterials/Substrate/Glints2/dict_0003_0016" 9484
"/Engine/EngineMaterials/Substrate/Glints2/dict_0003_0017" 9485
"/Engine/EngineMaterials/Substrate/Glints2/dict_0003_0018" 9486
"/Engine/EngineMaterials/Substrate/Glints2/dict_0003_0019" 9487
"/Engine/EngineMaterials/Substrate/Glints2/dict_0003_0020" 9488
"/Engine/EngineMaterials/Substrate/Glints2/dict_0003_0021" 9489
"/Engine/EngineMaterials/Substrate/Glints2/dict_0003_0022" 9490
"/Engine/EngineMaterials/Substrate/Glints2/dict_0003_0023" 9491
"/Engine/EngineMaterials/Substrate/Glints2/dict_0003_0024" 9492
"/Engine/EngineMaterials/Substrate/Glints2/dict_0003_0025" 9493
"/Engine/EngineMaterials/Substrate/Glints2/dict_0003_0009" 9494
"/Engine/EngineMaterials/Substrate/Glints2/dict_0003_0010" 9495
"/Engine/EngineMaterials/Substrate/Glints2/dict_0003_0011" 9496
"/Engine/EngineMaterials/Substrate/Glints2/dict_0003_0027" 9497
"../../../Engine/Content/EngineMaterials/Substrate/Glints2/dict_0002_0250.uasset" 9498
"../../../Engine/Content/EngineMaterials/Substrate/Glints2/dict_0002_0249.uasset" 9499
"../../../Engine/Content/EngineMaterials/Substrate/Glints2/dict_0002_0248.uasset" 9500
"/Engine/EngineMaterials/Substrate/Glints2/dict_0002_0251" 9501
"../../../Engine/Content/EngineMaterials/Substrate/Glints2/dict_0002_0245.uasset" 9502
"../../../Engine/Content/EngineMaterials/Substrate/Glints2/dict_0002_0247.uasset" 9503
"../../../Engine/Content/EngineMaterials/Substrate/Glints2/dict_0002_0243.uasset" 9504
"../../../Engine/Content/EngineMaterials/Substrate/Glints2/dict_0002_0242.uasset" 9505
"../../../Engine/Content/EngineMaterials/Substrate/Glints2/dict_0002_0241.uasset" 9506
"../../../Engine/Content/EngineMaterials/Substrate/Glints2/dict_0002_0246.uasset" 9507
"../../../Engine/Content/EngineMaterials/Substrate/Glints2/dict_0002_0239.uasset" 9508
"../../../Engine/Content/EngineMaterials/Substrate/Glints2/dict_0002_0238.uasset" 9509
"../../../Engine/Content/EngineMaterials/Substrate/Glints2/dict_0002_0237.uasset" 9510
"../../../Engine/Content/EngineMaterials/Substrate/Glints2/dict_0002_0240.uasset" 9511
"../../../Engine/Content/EngineMaterials/Substrate/Glints2/dict_0002_0244.uasset" 9512
"../../../Engine/Content/EngineMaterials/Substrate/Glints2/dict_0002_0236.uasset" 9513
"../../../Engine/Content/EngineMaterials/Substrate/Glints2/dict_0002_0235.uasset" 9514
"../../../Engine/Content/EngineMaterials/Substrate/Glints2/dict_0002_0234.uasset" 9515
"/Engine/EngineMaterials/Substrate/Glints2/dict_0002_0252" 9516
"/Engine/EngineMaterials/Substrate/Glints2/dict_0002_0253" 9517
"/Engine/EngineMaterials/Substrate/Glints2/dict_0002_0254" 9518
"/Engine/EngineMaterials/Substrate/Glints2/dict_0002_0255" 9519
"/Engine/EngineMaterials/Substrate/Glints2/dict_0003_0000" 9520
"/Engine/EngineMaterials/Substrate/Glints2/dict_0003_0001" 9521
"/Engine/EngineMaterials/Substrate/Glints2/dict_0003_0002" 9522
"/Engine/EngineMaterials/Substrate/Glints2/dict_0003_0003" 9523
"/Engine/EngineMaterials/Substrate/Glints2/dict_0003_0004" 9524
"/Engine/EngineMaterials/Substrate/Glints2/dict_0003_0005" 9525
"/Engine/EngineMaterials/Substrate/Glints2/dict_0003_0006" 9526
"/Engine/EngineMaterials/Substrate/Glints2/dict_0003_0007" 9527
"/Engine/EngineMaterials/Substrate/Glints2/dict_0003_0008" 9528
"/Engine/EngineMaterials/Substrate/Glints2/dict_0003_0012" 9529
"/Engine/EngineMaterials/Substrate/Glints2/dict_0002_0250" 9530
"../../../Engine/Content/EngineMaterials/Substrate/Glints2/dict_0002_0232.uasset" 9531
"../../../Engine/Content/EngineMaterials/Substrate/Glints2/dict_0002_0230.uasset" 9532
"../../../Engine/Content/EngineMaterials/Substrate/Glints2/dict_0002_0229.uasset" 9533
"../../../Engine/Content/EngineMaterials/Substrate/Glints2/dict_0002_0233.uasset" 9534
"../../../Engine/Content/EngineMaterials/Substrate/Glints2/dict_0002_0231.uasset" 9535
"/Engine/EngineMaterials/Substrate/Glints2/dict_0002_0234" 9536
"../../../Engine/Content/EngineMaterials/Substrate/Glints2/dict_0002_0227.uasset" 9537
"../../../Engine/Content/EngineMaterials/Substrate/Glints2/dict_0002_0226.uasset" 9538
"../../../Engine/Content/EngineMaterials/Substrate/Glints2/dict_0002_0225.uasset" 9539
"../../../Engine/Content/EngineMaterials/Substrate/Glints2/dict_0002_0224.uasset" 9540
"../../../Engine/Content/EngineMaterials/Substrate/Glints2/dict_0002_0228.uasset" 9541
"../../../Engine/Content/EngineMaterials/Substrate/Glints2/dict_0002_0222.uasset" 9542
"../../../Engine/Content/EngineMaterials/Substrate/Glints2/dict_0002_0221.uasset" 9543
"../../../Engine/Content/EngineMaterials/Substrate/Glints2/dict_0002_0223.uasset" 9544
"../../../Engine/Content/EngineMaterials/Substrate/Glints2/dict_0002_0220.uasset" 9545
"../../../Engine/Content/EngineMaterials/Substrate/Glints2/dict_0002_0218.uasset" 9546
"../../../Engine/Content/EngineMaterials/Substrate/Glints2/dict_0002_0219.uasset" 9547
"/Engine/EngineMaterials/Substrate/Glints2/dict_0002_0235" 9548
"/Engine/EngineMaterials/Substrate/Glints2/dict_0002_0236" 9549
"/Engine/EngineMaterials/Substrate/Glints2/dict_0002_0237" 9550
"/Engine/EngineMaterials/Substrate/Glints2/dict_0002_0238" 9551
"/Engine/EngineMaterials/Substrate/Glints2/dict_0002_0239" 9552
"/Engine/EngineMaterials/Substrate/Glints2/dict_0002_0240" 9553
"/Engine/EngineMaterials/Substrate/Glints2/dict_0002_0241" 9554
"/Engine/EngineMaterials/Substrate/Glints2/dict_0002_0242" 9555
"/Engine/EngineMaterials/Substrate/Glints2/dict_0002_0243" 9556
"/Engine/EngineMaterials/Substrate/Glints2/dict_0002_0244" 9557
"/Engine/EngineMaterials/Substrate/Glints2/dict_0002_0245" 9558
"/Engine/EngineMaterials/Substrate/Glints2/dict_0002_0246" 9559
"/Engine/EngineMaterials/Substrate/Glints2/dict_0002_0247" 9560
"/Engine/EngineMaterials/Substrate/Glints2/dict_0002_0248" 9561
"/Engine/EngineMaterials/Substrate/Glints2/dict_0002_0249" 9562
"/Engine/EngineMaterials/Substrate/Glints2/dict_0002_0232" 9563
"../../../Engine/Content/EngineMaterials/Substrate/Glints2/dict_0002_0215.uasset" 9564
"../../../Engine/Content/EngineMaterials/Substrate/Glints2/dict_0002_0216.uasset" 9565
"../../../Engine/Content/EngineMaterials/Substrate/Glints2/dict_0002_0217.uasset" 9566
"../../../Engine/Content/EngineMaterials/Substrate/Glints2/dict_0002_0214.uasset" 9567
"/Engine/EngineMaterials/Substrate/Glints2/dict_0002_0218" 9568
"../../../Engine/Content/EngineMaterials/Substrate/Glints2/dict_0002_0213.uasset" 9569
"../../../Engine/Content/EngineMaterials/Substrate/Glints2/dict_0002_0212.uasset" 9570
"../../../Engine/Content/EngineMaterials/Substrate/Glints2/dict_0002_0211.uasset" 9571
"../../../Engine/Content/EngineMaterials/Substrate/Glints2/dict_0002_0210.uasset" 9572
"../../../Engine/Content/EngineMaterials/Substrate/Glints2/dict_0002_0209.uasset" 9573
"../../../Engine/Content/EngineMaterials/Substrate/Glints2/dict_0002_0208.uasset" 9574
"../../../Engine/Content/EngineMaterials/Substrate/Glints2/dict_0002_0206.uasset" 9575
"../../../Engine/Content/EngineMaterials/Substrate/Glints2/dict_0002_0205.uasset" 9576
"../../../Engine/Content/EngineMaterials/Substrate/Glints2/dict_0002_0204.uasset" 9577
"../../../Engine/Content/EngineMaterials/Substrate/Glints2/dict_0002_0203.uasset" 9578
"../../../Engine/Content/EngineMaterials/Substrate/Glints2/dict_0002_0202.uasset" 9579
"../../../Engine/Content/EngineMaterials/Substrate/Glints2/dict_0002_0201.uasset" 9580
"../../../Engine/Content/EngineMaterials/Substrate/Glints2/dict_0002_0207.uasset" 9581
"/Engine/EngineMaterials/Substrate/Glints2/dict_0002_0219" 9582
"/Engine/EngineMaterials/Substrate/Glints2/dict_0002_0220" 9583
"/Engine/EngineMaterials/Substrate/Glints2/dict_0002_0221" 9584
"/Engine/EngineMaterials/Substrate/Glints2/dict_0002_0222" 9585
"/Engine/EngineMaterials/Substrate/Glints2/dict_0002_0223" 9586
"/Engine/EngineMaterials/Substrate/Glints2/dict_0002_0224" 9587
"/Engine/EngineMaterials/Substrate/Glints2/dict_0002_0225" 9588
"/Engine/EngineMaterials/Substrate/Glints2/dict_0002_0226" 9589
"/Engine/EngineMaterials/Substrate/Glints2/dict_0002_0227" 9590
"/Engine/EngineMaterials/Substrate/Glints2/dict_0002_0228" 9591
"/Engine/EngineMaterials/Substrate/Glints2/dict_0002_0229" 9592
"/Engine/EngineMaterials/Substrate/Glints2/dict_0002_0230" 9593
"/Engine/EngineMaterials/Substrate/Glints2/dict_0002_0231" 9594
"/Engine/EngineMaterials/Substrate/Glints2/dict_0002_0233" 9595
"../../../Engine/Content/EngineMaterials/Substrate/Glints2/dict_0002_0200.uasset" 9596
"../../../Engine/Content/EngineMaterials/Substrate/Glints2/dict_0002_0198.uasset" 9597
"../../../Engine/Content/EngineMaterials/Substrate/Glints2/dict_0002_0199.uasset" 9598
"../../../Engine/Content/EngineMaterials/Substrate/Glints2/dict_0002_0197.uasset" 9599
"/Engine/EngineMaterials/Substrate/Glints2/dict_0002_0201" 9600
"../../../Engine/Content/EngineMaterials/Substrate/Glints2/dict_0002_0195.uasset" 9601
"../../../Engine/Content/EngineMaterials/Substrate/Glints2/dict_0002_0194.uasset" 9602
"../../../Engine/Content/EngineMaterials/Substrate/Glints2/dict_0002_0196.uasset" 9603
"../../../Engine/Content/EngineMaterials/Substrate/Glints2/dict_0002_0192.uasset" 9604
"../../../Engine/Content/EngineMaterials/Substrate/Glints2/dict_0002_0193.uasset" 9605
"../../../Engine/Content/EngineMaterials/Substrate/Glints2/dict_0002_0191.uasset" 9606
"../../../Engine/Content/EngineMaterials/Substrate/Glints2/dict_0002_0190.uasset" 9607
"../../../Engine/Content/EngineMaterials/Substrate/Glints2/dict_0002_0189.uasset" 9608
"../../../Engine/Content/EngineMaterials/Substrate/Glints2/dict_0002_0188.uasset" 9609
"../../../Engine/Content/EngineMaterials/Substrate/Glints2/dict_0002_0187.uasset" 9610
"../../../Engine/Content/EngineMaterials/Substrate/Glints2/dict_0002_0186.uasset" 9611
"/Engine/EngineMaterials/Substrate/Glints2/dict_0002_0202" 9612
"/Engine/EngineMaterials/Substrate/Glints2/dict_0002_0203" 9613
"/Engine/EngineMaterials/Substrate/Glints2/dict_0002_0204" 9614
"/Engine/EngineMaterials/Substrate/Glints2/dict_0002_0205" 9615
"/Engine/EngineMaterials/Substrate/Glints2/dict_0002_0206" 9616
"/Engine/EngineMaterials/Substrate/Glints2/dict_0002_0207" 9617
"/Engine/EngineMaterials/Substrate/Glints2/dict_0002_0208" 9618
"/Engine/EngineMaterials/Substrate/Glints2/dict_0002_0209" 9619
"/Engine/EngineMaterials/Substrate/Glints2/dict_0002_0210" 9620
"/Engine/EngineMaterials/Substrate/Glints2/dict_0002_0211" 9621
"/Engine/EngineMaterials/Substrate/Glints2/dict_0002_0212" 9622
"/Engine/EngineMaterials/Substrate/Glints2/dict_0002_0213" 9623
"/Engine/EngineMaterials/Substrate/Glints2/dict_0002_0214" 9624
"/Engine/EngineMaterials/Substrate/Glints2/dict_0002_0215" 9625
"/Engine/EngineMaterials/Substrate/Glints2/dict_0002_0216" 9626
"/Engine/EngineMaterials/Substrate/Glints2/dict_0002_0217" 9627
"../../../Engine/Content/EngineMaterials/Substrate/Glints2/dict_0002_0183.uasset" 9628
"../../../Engine/Content/EngineMaterials/Substrate/Glints2/dict_0002_0185.uasset" 9629
"../../../Engine/Content/EngineMaterials/Substrate/Glints2/dict_0002_0180.uasset" 9630
"/Engine/EngineMaterials/Substrate/Glints2/dict_0002_0186" 9631
"../../../Engine/Content/EngineMaterials/Substrate/Glints2/dict_0002_0179.uasset" 9632
"../../../Engine/Content/EngineMaterials/Substrate/Glints2/dict_0002_0178.uasset" 9633
"../../../Engine/Content/EngineMaterials/Substrate/Glints2/dict_0002_0177.uasset" 9634
"../../../Engine/Content/EngineMaterials/Substrate/Glints2/dict_0002_0181.uasset" 9635
"../../../Engine/Content/EngineMaterials/Substrate/Glints2/dict_0002_0184.uasset" 9636
"../../../Engine/Content/EngineMaterials/Substrate/Glints2/dict_0002_0176.uasset" 9637
"../../../Engine/Content/EngineMaterials/Substrate/Glints2/dict_0002_0175.uasset" 9638
"../../../Engine/Content/EngineMaterials/Substrate/Glints2/dict_0002_0174.uasset" 9639
"../../../Engine/Content/EngineMaterials/Substrate/Glints2/dict_0002_0182.uasset" 9640
"../../../Engine/Content/EngineMaterials/Substrate/Glints2/dict_0002_0171.uasset" 9641
"../../../Engine/Content/EngineMaterials/Substrate/Glints2/dict_0002_0172.uasset" 9642
"../../../Engine/Content/EngineMaterials/Substrate/Glints2/dict_0002_0170.uasset" 9643
"../../../Engine/Content/EngineMaterials/Substrate/Glints2/dict_0002_0173.uasset" 9644
"../../../Engine/Content/EngineMaterials/Substrate/Glints2/dict_0002_0169.uasset" 9645
"/Engine/EngineMaterials/Substrate/Glints2/dict_0002_0187" 9646
"/Engine/EngineMaterials/Substrate/Glints2/dict_0002_0188" 9647
"/Engine/EngineMaterials/Substrate/Glints2/dict_0002_0189" 9648
"/Engine/EngineMaterials/Substrate/Glints2/dict_0002_0190" 9649
"/Engine/EngineMaterials/Substrate/Glints2/dict_0002_0191" 9650
"/Engine/EngineMaterials/Substrate/Glints2/dict_0002_0192" 9651
"/Engine/EngineMaterials/Substrate/Glints2/dict_0002_0193" 9652
"/Engine/EngineMaterials/Substrate/Glints2/dict_0002_0194" 9653
"/Engine/EngineMaterials/Substrate/Glints2/dict_0002_0195" 9654
"/Engine/EngineMaterials/Substrate/Glints2/dict_0002_0196" 9655
"/Engine/EngineMaterials/Substrate/Glints2/dict_0002_0197" 9656
"/Engine/EngineMaterials/Substrate/Glints2/dict_0002_0198" 9657
"/Engine/EngineMaterials/Substrate/Glints2/dict_0002_0199" 9658
"/Engine/EngineMaterials/Substrate/Glints2/dict_0002_0200" 9659
"../../../Engine/Content/EngineMaterials/Substrate/Glints2/dict_0002_0168.uasset" 9660
"../../../Engine/Content/EngineMaterials/Substrate/Glints2/dict_0002_0166.uasset" 9661
"../../../Engine/Content/EngineMaterials/Substrate/Glints2/dict_0002_0167.uasset" 9662
"../../../Engine/Content/EngineMaterials/Substrate/Glints2/dict_0002_0165.uasset" 9663
"../../../Engine/Content/EngineMaterials/Substrate/Glints2/dict_0002_0164.uasset" 9664
"../../../Engine/Content/EngineMaterials/Substrate/Glints2/dict_0002_0162.uasset" 9665
"/Engine/EngineMaterials/Substrate/Glints2/dict_0002_0169" 9666
"../../../Engine/Content/EngineMaterials/Substrate/Glints2/dict_0002_0158.uasset" 9667
"../../../Engine/Content/EngineMaterials/Substrate/Glints2/dict_0002_0157.uasset" 9668
"../../../Engine/Content/EngineMaterials/Substrate/Glints2/dict_0002_0163.uasset" 9669
"../../../Engine/Content/EngineMaterials/Substrate/Glints2/dict_0002_0155.uasset" 9670
"../../../Engine/Content/EngineMaterials/Substrate/Glints2/dict_0002_0161.uasset" 9671
"../../../Engine/Content/EngineMaterials/Substrate/Glints2/dict_0002_0156.uasset" 9672
"../../../Engine/Content/EngineMaterials/Substrate/Glints2/dict_0002_0160.uasset" 9673
"../../../Engine/Content/EngineMaterials/Substrate/Glints2/dict_0002_0159.uasset" 9674
"../../../Engine/Content/EngineMaterials/Substrate/Glints2/dict_0002_0154.uasset" 9675
"/Engine/EngineMaterials/Substrate/Glints2/dict_0002_0170" 9676
"/Engine/EngineMaterials/Substrate/Glints2/dict_0002_0171" 9677
"/Engine/EngineMaterials/Substrate/Glints2/dict_0002_0172" 9678
"/Engine/EngineMaterials/Substrate/Glints2/dict_0002_0173" 9679
"/Engine/EngineMaterials/Substrate/Glints2/dict_0002_0174" 9680
"/Engine/EngineMaterials/Substrate/Glints2/dict_0002_0175" 9681
"/Engine/EngineMaterials/Substrate/Glints2/dict_0002_0176" 9682
"/Engine/EngineMaterials/Substrate/Glints2/dict_0002_0177" 9683
"/Engine/EngineMaterials/Substrate/Glints2/dict_0002_0178" 9684
"/Engine/EngineMaterials/Substrate/Glints2/dict_0002_0179" 9685
"/Engine/EngineMaterials/Substrate/Glints2/dict_0002_0180" 9686
"/Engine/EngineMaterials/Substrate/Glints2/dict_0002_0181" 9687
"/Engine/EngineMaterials/Substrate/Glints2/dict_0002_0167" 9688
"/Engine/EngineMaterials/Substrate/Glints2/dict_0002_0182" 9689
"/Engine/EngineMaterials/Substrate/Glints2/dict_0002_0183" 9690
"/Engine/EngineMaterials/Substrate/Glints2/dict_0002_0184" 9691
"/Engine/EngineMaterials/Substrate/Glints2/dict_0002_0185" 9692
"/Engine/EngineMaterials/Substrate/Glints2/dict_0002_0168" 9693
"../../../Engine/Content/EngineMaterials/Substrate/Glints2/dict_0002_0152.uasset" 9694
"../../../Engine/Content/EngineMaterials/Substrate/Glints2/dict_0002_0151.uasset" 9695
"../../../Engine/Content/EngineMaterials/Substrate/Glints2/dict_0002_0153.uasset" 9696
"../../../Engine/Content/EngineMaterials/Substrate/Glints2/dict_0002_0150.uasset" 9697
"../../../Engine/Content/EngineMaterials/Substrate/Glints2/dict_0002_0149.uasset" 9698
"/Engine/EngineMaterials/Substrate/Glints2/dict_0002_0154" 9699
"../../../Engine/Content/EngineMaterials/Substrate/Glints2/dict_0002_0145.uasset" 9700
"../../../Engine/Content/EngineMaterials/Substrate/Glints2/dict_0002_0144.uasset" 9701
"../../../Engine/Content/EngineMaterials/Substrate/Glints2/dict_0002_0143.uasset" 9702
"../../../Engine/Content/EngineMaterials/Substrate/Glints2/dict_0002_0142.uasset" 9703
"../../../Engine/Content/EngineMaterials/Substrate/Glints2/dict_0002_0140.uasset" 9704
"../../../Engine/Content/EngineMaterials/Substrate/Glints2/dict_0002_0147.uasset" 9705
"../../../Engine/Content/EngineMaterials/Substrate/Glints2/dict_0002_0146.uasset" 9706
"../../../Engine/Content/EngineMaterials/Substrate/Glints2/dict_0002_0137.uasset" 9707
"../../../Engine/Content/EngineMaterials/Substrate/Glints2/dict_0002_0139.uasset" 9708
"../../../Engine/Content/EngineMaterials/Substrate/Glints2/dict_0002_0138.uasset" 9709
"../../../Engine/Content/EngineMaterials/Substrate/Glints2/dict_0002_0148.uasset" 9710
"../../../Engine/Content/EngineMaterials/Substrate/Glints2/dict_0002_0141.uasset" 9711
"../../../Engine/Content/EngineMaterials/Substrate/Glints2/dict_0002_0136.uasset" 9712
"/Engine/EngineMaterials/Substrate/Glints2/dict_0002_0155" 9713
"../../../Engine/Content/EngineMaterials/Substrate/Glints2/dict_0002_0135.uasset" 9714
"/Engine/EngineMaterials/Substrate/Glints2/dict_0002_0156" 9715
"/Engine/EngineMaterials/Substrate/Glints2/dict_0002_0157" 9716
"/Engine/EngineMaterials/Substrate/Glints2/dict_0002_0158" 9717
"/Engine/EngineMaterials/Substrate/Glints2/dict_0002_0159" 9718
"/Engine/EngineMaterials/Substrate/Glints2/dict_0002_0160" 9719
"/Engine/EngineMaterials/Substrate/Glints2/dict_0002_0161" 9720
"/Engine/EngineMaterials/Substrate/Glints2/dict_0002_0162" 9721
"/Engine/EngineMaterials/Substrate/Glints2/dict_0002_0163" 9722
"/Engine/EngineMaterials/Substrate/Glints2/dict_0002_0164" 9723
"/Engine/EngineMaterials/Substrate/Glints2/dict_0002_0165" 9724
"/Engine/EngineMaterials/Substrate/Glints2/dict_0002_0166" 9725
"/Engine/EngineMaterials/Substrate/Glints2/dict_0002_0151" 9726
"/Engine/EngineMaterials/Substrate/Glints2/dict_0002_0152" 9727
"/Engine/EngineMaterials/Substrate/Glints2/dict_0002_0153" 9728
"../../../Engine/Content/EngineMaterials/Substrate/Glints2/dict_0002_0133.uasset" 9729
"../../../Engine/Content/EngineMaterials/Substrate/Glints2/dict_0002_0134.uasset" 9730
"../../../Engine/Content/EngineMaterials/Substrate/Glints2/dict_0002_0130.uasset" 9731
"/Engine/EngineMaterials/Substrate/Glints2/dict_0002_0135" 9732
"../../../Engine/Content/EngineMaterials/Substrate/Glints2/dict_0002_0129.uasset" 9733
"../../../Engine/Content/EngineMaterials/Substrate/Glints2/dict_0002_0131.uasset" 9734
"../../../Engine/Content/EngineMaterials/Substrate/Glints2/dict_0002_0125.uasset" 9735
"../../../Engine/Content/EngineMaterials/Substrate/Glints2/dict_0002_0126.uasset" 9736
"../../../Engine/Content/EngineMaterials/Substrate/Glints2/dict_0002_0124.uasset" 9737
"../../../Engine/Content/EngineMaterials/Substrate/Glints2/dict_0002_0123.uasset" 9738
"../../../Engine/Content/EngineMaterials/Substrate/Glints2/dict_0002_0122.uasset" 9739
"../../../Engine/Content/EngineMaterials/Substrate/Glints2/dict_0002_0121.uasset" 9740
"../../../Engine/Content/EngineMaterials/Substrate/Glints2/dict_0002_0120.uasset" 9741
"../../../Engine/Content/EngineMaterials/Substrate/Glints2/dict_0002_0119.uasset" 9742
"../../../Engine/Content/EngineMaterials/Substrate/Glints2/dict_0002_0127.uasset" 9743
"../../../Engine/Content/EngineMaterials/Substrate/Glints2/dict_0002_0128.uasset" 9744
"../../../Engine/Content/EngineMaterials/Substrate/Glints2/dict_0002_0132.uasset" 9745
"/Engine/EngineMaterials/Substrate/Glints2/dict_0002_0136" 9746
"/Engine/EngineMaterials/Substrate/Glints2/dict_0002_0137" 9747
"/Engine/EngineMaterials/Substrate/Glints2/dict_0002_0138" 9748
"/Engine/EngineMaterials/Substrate/Glints2/dict_0002_0139" 9749
"/Engine/EngineMaterials/Substrate/Glints2/dict_0002_0140" 9750
"/Engine/EngineMaterials/Substrate/Glints2/dict_0002_0141" 9751
"/Engine/EngineMaterials/Substrate/Glints2/dict_0002_0142" 9752
"/Engine/EngineMaterials/Substrate/Glints2/dict_0002_0143" 9753
"/Engine/EngineMaterials/Substrate/Glints2/dict_0002_0144" 9754
"/Engine/EngineMaterials/Substrate/Glints2/dict_0002_0145" 9755
"/Engine/EngineMaterials/Substrate/Glints2/dict_0002_0146" 9756
"/Engine/EngineMaterials/Substrate/Glints2/dict_0002_0147" 9757
"/Engine/EngineMaterials/Substrate/Glints2/dict_0002_0148" 9758
"/Engine/EngineMaterials/Substrate/Glints2/dict_0002_0149" 9759
"/Engine/EngineMaterials/Substrate/Glints2/dict_0002_0150" 9760
"/Engine/EngineMaterials/Substrate/Glints2/dict_0002_0133" 9761
"../../../Engine/Content/EngineMaterials/Substrate/Glints2/dict_0002_0118.uasset" 9762
"../../../Engine/Content/EngineMaterials/Substrate/Glints2/dict_0002_0115.uasset" 9763
"../../../Engine/Content/EngineMaterials/Substrate/Glints2/dict_0002_0116.uasset" 9764
"../../../Engine/Content/EngineMaterials/Substrate/Glints2/dict_0002_0114.uasset" 9765
"../../../Engine/Content/EngineMaterials/Substrate/Glints2/dict_0002_0113.uasset" 9766
"../../../Engine/Content/EngineMaterials/Substrate/Glints2/dict_0002_0111.uasset" 9767
"../../../Engine/Content/EngineMaterials/Substrate/Glints2/dict_0002_0110.uasset" 9768
"../../../Engine/Content/EngineMaterials/Substrate/Glints2/dict_0002_0109.uasset" 9769
"../../../Engine/Content/EngineMaterials/Substrate/Glints2/dict_0002_0108.uasset" 9770
"../../../Engine/Content/EngineMaterials/Substrate/Glints2/dict_0002_0107.uasset" 9771
"../../../Engine/Content/EngineMaterials/Substrate/Glints2/dict_0002_0106.uasset" 9772
"../../../Engine/Content/EngineMaterials/Substrate/Glints2/dict_0002_0112.uasset" 9773
"../../../Engine/Content/EngineMaterials/Substrate/Glints2/dict_0002_0105.uasset" 9774
"../../../Engine/Content/EngineMaterials/Substrate/Glints2/dict_0002_0103.uasset" 9775
"../../../Engine/Content/EngineMaterials/Substrate/Glints2/dict_0002_0104.uasset" 9776
"/Engine/EngineMaterials/Substrate/Glints2/dict_0002_0119" 9777
"../../../Engine/Content/EngineMaterials/Substrate/Glints2/dict_0002_0117.uasset" 9778
"../../../Engine/Content/EngineMaterials/Substrate/Glints2/dict_0002_0102.uasset" 9779
"/Engine/EngineMaterials/Substrate/Glints2/dict_0002_0120" 9780
"/Engine/EngineMaterials/Substrate/Glints2/dict_0002_0121" 9781
"/Engine/EngineMaterials/Substrate/Glints2/dict_0002_0122" 9782
"/Engine/EngineMaterials/Substrate/Glints2/dict_0002_0123" 9783
"/Engine/EngineMaterials/Substrate/Glints2/dict_0002_0124" 9784
"/Engine/EngineMaterials/Substrate/Glints2/dict_0002_0125" 9785
"/Engine/EngineMaterials/Substrate/Glints2/dict_0002_0126" 9786
"/Engine/EngineMaterials/Substrate/Glints2/dict_0002_0127" 9787
"/Engine/EngineMaterials/Substrate/Glints2/dict_0002_0128" 9788
"/Engine/EngineMaterials/Substrate/Glints2/dict_0002_0129" 9789
"/Engine/EngineMaterials/Substrate/Glints2/dict_0002_0130" 9790
"/Engine/EngineMaterials/Substrate/Glints2/dict_0002_0131" 9791
"/Engine/EngineMaterials/Substrate/Glints2/dict_0002_0132" 9792
"/Engine/EngineMaterials/Substrate/Glints2/dict_0002_0134" 9793
"../../../Engine/Content/EngineMaterials/Substrate/Glints2/dict_0002_0101.uasset" 9794
"../../../Engine/Content/EngineMaterials/Substrate/Glints2/dict_0002_0100.uasset" 9795
"../../../Engine/Content/EngineMaterials/Substrate/Glints2/dict_0002_0099.uasset" 9796
"../../../Engine/Content/EngineMaterials/Substrate/Glints2/dict_0002_0097.uasset" 9797
"../../../Engine/Content/EngineMaterials/Substrate/Glints2/dict_0002_0096.uasset" 9798
"../../../Engine/Content/EngineMaterials/Substrate/Glints2/dict_0002_0095.uasset" 9799
"../../../Engine/Content/EngineMaterials/Substrate/Glints2/dict_0002_0098.uasset" 9800
"../../../Engine/Content/EngineMaterials/Substrate/Glints2/dict_0002_0089.uasset" 9801
"../../../Engine/Content/EngineMaterials/Substrate/Glints2/dict_0002_0093.uasset" 9802
"../../../Engine/Content/EngineMaterials/Substrate/Glints2/dict_0002_0088.uasset" 9803
"/Engine/EngineMaterials/Substrate/Glints2/dict_0002_0102" 9804
"../../../Engine/Content/EngineMaterials/Substrate/Glints2/dict_0002_0094.uasset" 9805
"../../../Engine/Content/EngineMaterials/Substrate/Glints2/dict_0002_0087.uasset" 9806
"../../../Engine/Content/EngineMaterials/Substrate/Glints2/dict_0002_0092.uasset" 9807
"../../../Engine/Content/EngineMaterials/Substrate/Glints2/dict_0002_0090.uasset" 9808
"../../../Engine/Content/EngineMaterials/Substrate/Glints2/dict_0002_0091.uasset" 9809
"/Engine/EngineMaterials/Substrate/Glints2/dict_0002_0103" 9810
"/Engine/EngineMaterials/Substrate/Glints2/dict_0002_0104" 9811
"/Engine/EngineMaterials/Substrate/Glints2/dict_0002_0105" 9812
"/Engine/EngineMaterials/Substrate/Glints2/dict_0002_0106" 9813
"/Engine/EngineMaterials/Substrate/Glints2/dict_0002_0107" 9814
"/Engine/EngineMaterials/Substrate/Glints2/dict_0002_0108" 9815
"/Engine/EngineMaterials/Substrate/Glints2/dict_0002_0109" 9816
"/Engine/EngineMaterials/Substrate/Glints2/dict_0002_0110" 9817
"/Engine/EngineMaterials/Substrate/Glints2/dict_0002_0111" 9818
"/Engine/EngineMaterials/Substrate/Glints2/dict_0002_0112" 9819
"/Engine/EngineMaterials/Substrate/Glints2/dict_0002_0113" 9820
"/Engine/EngineMaterials/Substrate/Glints2/dict_0002_0114" 9821
"/Engine/EngineMaterials/Substrate/Glints2/dict_0002_0115" 9822
"/Engine/EngineMaterials/Substrate/Glints2/dict_0002_0116" 9823
"/Engine/EngineMaterials/Substrate/Glints2/dict_0002_0117" 9824
"/Engine/EngineMaterials/Substrate/Glints2/dict_0002_0118" 9825
"/Engine/EngineMaterials/Substrate/Glints2/dict_0002_0101" 9826
"../../../Engine/Content/EngineMaterials/Substrate/Glints2/dict_0002_0085.uasset" 9827
"../../../Engine/Content/EngineMaterials/Substrate/Glints2/dict_0002_0086.uasset" 9828
"../../../Engine/Content/EngineMaterials/Substrate/Glints2/dict_0002_0083.uasset" 9829
"../../../Engine/Content/EngineMaterials/Substrate/Glints2/dict_0002_0084.uasset" 9830
"../../../Engine/Content/EngineMaterials/Substrate/Glints2/dict_0002_0082.uasset" 9831
"/Engine/EngineMaterials/Substrate/Glints2/dict_0002_0087" 9832
"../../../Engine/Content/EngineMaterials/Substrate/Glints2/dict_0002_0081.uasset" 9833
"../../../Engine/Content/EngineMaterials/Substrate/Glints2/dict_0002_0080.uasset" 9834
"../../../Engine/Content/EngineMaterials/Substrate/Glints2/dict_0002_0078.uasset" 9835
"../../../Engine/Content/EngineMaterials/Substrate/Glints2/dict_0002_0075.uasset" 9836
"../../../Engine/Content/EngineMaterials/Substrate/Glints2/dict_0002_0074.uasset" 9837
"../../../Engine/Content/EngineMaterials/Substrate/Glints2/dict_0002_0071.uasset" 9838
"../../../Engine/Content/EngineMaterials/Substrate/Glints2/dict_0002_0079.uasset" 9839
"../../../Engine/Content/EngineMaterials/Substrate/Glints2/dict_0002_0069.uasset" 9840
"../../../Engine/Content/EngineMaterials/Substrate/Glints2/dict_0002_0077.uasset" 9841
"../../../Engine/Content/EngineMaterials/Substrate/Glints2/dict_0002_0072.uasset" 9842
"../../../Engine/Content/EngineMaterials/Substrate/Glints2/dict_0002_0076.uasset" 9843
"../../../Engine/Content/EngineMaterials/Substrate/Glints2/dict_0002_0073.uasset" 9844
"../../../Engine/Content/EngineMaterials/Substrate/Glints2/dict_0002_0070.uasset" 9845
"/Engine/EngineMaterials/Substrate/Glints2/dict_0002_0088" 9846
"/Engine/EngineMaterials/Substrate/Glints2/dict_0002_0089" 9847
"/Engine/EngineMaterials/Substrate/Glints2/dict_0002_0090" 9848
"/Engine/EngineMaterials/Substrate/Glints2/dict_0002_0091" 9849
"/Engine/EngineMaterials/Substrate/Glints2/dict_0002_0092" 9850
"/Engine/EngineMaterials/Substrate/Glints2/dict_0002_0093" 9851
"/Engine/EngineMaterials/Substrate/Glints2/dict_0002_0094" 9852
"/Engine/EngineMaterials/Substrate/Glints2/dict_0002_0095" 9853
"/Engine/EngineMaterials/Substrate/Glints2/dict_0002_0096" 9854
"/Engine/EngineMaterials/Substrate/Glints2/dict_0002_0097" 9855
"/Engine/EngineMaterials/Substrate/Glints2/dict_0002_0098" 9856
"/Engine/EngineMaterials/Substrate/Glints2/dict_0002_0099" 9857
"/Engine/EngineMaterials/Substrate/Glints2/dict_0002_0100" 9858
"/Engine/EngineMaterials/Substrate/Glints2/dict_0002_0085" 9859
"/Engine/EngineMaterials/Substrate/Glints2/dict_0002_0086" 9860
"../../../Engine/Content/EngineMaterials/Substrate/Glints2/dict_0002_0068.uasset" 9861
"../../../Engine/Content/EngineMaterials/Substrate/Glints2/dict_0002_0067.uasset" 9862
"../../../Engine/Content/EngineMaterials/Substrate/Glints2/dict_0002_0066.uasset" 9863
"../../../Engine/Content/EngineMaterials/Substrate/Glints2/dict_0002_0064.uasset" 9864
"../../../Engine/Content/EngineMaterials/Substrate/Glints2/dict_0002_0063.uasset" 9865
"../../../Engine/Content/EngineMaterials/Substrate/Glints2/dict_0002_0062.uasset" 9866
"../../../Engine/Content/EngineMaterials/Substrate/Glints2/dict_0002_0061.uasset" 9867
"../../../Engine/Content/EngineMaterials/Substrate/Glints2/dict_0002_0065.uasset" 9868
"../../../Engine/Content/EngineMaterials/Substrate/Glints2/dict_0002_0058.uasset" 9869
"../../../Engine/Content/EngineMaterials/Substrate/Glints2/dict_0002_0060.uasset" 9870
"../../../Engine/Content/EngineMaterials/Substrate/Glints2/dict_0002_0059.uasset" 9871
"../../../Engine/Content/EngineMaterials/Substrate/Glints2/dict_0002_0055.uasset" 9872
"../../../Engine/Content/EngineMaterials/Substrate/Glints2/dict_0002_0054.uasset" 9873
"/Engine/EngineMaterials/Substrate/Glints2/dict_0002_0069" 9874
"../../../Engine/Content/EngineMaterials/Substrate/Glints2/dict_0002_0053.uasset" 9875
"../../../Engine/Content/EngineMaterials/Substrate/Glints2/dict_0002_0056.uasset" 9876
"../../../Engine/Content/EngineMaterials/Substrate/Glints2/dict_0002_0057.uasset" 9877
"/Engine/EngineMaterials/Substrate/Glints2/dict_0002_0070" 9878
"/Engine/EngineMaterials/Substrate/Glints2/dict_0002_0071" 9879
"/Engine/EngineMaterials/Substrate/Glints2/dict_0002_0072" 9880
"/Engine/EngineMaterials/Substrate/Glints2/dict_0002_0073" 9881
"/Engine/EngineMaterials/Substrate/Glints2/dict_0002_0074" 9882
"/Engine/EngineMaterials/Substrate/Glints2/dict_0002_0075" 9883
"/Engine/EngineMaterials/Substrate/Glints2/dict_0002_0076" 9884
"/Engine/EngineMaterials/Substrate/Glints2/dict_0002_0077" 9885
"/Engine/EngineMaterials/Substrate/Glints2/dict_0002_0078" 9886
"/Engine/EngineMaterials/Substrate/Glints2/dict_0002_0079" 9887
"/Engine/EngineMaterials/Substrate/Glints2/dict_0002_0080" 9888
"/Engine/EngineMaterials/Substrate/Glints2/dict_0002_0081" 9889
"/Engine/EngineMaterials/Substrate/Glints2/dict_0002_0082" 9890
"/Engine/EngineMaterials/Substrate/Glints2/dict_0002_0083" 9891
"/Engine/EngineMaterials/Substrate/Glints2/dict_0002_0084" 9892
"/Engine/EngineMaterials/Substrate/Glints2/dict_0002_0066" 9893
"/Engine/EngineMaterials/Substrate/Glints2/dict_0002_0067" 9894
"/Engine/EngineMaterials/Substrate/Glints2/dict_0002_0068" 9895
"../../../Engine/Content/EngineMaterials/Substrate/Glints2/dict_0002_0052.uasset" 9896
"../../../Engine/Content/EngineMaterials/Substrate/Glints2/dict_0002_0049.uasset" 9897
"../../../Engine/Content/EngineMaterials/Substrate/Glints2/dict_0002_0048.uasset" 9898
"../../../Engine/Content/EngineMaterials/Substrate/Glints2/dict_0002_0046.uasset" 9899
"../../../Engine/Content/EngineMaterials/Substrate/Glints2/dict_0002_0050.uasset" 9900
"../../../Engine/Content/EngineMaterials/Substrate/Glints2/dict_0002_0045.uasset" 9901
"../../../Engine/Content/EngineMaterials/Substrate/Glints2/dict_0002_0044.uasset" 9902
"../../../Engine/Content/EngineMaterials/Substrate/Glints2/dict_0002_0051.uasset" 9903
"/Engine/EngineMaterials/Substrate/Glints2/dict_0002_0053" 9904
"../../../Engine/Content/EngineMaterials/Substrate/Glints2/dict_0002_0041.uasset" 9905
"../../../Engine/Content/EngineMaterials/Substrate/Glints2/dict_0002_0040.uasset" 9906
"../../../Engine/Content/EngineMaterials/Substrate/Glints2/dict_0002_0039.uasset" 9907
"../../../Engine/Content/EngineMaterials/Substrate/Glints2/dict_0002_0038.uasset" 9908
"../../../Engine/Content/EngineMaterials/Substrate/Glints2/dict_0002_0037.uasset" 9909
"../../../Engine/Content/EngineMaterials/Substrate/Glints2/dict_0002_0043.uasset" 9910
"../../../Engine/Content/EngineMaterials/Substrate/Glints2/dict_0002_0035.uasset" 9911
"../../../Engine/Content/EngineMaterials/Substrate/Glints2/dict_0002_0036.uasset" 9912
"../../../Engine/Content/EngineMaterials/Substrate/Glints2/dict_0002_0034.uasset" 9913
"../../../Engine/Content/EngineMaterials/Substrate/Glints2/dict_0002_0047.uasset" 9914
"../../../Engine/Content/EngineMaterials/Substrate/Glints2/dict_0002_0042.uasset" 9915
"/Engine/EngineMaterials/Substrate/Glints2/dict_0002_0054" 9916
"/Engine/EngineMaterials/Substrate/Glints2/dict_0002_0055" 9917
"/Engine/EngineMaterials/Substrate/Glints2/dict_0002_0056" 9918
"/Engine/EngineMaterials/Substrate/Glints2/dict_0002_0057" 9919
"/Engine/EngineMaterials/Substrate/Glints2/dict_0002_0058" 9920
"/Engine/EngineMaterials/Substrate/Glints2/dict_0002_0059" 9921
"/Engine/EngineMaterials/Substrate/Glints2/dict_0002_0060" 9922
"/Engine/EngineMaterials/Substrate/Glints2/dict_0002_0061" 9923
"/Engine/EngineMaterials/Substrate/Glints2/dict_0002_0062" 9924
"/Engine/EngineMaterials/Substrate/Glints2/dict_0002_0063" 9925
"/Engine/EngineMaterials/Substrate/Glints2/dict_0002_0064" 9926
"/Engine/EngineMaterials/Substrate/Glints2/dict_0002_0065" 9927
"/Engine/EngineMaterials/Substrate/Glints2/dict_0002_0048" 9928
"/Engine/EngineMaterials/Substrate/Glints2/dict_0002_0049" 9929
"/Engine/EngineMaterials/Substrate/Glints2/dict_0002_0052" 9930
"../../../Engine/Content/EngineMaterials/Substrate/Glints2/dict_0002_0032.uasset" 9931
"../../../Engine/Content/EngineMaterials/Substrate/Glints2/dict_0002_0033.uasset" 9932
"../../../Engine/Content/EngineMaterials/Substrate/Glints2/dict_0002_0031.uasset" 9933
"/Engine/EngineMaterials/Substrate/Glints2/dict_0002_0034" 9934
"../../../Engine/Content/EngineMaterials/Substrate/Glints2/dict_0002_0030.uasset" 9935
"../../../Engine/Content/EngineMaterials/Substrate/Glints2/dict_0002_0029.uasset" 9936
"../../../Engine/Content/EngineMaterials/Substrate/Glints2/dict_0002_0028.uasset" 9937
"../../../Engine/Content/EngineMaterials/Substrate/Glints2/dict_0002_0027.uasset" 9938
"../../../Engine/Content/EngineMaterials/Substrate/Glints2/dict_0002_0024.uasset" 9939
"../../../Engine/Content/EngineMaterials/Substrate/Glints2/dict_0002_0023.uasset" 9940
"../../../Engine/Content/EngineMaterials/Substrate/Glints2/dict_0002_0021.uasset" 9941
"../../../Engine/Content/EngineMaterials/Substrate/Glints2/dict_0002_0022.uasset" 9942
"../../../Engine/Content/EngineMaterials/Substrate/Glints2/dict_0002_0026.uasset" 9943
"../../../Engine/Content/EngineMaterials/Substrate/Glints2/dict_0002_0019.uasset" 9944
"../../../Engine/Content/EngineMaterials/Substrate/Glints2/dict_0002_0025.uasset" 9945
"../../../Engine/Content/EngineMaterials/Substrate/Glints2/dict_0002_0020.uasset" 9946
"../../../Engine/Content/EngineMaterials/Substrate/Glints2/dict_0002_0018.uasset" 9947
"/Engine/EngineMaterials/Substrate/Glints2/dict_0002_0035" 9948
"/Engine/EngineMaterials/Substrate/Glints2/dict_0002_0036" 9949
"/Engine/EngineMaterials/Substrate/Glints2/dict_0002_0037" 9950
"/Engine/EngineMaterials/Substrate/Glints2/dict_0002_0038" 9951
"/Engine/EngineMaterials/Substrate/Glints2/dict_0002_0039" 9952
"/Engine/EngineMaterials/Substrate/Glints2/dict_0002_0040" 9953
"/Engine/EngineMaterials/Substrate/Glints2/dict_0002_0041" 9954
"/Engine/EngineMaterials/Substrate/Glints2/dict_0002_0042" 9955
"/Engine/EngineMaterials/Substrate/Glints2/dict_0002_0043" 9956
"/Engine/EngineMaterials/Substrate/Glints2/dict_0002_0044" 9957
"/Engine/EngineMaterials/Substrate/Glints2/dict_0002_0045" 9958
"/Engine/EngineMaterials/Substrate/Glints2/dict_0002_0046" 9959
"/Engine/EngineMaterials/Substrate/Glints2/dict_0002_0047" 9960
"/Engine/EngineMaterials/Substrate/Glints2/dict_0002_0032" 9961
"/Engine/EngineMaterials/Substrate/Glints2/dict_0002_0050" 9962
"/Engine/EngineMaterials/Substrate/Glints2/dict_0002_0051" 9963
"../../../Engine/Content/EngineMaterials/Substrate/Glints2/dict_0002_0017.uasset" 9964
"../../../Engine/Content/EngineMaterials/Substrate/Glints2/dict_0002_0016.uasset" 9965
"../../../Engine/Content/EngineMaterials/Substrate/Glints2/dict_0002_0014.uasset" 9966
"../../../Engine/Content/EngineMaterials/Substrate/Glints2/dict_0002_0015.uasset" 9967
"../../../Engine/Content/EngineMaterials/Substrate/Glints2/dict_0002_0013.uasset" 9968
"../../../Engine/Content/EngineMaterials/Substrate/Glints2/dict_0002_0012.uasset" 9969
"/Engine/EngineMaterials/Substrate/Glints2/dict_0002_0018" 9970
"../../../Engine/Content/EngineMaterials/Substrate/Glints2/dict_0002_0010.uasset" 9971
"../../../Engine/Content/EngineMaterials/Substrate/Glints2/dict_0002_0008.uasset" 9972
"../../../Engine/Content/EngineMaterials/Substrate/Glints2/dict_0002_0007.uasset" 9973
"../../../Engine/Content/EngineMaterials/Substrate/Glints2/dict_0002_0005.uasset" 9974
"../../../Engine/Content/EngineMaterials/Substrate/Glints2/dict_0002_0004.uasset" 9975
"../../../Engine/Content/EngineMaterials/Substrate/Glints2/dict_0002_0003.uasset" 9976
"../../../Engine/Content/EngineMaterials/Substrate/Glints2/dict_0002_0006.uasset" 9977
"../../../Engine/Content/EngineMaterials/Substrate/Glints2/dict_0002_0001.uasset" 9978
"../../../Engine/Content/EngineMaterials/Substrate/Glints2/dict_0002_0009.uasset" 9979
"../../../Engine/Content/EngineMaterials/Substrate/Glints2/dict_0002_0002.uasset" 9980
"../../../Engine/Content/EngineMaterials/Substrate/Glints2/dict_0002_0011.uasset" 9981
"/Engine/EngineMaterials/Substrate/Glints2/dict_0002_0019" 9982
"/Engine/EngineMaterials/Substrate/Glints2/dict_0002_0020" 9983
"/Engine/EngineMaterials/Substrate/Glints2/dict_0002_0021" 9984
"/Engine/EngineMaterials/Substrate/Glints2/dict_0002_0022" 9985
"/Engine/EngineMaterials/Substrate/Glints2/dict_0002_0023" 9986
"/Engine/EngineMaterials/Substrate/Glints2/dict_0002_0024" 9987
"/Engine/EngineMaterials/Substrate/Glints2/dict_0002_0025" 9988
"/Engine/EngineMaterials/Substrate/Glints2/dict_0002_0026" 9989
"/Engine/EngineMaterials/Substrate/Glints2/dict_0002_0027" 9990
"/Engine/EngineMaterials/Substrate/Glints2/dict_0002_0028" 9991
"/Engine/EngineMaterials/Substrate/Glints2/dict_0002_0029" 9992
"/Engine/EngineMaterials/Substrate/Glints2/dict_0002_0030" 9993
"/Engine/EngineMaterials/Substrate/Glints2/dict_0002_0031" 9994
"/Engine/EngineMaterials/Substrate/Glints2/dict_0002_0016" 9995
"/Engine/EngineMaterials/Substrate/Glints2/dict_0002_0017" 9996
"/Engine/EngineMaterials/Substrate/Glints2/dict_0002_0033" 9997
"../../../Engine/Content/EngineMaterials/Substrate/Glints2/dict_0002_0000.uasset" 9998
"../../../Engine/Content/EngineMaterials/Substrate/Glints2/dict_0001_0255.uasset" 9999
"../../../Engine/Content/EngineMaterials/Substrate/Glints2/dict_0001_0254.uasset" 10000
"../../../Engine/Content/EngineMaterials/Substrate/Glints2/dict_0001_0253.uasset" 10001
"/Engine/EngineMaterials/Substrate/Glints2/dict_0002_0001" 10002
"../../../Engine/Content/EngineMaterials/Substrate/Glints2/dict_0001_0250.uasset" 10003
"../../../Engine/Content/EngineMaterials/Substrate/Glints2/dict_0001_0248.uasset" 10004
"../../../Engine/Content/EngineMaterials/Substrate/Glints2/dict_0001_0252.uasset" 10005
"../../../Engine/Content/EngineMaterials/Substrate/Glints2/dict_0001_0247.uasset" 10006
"../../../Engine/Content/EngineMaterials/Substrate/Glints2/dict_0001_0246.uasset" 10007
"../../../Engine/Content/EngineMaterials/Substrate/Glints2/dict_0001_0245.uasset" 10008
"../../../Engine/Content/EngineMaterials/Substrate/Glints2/dict_0001_0242.uasset" 10009
"../../../Engine/Content/EngineMaterials/Substrate/Glints2/dict_0001_0243.uasset" 10010
"../../../Engine/Content/EngineMaterials/Substrate/Glints2/dict_0001_0249.uasset" 10011
"../../../Engine/Content/EngineMaterials/Substrate/Glints2/dict_0001_0241.uasset" 10012
"../../../Engine/Content/EngineMaterials/Substrate/Glints2/dict_0001_0244.uasset" 10013
"../../../Engine/Content/EngineMaterials/Substrate/Glints2/dict_0001_0240.uasset" 10014
"../../../Engine/Content/EngineMaterials/Substrate/Glints2/dict_0001_0251.uasset" 10015
"/Engine/EngineMaterials/Substrate/Glints2/dict_0002_0002" 10016
"/Engine/EngineMaterials/Substrate/Glints2/dict_0002_0003" 10017
"/Engine/EngineMaterials/Substrate/Glints2/dict_0002_0004" 10018
"/Engine/EngineMaterials/Substrate/Glints2/dict_0002_0005" 10019
"/Engine/EngineMaterials/Substrate/Glints2/dict_0002_0006" 10020
"/Engine/EngineMaterials/Substrate/Glints2/dict_0002_0007" 10021
"/Engine/EngineMaterials/Substrate/Glints2/dict_0002_0008" 10022
"/Engine/EngineMaterials/Substrate/Glints2/dict_0002_0009" 10023
"/Engine/EngineMaterials/Substrate/Glints2/dict_0002_0010" 10024
"/Engine/EngineMaterials/Substrate/Glints2/dict_0002_0011" 10025
"/Engine/EngineMaterials/Substrate/Glints2/dict_0002_0012" 10026
"/Engine/EngineMaterials/Substrate/Glints2/dict_0002_0013" 10027
"/Engine/EngineMaterials/Substrate/Glints2/dict_0002_0014" 10028
"/Engine/EngineMaterials/Substrate/Glints2/dict_0002_0015" 10029
"/Engine/EngineMaterials/Substrate/Glints2/dict_0001_0255" 10030
"/Engine/EngineMaterials/Substrate/Glints2/dict_0002_0000" 10031
"../../../Engine/Content/EngineMaterials/Substrate/Glints2/dict_0001_0239.uasset" 10032
"../../../Engine/Content/EngineMaterials/Substrate/Glints2/dict_0001_0238.uasset" 10033
"../../../Engine/Content/EngineMaterials/Substrate/Glints2/dict_0001_0237.uasset" 10034
"../../../Engine/Content/EngineMaterials/Substrate/Glints2/dict_0001_0235.uasset" 10035
"/Engine/EngineMaterials/Substrate/Glints2/dict_0001_0240" 10036
"../../../Engine/Content/EngineMaterials/Substrate/Glints2/dict_0001_0234.uasset" 10037
"../../../Engine/Content/EngineMaterials/Substrate/Glints2/dict_0001_0233.uasset" 10038
"../../../Engine/Content/EngineMaterials/Substrate/Glints2/dict_0001_0232.uasset" 10039
"../../../Engine/Content/EngineMaterials/Substrate/Glints2/dict_0001_0230.uasset" 10040
"../../../Engine/Content/EngineMaterials/Substrate/Glints2/dict_0001_0229.uasset" 10041
"../../../Engine/Content/EngineMaterials/Substrate/Glints2/dict_0001_0228.uasset" 10042
"../../../Engine/Content/EngineMaterials/Substrate/Glints2/dict_0001_0227.uasset" 10043
"../../../Engine/Content/EngineMaterials/Substrate/Glints2/dict_0001_0225.uasset" 10044
"../../../Engine/Content/EngineMaterials/Substrate/Glints2/dict_0001_0236.uasset" 10045
"../../../Engine/Content/EngineMaterials/Substrate/Glints2/dict_0001_0231.uasset" 10046
"/Engine/EngineMaterials/Substrate/Glints2/dict_0001_0241" 10047
"../../../Engine/Content/EngineMaterials/Substrate/Glints2/dict_0001_0226.uasset" 10048
"../../../Engine/Content/EngineMaterials/Substrate/Glints2/dict_0001_0224.uasset" 10049
"../../../Engine/Content/EngineMaterials/Substrate/Glints2/dict_0001_0223.uasset" 10050
"/Engine/EngineMaterials/Substrate/Glints2/dict_0001_0242" 10051
"/Engine/EngineMaterials/Substrate/Glints2/dict_0001_0243" 10052
"/Engine/EngineMaterials/Substrate/Glints2/dict_0001_0244" 10053
"/Engine/EngineMaterials/Substrate/Glints2/dict_0001_0245" 10054
"/Engine/EngineMaterials/Substrate/Glints2/dict_0001_0246" 10055
"/Engine/EngineMaterials/Substrate/Glints2/dict_0001_0247" 10056
"/Engine/EngineMaterials/Substrate/Glints2/dict_0001_0248" 10057
"/Engine/EngineMaterials/Substrate/Glints2/dict_0001_0249" 10058
"/Engine/EngineMaterials/Substrate/Glints2/dict_0001_0250" 10059
"/Engine/EngineMaterials/Substrate/Glints2/dict_0001_0251" 10060
"/Engine/EngineMaterials/Substrate/Glints2/dict_0001_0252" 10061
"/Engine/EngineMaterials/Substrate/Glints2/dict_0001_0253" 10062
"/Engine/EngineMaterials/Substrate/Glints2/dict_0001_0254" 10063
"/Engine/EngineMaterials/Substrate/Glints2/dict_0001_0239" 10064
"../../../Engine/Content/EngineMaterials/Substrate/Glints2/dict_0001_0222.uasset" 10065
"../../../Engine/Content/EngineMaterials/Substrate/Glints2/dict_0001_0220.uasset" 10066
"../../../Engine/Content/EngineMaterials/Substrate/Glints2/dict_0001_0217.uasset" 10067
"../../../Engine/Content/EngineMaterials/Substrate/Glints2/dict_0001_0216.uasset" 10068
"../../../Engine/Content/EngineMaterials/Substrate/Glints2/dict_0001_0218.uasset" 10069
"../../../Engine/Content/EngineMaterials/Substrate/Glints2/dict_0001_0221.uasset" 10070
"../../../Engine/Content/EngineMaterials/Substrate/Glints2/dict_0001_0215.uasset" 10071
"/Engine/EngineMaterials/Substrate/Glints2/dict_0001_0223" 10072
"../../../Engine/Content/EngineMaterials/Substrate/Glints2/dict_0001_0219.uasset" 10073
"../../../Engine/Content/EngineMaterials/Substrate/Glints2/dict_0001_0214.uasset" 10074
"../../../Engine/Content/EngineMaterials/Substrate/Glints2/dict_0001_0213.uasset" 10075
"../../../Engine/Content/EngineMaterials/Substrate/Glints2/dict_0001_0212.uasset" 10076
"../../../Engine/Content/EngineMaterials/Substrate/Glints2/dict_0001_0211.uasset" 10077
"../../../Engine/Content/EngineMaterials/Substrate/Glints2/dict_0001_0210.uasset" 10078
"../../../Engine/Content/EngineMaterials/Substrate/Glints2/dict_0001_0209.uasset" 10079
"../../../Engine/Content/EngineMaterials/Substrate/Glints2/dict_0001_0208.uasset" 10080
"../../../Engine/Content/EngineMaterials/Substrate/Glints2/dict_0001_0207.uasset" 10081
"/Engine/EngineMaterials/Substrate/Glints2/dict_0001_0224" 10082
"/Engine/EngineMaterials/Substrate/Glints2/dict_0001_0225" 10083
"/Engine/EngineMaterials/Substrate/Glints2/dict_0001_0226" 10084
"/Engine/EngineMaterials/Substrate/Glints2/dict_0001_0227" 10085
"/Engine/EngineMaterials/Substrate/Glints2/dict_0001_0228" 10086
"/Engine/EngineMaterials/Substrate/Glints2/dict_0001_0229" 10087
"/Engine/EngineMaterials/Substrate/Glints2/dict_0001_0230" 10088
"/Engine/EngineMaterials/Substrate/Glints2/dict_0001_0231" 10089
"/Engine/EngineMaterials/Substrate/Glints2/dict_0001_0232" 10090
"/Engine/EngineMaterials/Substrate/Glints2/dict_0001_0233" 10091
"/Engine/EngineMaterials/Substrate/Glints2/dict_0001_0234" 10092
"/Engine/EngineMaterials/Substrate/Glints2/dict_0001_0235" 10093
"/Engine/EngineMaterials/Substrate/Glints2/dict_0001_0236" 10094
"/Engine/EngineMaterials/Substrate/Glints2/dict_0001_0220" 10095
"/Engine/EngineMaterials/Substrate/Glints2/dict_0001_0237" 10096
"/Engine/EngineMaterials/Substrate/Glints2/dict_0001_0238" 10097
"/Engine/EngineMaterials/Substrate/Glints2/dict_0001_0222" 10098
"../../../Engine/Content/EngineMaterials/Substrate/Glints2/dict_0001_0206.uasset" 10099
"../../../Engine/Content/EngineMaterials/Substrate/Glints2/dict_0001_0203.uasset" 10100
"../../../Engine/Content/EngineMaterials/Substrate/Glints2/dict_0001_0205.uasset" 10101
"../../../Engine/Content/EngineMaterials/Substrate/Glints2/dict_0001_0204.uasset" 10102
"../../../Engine/Content/EngineMaterials/Substrate/Glints2/dict_0001_0202.uasset" 10103
"/Engine/EngineMaterials/Substrate/Glints2/dict_0001_0207" 10104
"../../../Engine/Content/EngineMaterials/Substrate/Glints2/dict_0001_0200.uasset" 10105
"../../../Engine/Content/EngineMaterials/Substrate/Glints2/dict_0001_0201.uasset" 10106
"../../../Engine/Content/EngineMaterials/Substrate/Glints2/dict_0001_0199.uasset" 10107
"../../../Engine/Content/EngineMaterials/Substrate/Glints2/dict_0001_0196.uasset" 10108
"../../../Engine/Content/EngineMaterials/Substrate/Glints2/dict_0001_0195.uasset" 10109
"../../../Engine/Content/EngineMaterials/Substrate/Glints2/dict_0001_0194.uasset" 10110
"../../../Engine/Content/EngineMaterials/Substrate/Glints2/dict_0001_0193.uasset" 10111
"../../../Engine/Content/EngineMaterials/Substrate/Glints2/dict_0001_0192.uasset" 10112
"../../../Engine/Content/EngineMaterials/Substrate/Glints2/dict_0001_0197.uasset" 10113
"../../../Engine/Content/EngineMaterials/Substrate/Glints2/dict_0001_0190.uasset" 10114
"../../../Engine/Content/EngineMaterials/Substrate/Glints2/dict_0001_0198.uasset" 10115
"../../../Engine/Content/EngineMaterials/Substrate/Glints2/dict_0001_0191.uasset" 10116
"../../../Engine/Content/EngineMaterials/Substrate/Glints2/dict_0001_0189.uasset" 10117
"/Engine/EngineMaterials/Substrate/Glints2/dict_0001_0208" 10118
"/Engine/EngineMaterials/Substrate/Glints2/dict_0001_0209" 10119
"/Engine/EngineMaterials/Substrate/Glints2/dict_0001_0210" 10120
"/Engine/EngineMaterials/Substrate/Glints2/dict_0001_0211" 10121
"/Engine/EngineMaterials/Substrate/Glints2/dict_0001_0212" 10122
"/Engine/EngineMaterials/Substrate/Glints2/dict_0001_0213" 10123
"/Engine/EngineMaterials/Substrate/Glints2/dict_0001_0214" 10124
"/Engine/EngineMaterials/Substrate/Glints2/dict_0001_0215" 10125
"/Engine/EngineMaterials/Substrate/Glints2/dict_0001_0216" 10126
"/Engine/EngineMaterials/Substrate/Glints2/dict_0001_0217" 10127
"/Engine/EngineMaterials/Substrate/Glints2/dict_0001_0218" 10128
"/Engine/EngineMaterials/Substrate/Glints2/dict_0001_0219" 10129
"/Engine/EngineMaterials/Substrate/Glints2/dict_0001_0221" 10130
"/Engine/EngineMaterials/Substrate/Glints2/dict_0001_0206" 10131
"../../../Engine/Content/EngineMaterials/Substrate/Glints2/dict_0001_0188.uasset" 10132
"../../../Engine/Content/EngineMaterials/Substrate/Glints2/dict_0001_0186.uasset" 10133
"../../../Engine/Content/EngineMaterials/Substrate/Glints2/dict_0001_0185.uasset" 10134
"../../../Engine/Content/EngineMaterials/Substrate/Glints2/dict_0001_0187.uasset" 10135
"../../../Engine/Content/EngineMaterials/Substrate/Glints2/dict_0001_0184.uasset" 10136
"../../../Engine/Content/EngineMaterials/Substrate/Glints2/dict_0001_0183.uasset" 10137
"../../../Engine/Content/EngineMaterials/Substrate/Glints2/dict_0001_0182.uasset" 10138
"../../../Engine/Content/EngineMaterials/Substrate/Glints2/dict_0001_0181.uasset" 10139
"../../../Engine/Content/EngineMaterials/Substrate/Glints2/dict_0001_0180.uasset" 10140
"../../../Engine/Content/EngineMaterials/Substrate/Glints2/dict_0001_0178.uasset" 10141
"../../../Engine/Content/EngineMaterials/Substrate/Glints2/dict_0001_0179.uasset" 10142
"../../../Engine/Content/EngineMaterials/Substrate/Glints2/dict_0001_0177.uasset" 10143
"../../../Engine/Content/EngineMaterials/Substrate/Glints2/dict_0001_0176.uasset" 10144
"../../../Engine/Content/EngineMaterials/Substrate/Glints2/dict_0001_0175.uasset" 10145
"/Engine/EngineMaterials/Substrate/Glints2/dict_0001_0189" 10146
"../../../Engine/Content/EngineMaterials/Substrate/Glints2/dict_0001_0174.uasset" 10147
"/Engine/EngineMaterials/Substrate/Glints2/dict_0001_0190" 10148
"/Engine/EngineMaterials/Substrate/Glints2/dict_0001_0191" 10149
"/Engine/EngineMaterials/Substrate/Glints2/dict_0001_0178" 10150
"/Engine/EngineMaterials/Substrate/Glints2/dict_0001_0180" 10151
"/Engine/EngineMaterials/Substrate/Glints2/dict_0001_0181" 10152
"/Engine/EngineMaterials/Substrate/Glints2/dict_0001_0182" 10153
"/Engine/EngineMaterials/Substrate/Glints2/dict_0001_0183" 10154
"/Engine/EngineMaterials/Substrate/Glints2/dict_0001_0184" 10155
"/Engine/EngineMaterials/Substrate/Glints2/dict_0001_0185" 10156
"/Engine/EngineMaterials/Substrate/Glints2/dict_0001_0192" 10157
"/Engine/EngineMaterials/Substrate/Glints2/dict_0001_0186" 10158
"/Engine/EngineMaterials/Substrate/Glints2/dict_0001_0193" 10159
"/Engine/EngineMaterials/Substrate/Glints2/dict_0001_0194" 10160
"/Engine/EngineMaterials/Substrate/Glints2/dict_0001_0195" 10161
"/Engine/EngineMaterials/Substrate/Glints2/dict_0001_0196" 10162
"/Engine/EngineMaterials/Substrate/Glints2/dict_0001_0197" 10163
"/Engine/EngineMaterials/Substrate/Glints2/dict_0001_0198" 10164
"/Engine/EngineMaterials/Substrate/Glints2/dict_0001_0199" 10165
"/Engine/EngineMaterials/Substrate/Glints2/dict_0001_0200" 10166
"/Engine/EngineMaterials/Substrate/Glints2/dict_0001_0201" 10167
"/Engine/EngineMaterials/Substrate/Glints2/dict_0001_0202" 10168
"/Engine/EngineMaterials/Substrate/Glints2/dict_0001_0203" 10169
"/Engine/EngineMaterials/Substrate/Glints2/dict_0001_0204" 10170
"/Engine/EngineMaterials/Substrate/Glints2/dict_0001_0187" 10171
"/Engine/EngineMaterials/Substrate/Glints2/dict_0001_0205" 10172
"/Engine/EngineMaterials/Substrate/Glints2/dict_0001_0188" 10173
"../../../Engine/Content/EngineMaterials/Substrate/Glints2/dict_0001_0172.uasset" 10174
"../../../Engine/Content/EngineMaterials/Substrate/Glints2/dict_0001_0173.uasset" 10175
"../../../Engine/Content/EngineMaterials/Substrate/Glints2/dict_0001_0168.uasset" 10176
"../../../Engine/Content/EngineMaterials/Substrate/Glints2/dict_0001_0167.uasset" 10177
"../../../Engine/Content/EngineMaterials/Substrate/Glints2/dict_0001_0166.uasset" 10178
"../../../Engine/Content/EngineMaterials/Substrate/Glints2/dict_0001_0164.uasset" 10179
"../../../Engine/Content/EngineMaterials/Substrate/Glints2/dict_0001_0165.uasset" 10180
"../../../Engine/Content/EngineMaterials/Substrate/Glints2/dict_0001_0161.uasset" 10181
"../../../Engine/Content/EngineMaterials/Substrate/Glints2/dict_0001_0163.uasset" 10182
"/Engine/EngineMaterials/Substrate/Glints2/dict_0001_0174" 10183
"../../../Engine/Content/EngineMaterials/Substrate/Glints2/dict_0001_0160.uasset" 10184
"../../../Engine/Content/EngineMaterials/Substrate/Glints2/dict_0001_0159.uasset" 10185
"../../../Engine/Content/EngineMaterials/Substrate/Glints2/dict_0001_0158.uasset" 10186
"../../../Engine/Content/EngineMaterials/Substrate/Glints2/dict_0001_0157.uasset" 10187
"../../../Engine/Content/EngineMaterials/Substrate/Glints2/dict_0001_0156.uasset" 10188
"../../../Engine/Content/EngineMaterials/Substrate/Glints2/dict_0001_0155.uasset" 10189
"../../../Engine/Content/EngineMaterials/Substrate/Glints2/dict_0001_0154.uasset" 10190
"../../../Engine/Content/EngineMaterials/Substrate/Glints2/dict_0001_0171.uasset" 10191
"../../../Engine/Content/EngineMaterials/Substrate/Glints2/dict_0001_0152.uasset" 10192
"../../../Engine/Content/EngineMaterials/Substrate/Glints2/dict_0001_0169.uasset" 10193
"../../../Engine/Content/EngineMaterials/Substrate/Glints2/dict_0001_0151.uasset" 10194
"../../../Engine/Content/EngineMaterials/Substrate/Glints2/dict_0001_0162.uasset" 10195
"../../../Engine/Content/EngineMaterials/Substrate/Glints2/dict_0001_0150.uasset" 10196
"../../../Engine/Content/EngineMaterials/Substrate/Glints2/dict_0001_0149.uasset" 10197
"../../../Engine/Content/EngineMaterials/Substrate/Glints2/dict_0001_0170.uasset" 10198
"../../../Engine/Content/EngineMaterials/Substrate/Glints2/dict_0001_0147.uasset" 10199
"../../../Engine/Content/EngineMaterials/Substrate/Glints2/dict_0001_0148.uasset" 10200
"../../../Engine/Content/EngineMaterials/Substrate/Glints2/dict_0001_0153.uasset" 10201
"/Engine/EngineMaterials/Substrate/Glints2/dict_0001_0175" 10202
"/Engine/EngineMaterials/Substrate/Glints2/dict_0001_0176" 10203
"/Engine/EngineMaterials/Substrate/Glints2/dict_0001_0177" 10204
"/Engine/EngineMaterials/Substrate/Glints2/dict_0001_0179" 10205
"/Engine/EngineMaterials/Substrate/Glints2/dict_0001_0166" 10206
"/Engine/EngineMaterials/Substrate/Glints2/dict_0001_0167" 10207
"/Engine/EngineMaterials/Substrate/Glints2/dict_0001_0168" 10208
"/Engine/EngineMaterials/Substrate/Glints2/dict_0001_0172" 10209
"/Engine/EngineMaterials/Substrate/Glints2/dict_0001_0173" 10210
"../../../Engine/Content/EngineMaterials/Substrate/Glints2/dict_0001_0146.uasset" 10211
"../../../Engine/Content/EngineMaterials/Substrate/Glints2/dict_0001_0145.uasset" 10212
"../../../Engine/Content/EngineMaterials/Substrate/Glints2/dict_0001_0143.uasset" 10213
"../../../Engine/Content/EngineMaterials/Substrate/Glints2/dict_0001_0144.uasset" 10214
"../../../Engine/Content/EngineMaterials/Substrate/Glints2/dict_0001_0142.uasset" 10215
"../../../Engine/Content/EngineMaterials/Substrate/Glints2/dict_0001_0140.uasset" 10216
"../../../Engine/Content/EngineMaterials/Substrate/Glints2/dict_0001_0137.uasset" 10217
"../../../Engine/Content/EngineMaterials/Substrate/Glints2/dict_0001_0141.uasset" 10218
"../../../Engine/Content/EngineMaterials/Substrate/Glints2/dict_0001_0139.uasset" 10219
"../../../Engine/Content/EngineMaterials/Substrate/Glints2/dict_0001_0138.uasset" 10220
"/Engine/EngineMaterials/Substrate/Glints2/dict_0001_0147" 10221
"/Engine/EngineMaterials/Substrate/Glints2/dict_0001_0148" 10222
"/Engine/EngineMaterials/Substrate/Glints2/dict_0001_0149" 10223
"/Engine/EngineMaterials/Substrate/Glints2/dict_0001_0150" 10224
"/Engine/EngineMaterials/Substrate/Glints2/dict_0001_0151" 10225
"/Engine/EngineMaterials/Substrate/Glints2/dict_0001_0152" 10226
"/Engine/EngineMaterials/Substrate/Glints2/dict_0001_0153" 10227
"/Engine/EngineMaterials/Substrate/Glints2/dict_0001_0154" 10228
"/Engine/EngineMaterials/Substrate/Glints2/dict_0001_0155" 10229
"/Engine/EngineMaterials/Substrate/Glints2/dict_0001_0156" 10230
"/Engine/EngineMaterials/Substrate/Glints2/dict_0001_0157" 10231
"/Engine/EngineMaterials/Substrate/Glints2/dict_0001_0158" 10232
"/Engine/EngineMaterials/Substrate/Glints2/dict_0001_0159" 10233
"/Engine/EngineMaterials/Substrate/Glints2/dict_0001_0160" 10234
"/Engine/EngineMaterials/Substrate/Glints2/dict_0001_0161" 10235
"/Engine/EngineMaterials/Substrate/Glints2/dict_0001_0162" 10236
"/Engine/EngineMaterials/Substrate/Glints2/dict_0001_0163" 10237
"/Engine/EngineMaterials/Substrate/Glints2/dict_0001_0164" 10238
"/Engine/EngineMaterials/Substrate/Glints2/dict_0001_0165" 10239
"/Engine/EngineMaterials/Substrate/Glints2/dict_0001_0142" 10240
"/Engine/EngineMaterials/Substrate/Glints2/dict_0001_0143" 10241
"/Engine/EngineMaterials/Substrate/Glints2/dict_0001_0144" 10242
"/Engine/EngineMaterials/Substrate/Glints2/dict_0001_0169" 10243
"/Engine/EngineMaterials/Substrate/Glints2/dict_0001_0170" 10244
"/Engine/EngineMaterials/Substrate/Glints2/dict_0001_0171" 10245
"/Engine/EngineMaterials/Substrate/Glints2/dict_0001_0145" 10246
"/Engine/EngineMaterials/Substrate/Glints2/dict_0001_0146" 10247
"../../../Engine/Content/EngineMaterials/Substrate/Glints2/dict_0001_0134.uasset" 10248
"../../../Engine/Content/EngineMaterials/Substrate/Glints2/dict_0001_0136.uasset" 10249
"../../../Engine/Content/EngineMaterials/Substrate/Glints2/dict_0001_0132.uasset" 10250
"../../../Engine/Content/EngineMaterials/Substrate/Glints2/dict_0001_0135.uasset" 10251
"../../../Engine/Content/EngineMaterials/Substrate/Glints2/dict_0001_0129.uasset" 10252
"../../../Engine/Content/EngineMaterials/Substrate/Glints2/dict_0001_0128.uasset" 10253
"../../../Engine/Content/EngineMaterials/Substrate/Glints2/dict_0001_0127.uasset" 10254
"../../../Engine/Content/EngineMaterials/Substrate/Glints2/dict_0001_0133.uasset" 10255
"../../../Engine/Content/EngineMaterials/Substrate/Glints2/dict_0001_0124.uasset" 10256
"../../../Engine/Content/EngineMaterials/Substrate/Glints2/dict_0001_0125.uasset" 10257
"../../../Engine/Content/EngineMaterials/Substrate/Glints2/dict_0001_0123.uasset" 10258
"../../../Engine/Content/EngineMaterials/Substrate/Glints2/dict_0001_0122.uasset" 10259
"../../../Engine/Content/EngineMaterials/Substrate/Glints2/dict_0001_0121.uasset" 10260
"../../../Engine/Content/EngineMaterials/Substrate/Glints2/dict_0001_0120.uasset" 10261
"../../../Engine/Content/EngineMaterials/Substrate/Glints2/dict_0001_0119.uasset" 10262
"../../../Engine/Content/EngineMaterials/Substrate/Glints2/dict_0001_0118.uasset" 10263
"../../../Engine/Content/EngineMaterials/Substrate/Glints2/dict_0001_0117.uasset" 10264
"../../../Engine/Content/EngineMaterials/Substrate/Glints2/dict_0001_0116.uasset" 10265
"../../../Engine/Content/EngineMaterials/Substrate/Glints2/dict_0001_0130.uasset" 10266
"../../../Engine/Content/EngineMaterials/Substrate/Glints2/dict_0001_0114.uasset" 10267
"../../../Engine/Content/EngineMaterials/Substrate/Glints2/dict_0001_0126.uasset" 10268
"../../../Engine/Content/EngineMaterials/Substrate/Glints2/dict_0001_0113.uasset" 10269
"../../../Engine/Content/EngineMaterials/Substrate/Glints2/dict_0001_0115.uasset" 10270
"../../../Engine/Content/EngineMaterials/Substrate/Glints2/dict_0001_0131.uasset" 10271
"../../../Engine/Content/EngineMaterials/Substrate/Glints2/dict_0001_0112.uasset" 10272
"/Engine/EngineMaterials/Substrate/Glints2/dict_0001_0137" 10273
"../../../Engine/Content/EngineMaterials/Substrate/Glints2/dict_0001_0111.uasset" 10274
"../../../Engine/Content/EngineMaterials/Substrate/Glints2/dict_0001_0110.uasset" 10275
"/Engine/EngineMaterials/Substrate/Glints2/dict_0001_0138" 10276
"/Engine/EngineMaterials/Substrate/Glints2/dict_0001_0139" 10277
"/Engine/EngineMaterials/Substrate/Glints2/dict_0001_0140" 10278
"/Engine/EngineMaterials/Substrate/Glints2/dict_0001_0141" 10279
"../../../Engine/Content/EngineMaterials/Substrate/Glints2/dict_0001_0109.uasset" 10280
"../../../Engine/Content/EngineMaterials/Substrate/Glints2/dict_0001_0108.uasset" 10281
"../../../Engine/Content/EngineMaterials/Substrate/Glints2/dict_0001_0107.uasset" 10282
"../../../Engine/Content/EngineMaterials/Substrate/Glints2/dict_0001_0106.uasset" 10283
"/Engine/EngineMaterials/Substrate/Glints2/dict_0001_0110" 10284
"../../../Engine/Content/EngineMaterials/Substrate/Glints2/dict_0001_0105.uasset" 10285
"/Engine/EngineMaterials/Substrate/Glints2/dict_0001_0111" 10286
"/Engine/EngineMaterials/Substrate/Glints2/dict_0001_0112" 10287
"/Engine/EngineMaterials/Substrate/Glints2/dict_0001_0113" 10288
"/Engine/EngineMaterials/Substrate/Glints2/dict_0001_0114" 10289
"/Engine/EngineMaterials/Substrate/Glints2/dict_0001_0115" 10290
"/Engine/EngineMaterials/Substrate/Glints2/dict_0001_0116" 10291
"/Engine/EngineMaterials/Substrate/Glints2/dict_0001_0117" 10292
"/Engine/EngineMaterials/Substrate/Glints2/dict_0001_0118" 10293
"/Engine/EngineMaterials/Substrate/Glints2/dict_0001_0119" 10294
"/Engine/EngineMaterials/Substrate/Glints2/dict_0001_0120" 10295
"/Engine/EngineMaterials/Substrate/Glints2/dict_0001_0121" 10296
"/Engine/EngineMaterials/Substrate/Glints2/dict_0001_0122" 10297
"/Engine/EngineMaterials/Substrate/Glints2/dict_0001_0123" 10298
"/Engine/EngineMaterials/Substrate/Glints2/dict_0001_0124" 10299
"/Engine/EngineMaterials/Substrate/Glints2/dict_0001_0125" 10300
"/Engine/EngineMaterials/Substrate/Glints2/dict_0001_0126" 10301
"/Engine/EngineMaterials/Substrate/Glints2/dict_0001_0127" 10302
"/Engine/EngineMaterials/Substrate/Glints2/dict_0001_0128" 10303
"/Engine/EngineMaterials/Substrate/Glints2/dict_0001_0129" 10304
"/Engine/EngineMaterials/Substrate/Glints2/dict_0001_0130" 10305
"/Engine/EngineMaterials/Substrate/Glints2/dict_0001_0131" 10306
"/Engine/EngineMaterials/Substrate/Glints2/dict_0001_0132" 10307
"/Engine/EngineMaterials/Substrate/Glints2/dict_0001_0133" 10308
"/Engine/EngineMaterials/Substrate/Glints2/dict_0001_0134" 10309
"/Engine/EngineMaterials/Substrate/Glints2/dict_0001_0135" 10310
"/Engine/EngineMaterials/Substrate/Glints2/dict_0001_0136" 10311
"../../../Engine/Content/EngineMaterials/Substrate/Glints2/dict_0001_0103.uasset" 10312
"../../../Engine/Content/EngineMaterials/Substrate/Glints2/dict_0001_0104.uasset" 10313
"../../../Engine/Content/EngineMaterials/Substrate/Glints2/dict_0001_0100.uasset" 10314
"../../../Engine/Content/EngineMaterials/Substrate/Glints2/dict_0001_0099.uasset" 10315
"../../../Engine/Content/EngineMaterials/Substrate/Glints2/dict_0001_0098.uasset" 10316
"../../../Engine/Content/EngineMaterials/Substrate/Glints2/dict_0001_0102.uasset" 10317
"../../../Engine/Content/EngineMaterials/Substrate/Glints2/dict_0001_0096.uasset" 10318
"../../../Engine/Content/EngineMaterials/Substrate/Glints2/dict_0001_0095.uasset" 10319
"../../../Engine/Content/EngineMaterials/Substrate/Glints2/dict_0001_0097.uasset" 10320
"../../../Engine/Content/EngineMaterials/Substrate/Glints2/dict_0001_0093.uasset" 10321
"../../../Engine/Content/EngineMaterials/Substrate/Glints2/dict_0001_0101.uasset" 10322
"../../../Engine/Content/EngineMaterials/Substrate/Glints2/dict_0001_0092.uasset" 10323
"/Engine/EngineMaterials/Substrate/Glints2/dict_0001_0105" 10324
"../../../Engine/Content/EngineMaterials/Substrate/Glints2/dict_0001_0090.uasset" 10325
"../../../Engine/Content/EngineMaterials/Substrate/Glints2/dict_0001_0089.uasset" 10326
"../../../Engine/Content/EngineMaterials/Substrate/Glints2/dict_0001_0088.uasset" 10327
"../../../Engine/Content/EngineMaterials/Substrate/Glints2/dict_0001_0086.uasset" 10328
"../../../Engine/Content/EngineMaterials/Substrate/Glints2/dict_0001_0085.uasset" 10329
"../../../Engine/Content/EngineMaterials/Substrate/Glints2/dict_0001_0087.uasset" 10330
"../../../Engine/Content/EngineMaterials/Substrate/Glints2/dict_0001_0084.uasset" 10331
"../../../Engine/Content/EngineMaterials/Substrate/Glints2/dict_0001_0083.uasset" 10332
"../../../Engine/Content/EngineMaterials/Substrate/Glints2/dict_0001_0081.uasset" 10333
"../../../Engine/Content/EngineMaterials/Substrate/Glints2/dict_0001_0080.uasset" 10334
"../../../Engine/Content/EngineMaterials/Substrate/Glints2/dict_0001_0094.uasset" 10335
"../../../Engine/Content/EngineMaterials/Substrate/Glints2/dict_0001_0079.uasset" 10336
"../../../Engine/Content/EngineMaterials/Substrate/Glints2/dict_0001_0082.uasset" 10337
"../../../Engine/Content/EngineMaterials/Substrate/Glints2/dict_0001_0078.uasset" 10338
"../../../Engine/Content/EngineMaterials/Substrate/Glints2/dict_0001_0091.uasset" 10339
"/Engine/EngineMaterials/Substrate/Glints2/dict_0001_0106" 10340
"/Engine/EngineMaterials/Substrate/Glints2/dict_0001_0107" 10341
"/Engine/EngineMaterials/Substrate/Glints2/dict_0001_0108" 10342
"/Engine/EngineMaterials/Substrate/Glints2/dict_0001_0109" 10343
"/Engine/EngineMaterials/Substrate/Glints2/dict_0001_0103" 10344
"/Engine/EngineMaterials/Substrate/Glints2/dict_0001_0104" 10345
"../../../Engine/Content/EngineMaterials/Substrate/Glints2/dict_0001_0076.uasset" 10346
"../../../Engine/Content/EngineMaterials/Substrate/Glints2/dict_0001_0073.uasset" 10347
"../../../Engine/Content/EngineMaterials/Substrate/Glints2/dict_0001_0077.uasset" 10348
"../../../Engine/Content/EngineMaterials/Substrate/Glints2/dict_0001_0071.uasset" 10349
"../../../Engine/Content/EngineMaterials/Substrate/Glints2/dict_0001_0075.uasset" 10350
"../../../Engine/Content/EngineMaterials/Substrate/Glints2/dict_0001_0072.uasset" 10351
"/Engine/EngineMaterials/Substrate/Glints2/dict_0001_0078" 10352
"../../../Engine/Content/EngineMaterials/Substrate/Glints2/dict_0001_0074.uasset" 10353
"/Engine/EngineMaterials/Substrate/Glints2/dict_0001_0079" 10354
"/Engine/EngineMaterials/Substrate/Glints2/dict_0001_0080" 10355
"/Engine/EngineMaterials/Substrate/Glints2/dict_0001_0081" 10356
"/Engine/EngineMaterials/Substrate/Glints2/dict_0001_0082" 10357
"/Engine/EngineMaterials/Substrate/Glints2/dict_0001_0083" 10358
"/Engine/EngineMaterials/Substrate/Glints2/dict_0001_0084" 10359
"/Engine/EngineMaterials/Substrate/Glints2/dict_0001_0085" 10360
"/Engine/EngineMaterials/Substrate/Glints2/dict_0001_0086" 10361
"/Engine/EngineMaterials/Substrate/Glints2/dict_0001_0087" 10362
"/Engine/EngineMaterials/Substrate/Glints2/dict_0001_0088" 10363
"/Engine/EngineMaterials/Substrate/Glints2/dict_0001_0089" 10364
"/Engine/EngineMaterials/Substrate/Glints2/dict_0001_0090" 10365
"/Engine/EngineMaterials/Substrate/Glints2/dict_0001_0091" 10366
"/Engine/EngineMaterials/Substrate/Glints2/dict_0001_0092" 10367
"/Engine/EngineMaterials/Substrate/Glints2/dict_0001_0093" 10368
"/Engine/EngineMaterials/Substrate/Glints2/dict_0001_0094" 10369
"/Engine/EngineMaterials/Substrate/Glints2/dict_0001_0095" 10370
"/Engine/EngineMaterials/Substrate/Glints2/dict_0001_0096" 10371
"/Engine/EngineMaterials/Substrate/Glints2/dict_0001_0097" 10372
"/Engine/EngineMaterials/Substrate/Glints2/dict_0001_0098" 10373
"/Engine/EngineMaterials/Substrate/Glints2/dict_0001_0099" 10374
"/Engine/EngineMaterials/Substrate/Glints2/dict_0001_0100" 10375
"/Engine/EngineMaterials/Substrate/Glints2/dict_0001_0101" 10376
"/Engine/EngineMaterials/Substrate/Glints2/dict_0001_0102" 10377
"/Engine/EngineMaterials/Substrate/Glints2/dict_0001_0076" 10378
"../../../Engine/Content/EngineMaterials/Substrate/Glints2/dict_0001_0070.uasset" 10379
"../../../Engine/Content/EngineMaterials/Substrate/Glints2/dict_0001_0068.uasset" 10380
"../../../Engine/Content/EngineMaterials/Substrate/Glints2/dict_0001_0069.uasset" 10381
"../../../Engine/Content/EngineMaterials/Substrate/Glints2/dict_0001_0067.uasset" 10382
"../../../Engine/Content/EngineMaterials/Substrate/Glints2/dict_0001_0066.uasset" 10383
"../../../Engine/Content/EngineMaterials/Substrate/Glints2/dict_0001_0065.uasset" 10384
"../../../Engine/Content/EngineMaterials/Substrate/Glints2/dict_0001_0064.uasset" 10385
"/Engine/EngineMaterials/Substrate/Glints2/dict_0001_0071" 10386
"../../../Engine/Content/EngineMaterials/Substrate/Glints2/dict_0001_0062.uasset" 10387
"../../../Engine/Content/EngineMaterials/Substrate/Glints2/dict_0001_0061.uasset" 10388
"../../../Engine/Content/EngineMaterials/Substrate/Glints2/dict_0001_0059.uasset" 10389
"../../../Engine/Content/EngineMaterials/Substrate/Glints2/dict_0001_0060.uasset" 10390
"../../../Engine/Content/EngineMaterials/Substrate/Glints2/dict_0001_0058.uasset" 10391
"../../../Engine/Content/EngineMaterials/Substrate/Glints2/dict_0001_0063.uasset" 10392
"../../../Engine/Content/EngineMaterials/Substrate/Glints2/dict_0001_0055.uasset" 10393
"../../../Engine/Content/EngineMaterials/Substrate/Glints2/dict_0001_0054.uasset" 10394
"../../../Engine/Content/EngineMaterials/Substrate/Glints2/dict_0001_0056.uasset" 10395
"../../../Engine/Content/EngineMaterials/Substrate/Glints2/dict_0001_0051.uasset" 10396
"../../../Engine/Content/EngineMaterials/Substrate/Glints2/dict_0001_0052.uasset" 10397
"../../../Engine/Content/EngineMaterials/Substrate/Glints2/dict_0001_0049.uasset" 10398
"../../../Engine/Content/EngineMaterials/Substrate/Glints2/dict_0001_0053.uasset" 10399
"../../../Engine/Content/EngineMaterials/Substrate/Glints2/dict_0001_0050.uasset" 10400
"../../../Engine/Content/EngineMaterials/Substrate/Glints2/dict_0001_0048.uasset" 10401
"../../../Engine/Content/EngineMaterials/Substrate/Glints2/dict_0001_0057.uasset" 10402
"../../../Engine/Content/EngineMaterials/Substrate/Glints2/dict_0001_0046.uasset" 10403
"../../../Engine/Content/EngineMaterials/Substrate/Glints2/dict_0001_0045.uasset" 10404
"../../../Engine/Content/EngineMaterials/Substrate/Glints2/dict_0001_0047.uasset" 10405
"/Engine/EngineMaterials/Substrate/Glints2/dict_0001_0072" 10406
"/Engine/EngineMaterials/Substrate/Glints2/dict_0001_0073" 10407
"/Engine/EngineMaterials/Substrate/Glints2/dict_0001_0074" 10408
"/Engine/EngineMaterials/Substrate/Glints2/dict_0001_0075" 10409
"/Engine/EngineMaterials/Substrate/Glints2/dict_0001_0068" 10410
"/Engine/EngineMaterials/Substrate/Glints2/dict_0001_0070" 10411
"/Engine/EngineMaterials/Substrate/Glints2/dict_0001_0077" 10412
"../../../Engine/Content/EngineMaterials/Substrate/Glints2/dict_0001_0043.uasset" 10413
"../../../Engine/Content/EngineMaterials/Substrate/Glints2/dict_0001_0040.uasset" 10414
"../../../Engine/Content/EngineMaterials/Substrate/Glints2/dict_0001_0044.uasset" 10415
"/Engine/EngineMaterials/Substrate/Glints2/dict_0001_0045" 10416
"../../../Engine/Content/EngineMaterials/Substrate/Glints2/dict_0001_0042.uasset" 10417
"../../../Engine/Content/EngineMaterials/Substrate/Glints2/dict_0001_0039.uasset" 10418
"../../../Engine/Content/EngineMaterials/Substrate/Glints2/dict_0001_0041.uasset" 10419
"../../../Engine/Content/EngineMaterials/Substrate/Glints2/dict_0001_0037.uasset" 10420
"../../../Engine/Content/EngineMaterials/Substrate/Glints2/dict_0001_0038.uasset" 10421
"/Engine/EngineMaterials/Substrate/Glints2/dict_0001_0046" 10422
"/Engine/EngineMaterials/Substrate/Glints2/dict_0001_0047" 10423
"/Engine/EngineMaterials/Substrate/Glints2/dict_0001_0048" 10424
"/Engine/EngineMaterials/Substrate/Glints2/dict_0001_0049" 10425
"/Engine/EngineMaterials/Substrate/Glints2/dict_0001_0050" 10426
"/Engine/EngineMaterials/Substrate/Glints2/dict_0001_0051" 10427
"/Engine/EngineMaterials/Substrate/Glints2/dict_0001_0052" 10428
"/Engine/EngineMaterials/Substrate/Glints2/dict_0001_0053" 10429
"/Engine/EngineMaterials/Substrate/Glints2/dict_0001_0054" 10430
"/Engine/EngineMaterials/Substrate/Glints2/dict_0001_0055" 10431
"/Engine/EngineMaterials/Substrate/Glints2/dict_0001_0056" 10432
"/Engine/EngineMaterials/Substrate/Glints2/dict_0001_0057" 10433
"/Engine/EngineMaterials/Substrate/Glints2/dict_0001_0058" 10434
"/Engine/EngineMaterials/Substrate/Glints2/dict_0001_0059" 10435
"/Engine/EngineMaterials/Substrate/Glints2/dict_0001_0060" 10436
"/Engine/EngineMaterials/Substrate/Glints2/dict_0001_0061" 10437
"/Engine/EngineMaterials/Substrate/Glints2/dict_0001_0062" 10438
"/Engine/EngineMaterials/Substrate/Glints2/dict_0001_0063" 10439
"/Engine/EngineMaterials/Substrate/Glints2/dict_0001_0064" 10440
"/Engine/EngineMaterials/Substrate/Glints2/dict_0001_0065" 10441
"/Engine/EngineMaterials/Substrate/Glints2/dict_0001_0066" 10442
"/Engine/EngineMaterials/Substrate/Glints2/dict_0001_0067" 10443
"/Engine/EngineMaterials/Substrate/Glints2/dict_0001_0069" 10444
"../../../Engine/Content/EngineMaterials/Substrate/Glints2/dict_0001_0036.uasset" 10445
"../../../Engine/Content/EngineMaterials/Substrate/Glints2/dict_0001_0034.uasset" 10446
"../../../Engine/Content/EngineMaterials/Substrate/Glints2/dict_0001_0035.uasset" 10447
"../../../Engine/Content/EngineMaterials/Substrate/Glints2/dict_0001_0033.uasset" 10448
"../../../Engine/Content/EngineMaterials/Substrate/Glints2/dict_0001_0032.uasset" 10449
"../../../Engine/Content/EngineMaterials/Substrate/Glints2/dict_0001_0031.uasset" 10450
"../../../Engine/Content/EngineMaterials/Substrate/Glints2/dict_0001_0029.uasset" 10451
"../../../Engine/Content/EngineMaterials/Substrate/Glints2/dict_0001_0028.uasset" 10452
"../../../Engine/Content/EngineMaterials/Substrate/Glints2/dict_0001_0027.uasset" 10453
"../../../Engine/Content/EngineMaterials/Substrate/Glints2/dict_0001_0026.uasset" 10454
"../../../Engine/Content/EngineMaterials/Substrate/Glints2/dict_0001_0030.uasset" 10455
"../../../Engine/Content/EngineMaterials/Substrate/Glints2/dict_0001_0024.uasset" 10456
"../../../Engine/Content/EngineMaterials/Substrate/Glints2/dict_0001_0023.uasset" 10457
"../../../Engine/Content/EngineMaterials/Substrate/Glints2/dict_0001_0022.uasset" 10458
"../../../Engine/Content/EngineMaterials/Substrate/Glints2/dict_0001_0021.uasset" 10459
"../../../Engine/Content/EngineMaterials/Substrate/Glints2/dict_0001_0020.uasset" 10460
"../../../Engine/Content/EngineMaterials/Substrate/Glints2/dict_0001_0019.uasset" 10461
"../../../Engine/Content/EngineMaterials/Substrate/Glints2/dict_0001_0018.uasset" 10462
"../../../Engine/Content/EngineMaterials/Substrate/Glints2/dict_0001_0025.uasset" 10463
"/Engine/EngineMaterials/Substrate/Glints2/dict_0001_0037" 10464
"../../../Engine/Content/EngineMaterials/Substrate/Glints2/dict_0001_0013.uasset" 10465
"../../../Engine/Content/EngineMaterials/Substrate/Glints2/dict_0001_0016.uasset" 10466
"../../../Engine/Content/EngineMaterials/Substrate/Glints2/dict_0001_0015.uasset" 10467
"../../../Engine/Content/EngineMaterials/Substrate/Glints2/dict_0001_0014.uasset" 10468
"../../../Engine/Content/EngineMaterials/Substrate/Glints2/dict_0001_0017.uasset" 10469
"/Engine/EngineMaterials/Substrate/Glints2/dict_0001_0038" 10470
"/Engine/EngineMaterials/Substrate/Glints2/dict_0001_0039" 10471
"/Engine/EngineMaterials/Substrate/Glints2/dict_0001_0040" 10472
"/Engine/EngineMaterials/Substrate/Glints2/dict_0001_0041" 10473
"/Engine/EngineMaterials/Substrate/Glints2/dict_0001_0028" 10474
"/Engine/EngineMaterials/Substrate/Glints2/dict_0001_0029" 10475
"/Engine/EngineMaterials/Substrate/Glints2/dict_0001_0031" 10476
"/Engine/EngineMaterials/Substrate/Glints2/dict_0001_0032" 10477
"/Engine/EngineMaterials/Substrate/Glints2/dict_0001_0033" 10478
"/Engine/EngineMaterials/Substrate/Glints2/dict_0001_0034" 10479
"/Engine/EngineMaterials/Substrate/Glints2/dict_0001_0035" 10480
"/Engine/EngineMaterials/Substrate/Glints2/dict_0001_0042" 10481
"/Engine/EngineMaterials/Substrate/Glints2/dict_0001_0036" 10482
"/Engine/EngineMaterials/Substrate/Glints2/dict_0001_0043" 10483
"/Engine/EngineMaterials/Substrate/Glints2/dict_0001_0044" 10484
"../../../Engine/Content/EngineMaterials/Substrate/Glints2/dict_0001_0012.uasset" 10485
"../../../Engine/Content/EngineMaterials/Substrate/Glints2/dict_0001_0011.uasset" 10486
"../../../Engine/Content/EngineMaterials/Substrate/Glints2/dict_0001_0009.uasset" 10487
"../../../Engine/Content/EngineMaterials/Substrate/Glints2/dict_0001_0006.uasset" 10488
"../../../Engine/Content/EngineMaterials/Substrate/Glints2/dict_0001_0008.uasset" 10489
"../../../Engine/Content/EngineMaterials/Substrate/Glints2/dict_0001_0003.uasset" 10490
"/Engine/EngineMaterials/Substrate/Glints2/dict_0001_0013" 10491
"../../../Engine/Content/EngineMaterials/Substrate/Glints2/dict_0001_0002.uasset" 10492
"../../../Engine/Content/EngineMaterials/Substrate/Glints2/dict_0001_0000.uasset" 10493
"../../../Engine/Content/EngineMaterials/Substrate/Glints2/dict_0000_0255.uasset" 10494
"../../../Engine/Content/EngineMaterials/Substrate/Glints2/dict_0000_0254.uasset" 10495
"../../../Engine/Content/EngineMaterials/Substrate/Glints2/dict_0000_0253.uasset" 10496
"../../../Engine/Content/EngineMaterials/Substrate/Glints2/dict_0001_0010.uasset" 10497
"../../../Engine/Content/EngineMaterials/Substrate/Glints2/dict_0001_0001.uasset" 10498
"../../../Engine/Content/EngineMaterials/Substrate/Glints2/dict_0001_0004.uasset" 10499
"../../../Engine/Content/EngineMaterials/Substrate/Glints2/dict_0001_0005.uasset" 10500
"../../../Engine/Content/EngineMaterials/Substrate/Glints2/dict_0001_0007.uasset" 10501
"/Engine/EngineMaterials/Substrate/Glints2/dict_0001_0014" 10502
"/Engine/EngineMaterials/Substrate/Glints2/dict_0001_0015" 10503
"/Engine/EngineMaterials/Substrate/Glints2/dict_0001_0016" 10504
"/Engine/EngineMaterials/Substrate/Glints2/dict_0001_0017" 10505
"/Engine/EngineMaterials/Substrate/Glints2/dict_0001_0018" 10506
"/Engine/EngineMaterials/Substrate/Glints2/dict_0001_0019" 10507
"/Engine/EngineMaterials/Substrate/Glints2/dict_0001_0020" 10508
"/Engine/EngineMaterials/Substrate/Glints2/dict_0001_0021" 10509
"/Engine/EngineMaterials/Substrate/Glints2/dict_0001_0022" 10510
"/Engine/EngineMaterials/Substrate/Glints2/dict_0001_0023" 10511
"/Engine/EngineMaterials/Substrate/Glints2/dict_0001_0024" 10512
"/Engine/EngineMaterials/Substrate/Glints2/dict_0001_0025" 10513
"/Engine/EngineMaterials/Substrate/Glints2/dict_0001_0026" 10514
"/Engine/EngineMaterials/Substrate/Glints2/dict_0001_0027" 10515
"/Engine/EngineMaterials/Substrate/Glints2/dict_0001_0030" 10516
"/Engine/EngineMaterials/Substrate/Glints2/dict_0001_0012" 10517
"../../../Engine/Content/EngineMaterials/Substrate/Glints2/dict_0000_0251.uasset" 10518
"../../../Engine/Content/EngineMaterials/Substrate/Glints2/dict_0000_0252.uasset" 10519
"../../../Engine/Content/EngineMaterials/Substrate/Glints2/dict_0000_0250.uasset" 10520
"../../../Engine/Content/EngineMaterials/Substrate/Glints2/dict_0000_0248.uasset" 10521
"/Engine/EngineMaterials/Substrate/Glints2/dict_0000_0253" 10522
"../../../Engine/Content/EngineMaterials/Substrate/Glints2/dict_0000_0247.uasset" 10523
"../../../Engine/Content/EngineMaterials/Substrate/Glints2/dict_0000_0249.uasset" 10524
"../../../Engine/Content/EngineMaterials/Substrate/Glints2/dict_0000_0245.uasset" 10525
"../../../Engine/Content/EngineMaterials/Substrate/Glints2/dict_0000_0246.uasset" 10526
"../../../Engine/Content/EngineMaterials/Substrate/Glints2/dict_0000_0244.uasset" 10527
"../../../Engine/Content/EngineMaterials/Substrate/Glints2/dict_0000_0242.uasset" 10528
"../../../Engine/Content/EngineMaterials/Substrate/Glints2/dict_0000_0243.uasset" 10529
"../../../Engine/Content/EngineMaterials/Substrate/Glints2/dict_0000_0241.uasset" 10530
"../../../Engine/Content/EngineMaterials/Substrate/Glints2/dict_0000_0239.uasset" 10531
"../../../Engine/Content/EngineMaterials/Substrate/Glints2/dict_0000_0238.uasset" 10532
"../../../Engine/Content/EngineMaterials/Substrate/Glints2/dict_0000_0236.uasset" 10533
"../../../Engine/Content/EngineMaterials/Substrate/Glints2/dict_0000_0237.uasset" 10534
"../../../Engine/Content/EngineMaterials/Substrate/Glints2/dict_0000_0240.uasset" 10535
"/Engine/EngineMaterials/Substrate/Glints2/dict_0000_0254" 10536
"/Engine/EngineMaterials/Substrate/Glints2/dict_0000_0255" 10537
"/Engine/EngineMaterials/Substrate/Glints2/dict_0001_0000" 10538
"/Engine/EngineMaterials/Substrate/Glints2/dict_0001_0001" 10539
"/Engine/EngineMaterials/Substrate/Glints2/dict_0001_0002" 10540
"/Engine/EngineMaterials/Substrate/Glints2/dict_0001_0003" 10541
"/Engine/EngineMaterials/Substrate/Glints2/dict_0001_0004" 10542
"/Engine/EngineMaterials/Substrate/Glints2/dict_0001_0005" 10543
"/Engine/EngineMaterials/Substrate/Glints2/dict_0001_0006" 10544
"/Engine/EngineMaterials/Substrate/Glints2/dict_0001_0007" 10545
"/Engine/EngineMaterials/Substrate/Glints2/dict_0001_0008" 10546
"/Engine/EngineMaterials/Substrate/Glints2/dict_0001_0009" 10547
"/Engine/EngineMaterials/Substrate/Glints2/dict_0001_0010" 10548
"/Engine/EngineMaterials/Substrate/Glints2/dict_0001_0011" 10549
"../../../Engine/Content/EngineMaterials/Substrate/Glints2/dict_0000_0235.uasset" 10550
"../../../Engine/Content/EngineMaterials/Substrate/Glints2/dict_0000_0234.uasset" 10551
"../../../Engine/Content/EngineMaterials/Substrate/Glints2/dict_0000_0232.uasset" 10552
"../../../Engine/Content/EngineMaterials/Substrate/Glints2/dict_0000_0231.uasset" 10553
"../../../Engine/Content/EngineMaterials/Substrate/Glints2/dict_0000_0230.uasset" 10554
"../../../Engine/Content/EngineMaterials/Substrate/Glints2/dict_0000_0233.uasset" 10555
"../../../Engine/Content/EngineMaterials/Substrate/Glints2/dict_0000_0229.uasset" 10556
"../../../Engine/Content/EngineMaterials/Substrate/Glints2/dict_0000_0228.uasset" 10557
"../../../Engine/Content/EngineMaterials/Substrate/Glints2/dict_0000_0226.uasset" 10558
"../../../Engine/Content/EngineMaterials/Substrate/Glints2/dict_0000_0225.uasset" 10559
"../../../Engine/Content/EngineMaterials/Substrate/Glints2/dict_0000_0227.uasset" 10560
"../../../Engine/Content/EngineMaterials/Substrate/Glints2/dict_0000_0223.uasset" 10561
"../../../Engine/Content/EngineMaterials/Substrate/Glints2/dict_0000_0224.uasset" 10562
"../../../Engine/Content/EngineMaterials/Substrate/Glints2/dict_0000_0221.uasset" 10563
"../../../Engine/Content/EngineMaterials/Substrate/Glints2/dict_0000_0222.uasset" 10564
"/Engine/EngineMaterials/Substrate/Glints2/dict_0000_0236" 10565
"/Engine/EngineMaterials/Substrate/Glints2/dict_0000_0237" 10566
"/Engine/EngineMaterials/Substrate/Glints2/dict_0000_0238" 10567
"/Engine/EngineMaterials/Substrate/Glints2/dict_0000_0239" 10568
"/Engine/EngineMaterials/Substrate/Glints2/dict_0000_0225" 10569
"/Engine/EngineMaterials/Substrate/Glints2/dict_0000_0240" 10570
"/Engine/EngineMaterials/Substrate/Glints2/dict_0000_0241" 10571
"/Engine/EngineMaterials/Substrate/Glints2/dict_0000_0242" 10572
"/Engine/EngineMaterials/Substrate/Glints2/dict_0000_0243" 10573
"/Engine/EngineMaterials/Substrate/Glints2/dict_0000_0244" 10574
"/Engine/EngineMaterials/Substrate/Glints2/dict_0000_0245" 10575
"/Engine/EngineMaterials/Substrate/Glints2/dict_0000_0246" 10576
"/Engine/EngineMaterials/Substrate/Glints2/dict_0000_0247" 10577
"/Engine/EngineMaterials/Substrate/Glints2/dict_0000_0248" 10578
"/Engine/EngineMaterials/Substrate/Glints2/dict_0000_0249" 10579
"/Engine/EngineMaterials/Substrate/Glints2/dict_0000_0250" 10580
"/Engine/EngineMaterials/Substrate/Glints2/dict_0000_0226" 10581
"/Engine/EngineMaterials/Substrate/Glints2/dict_0000_0227" 10582
"/Engine/EngineMaterials/Substrate/Glints2/dict_0000_0251" 10583
"/Engine/EngineMaterials/Substrate/Glints2/dict_0000_0228" 10584
"/Engine/EngineMaterials/Substrate/Glints2/dict_0000_0229" 10585
"/Engine/EngineMaterials/Substrate/Glints2/dict_0000_0230" 10586
"/Engine/EngineMaterials/Substrate/Glints2/dict_0000_0231" 10587
"/Engine/EngineMaterials/Substrate/Glints2/dict_0000_0232" 10588
"/Engine/EngineMaterials/Substrate/Glints2/dict_0000_0233" 10589
"/Engine/EngineMaterials/Substrate/Glints2/dict_0000_0234" 10590
"/Engine/EngineMaterials/Substrate/Glints2/dict_0000_0235" 10591
"/Engine/EngineMaterials/Substrate/Glints2/dict_0000_0252" 10592
"../../../Engine/Content/EngineMaterials/Substrate/Glints2/dict_0000_0219.uasset" 10593
"../../../Engine/Content/EngineMaterials/Substrate/Glints2/dict_0000_0220.uasset" 10594
"../../../Engine/Content/EngineMaterials/Substrate/Glints2/dict_0000_0215.uasset" 10595
"../../../Engine/Content/EngineMaterials/Substrate/Glints2/dict_0000_0213.uasset" 10596
"../../../Engine/Content/EngineMaterials/Substrate/Glints2/dict_0000_0217.uasset" 10597
"/Engine/EngineMaterials/Substrate/Glints2/dict_0000_0221" 10598
"../../../Engine/Content/EngineMaterials/Substrate/Glints2/dict_0000_0218.uasset" 10599
"../../../Engine/Content/EngineMaterials/Substrate/Glints2/dict_0000_0212.uasset" 10600
"../../../Engine/Content/EngineMaterials/Substrate/Glints2/dict_0000_0210.uasset" 10601
"../../../Engine/Content/EngineMaterials/Substrate/Glints2/dict_0000_0209.uasset" 10602
"../../../Engine/Content/EngineMaterials/Substrate/Glints2/dict_0000_0208.uasset" 10603
"../../../Engine/Content/EngineMaterials/Substrate/Glints2/dict_0000_0214.uasset" 10604
"../../../Engine/Content/EngineMaterials/Substrate/Glints2/dict_0000_0207.uasset" 10605
"../../../Engine/Content/EngineMaterials/Substrate/Glints2/dict_0000_0206.uasset" 10606
"../../../Engine/Content/EngineMaterials/Substrate/Glints2/dict_0000_0204.uasset" 10607
"../../../Engine/Content/EngineMaterials/Substrate/Glints2/dict_0000_0203.uasset" 10608
"../../../Engine/Content/EngineMaterials/Substrate/Glints2/dict_0000_0202.uasset" 10609
"../../../Engine/Content/EngineMaterials/Substrate/Glints2/dict_0000_0201.uasset" 10610
"../../../Engine/Content/EngineMaterials/Substrate/Glints2/dict_0000_0200.uasset" 10611
"../../../Engine/Content/EngineMaterials/Substrate/Glints2/dict_0000_0211.uasset" 10612
"../../../Engine/Content/EngineMaterials/Substrate/Glints2/dict_0000_0216.uasset" 10613
"../../../Engine/Content/EngineMaterials/Substrate/Glints2/dict_0000_0197.uasset" 10614
"../../../Engine/Content/EngineMaterials/Substrate/Glints2/dict_0000_0199.uasset" 10615
"../../../Engine/Content/EngineMaterials/Substrate/Glints2/dict_0000_0205.uasset" 10616
"../../../Engine/Content/EngineMaterials/Substrate/Glints2/dict_0000_0194.uasset" 10617
"../../../Engine/Content/EngineMaterials/Substrate/Glints2/dict_0000_0196.uasset" 10618
"../../../Engine/Content/EngineMaterials/Substrate/Glints2/dict_0000_0193.uasset" 10619
"/Engine/EngineMaterials/Substrate/Glints2/dict_0000_0222" 10620
"../../../Engine/Content/EngineMaterials/Substrate/Glints2/dict_0000_0198.uasset" 10621
"../../../Engine/Content/EngineMaterials/Substrate/Glints2/dict_0000_0195.uasset" 10622
"/Engine/EngineMaterials/Substrate/Glints2/dict_0000_0223" 10623
"/Engine/EngineMaterials/Substrate/Glints2/dict_0000_0224" 10624
"/Engine/EngineMaterials/Substrate/Glints2/dict_0000_0219" 10625
"/Engine/EngineMaterials/Substrate/Glints2/dict_0000_0220" 10626
"../../../Engine/Content/EngineMaterials/Substrate/Glints2/dict_0000_0191.uasset" 10627
"../../../Engine/Content/EngineMaterials/Substrate/Glints2/dict_0000_0192.uasset" 10628
"/Engine/EngineMaterials/Substrate/Glints2/dict_0000_0193" 10629
"../../../Engine/Content/EngineMaterials/Substrate/Glints2/dict_0000_0190.uasset" 10630
"../../../Engine/Content/EngineMaterials/Substrate/Glints2/dict_0000_0189.uasset" 10631
"../../../Engine/Content/EngineMaterials/Substrate/Glints2/dict_0000_0188.uasset" 10632
"../../../Engine/Content/EngineMaterials/Substrate/Glints2/dict_0000_0187.uasset" 10633
"/Engine/EngineMaterials/Substrate/Glints2/dict_0000_0194" 10634
"/Engine/EngineMaterials/Substrate/Glints2/dict_0000_0195" 10635
"/Engine/EngineMaterials/Substrate/Glints2/dict_0000_0196" 10636
"/Engine/EngineMaterials/Substrate/Glints2/dict_0000_0197" 10637
"/Engine/EngineMaterials/Substrate/Glints2/dict_0000_0198" 10638
"/Engine/EngineMaterials/Substrate/Glints2/dict_0000_0199" 10639
"/Engine/EngineMaterials/Substrate/Glints2/dict_0000_0200" 10640
"/Engine/EngineMaterials/Substrate/Glints2/dict_0000_0201" 10641
"/Engine/EngineMaterials/Substrate/Glints2/dict_0000_0202" 10642
"/Engine/EngineMaterials/Substrate/Glints2/dict_0000_0203" 10643
"/Engine/EngineMaterials/Substrate/Glints2/dict_0000_0204" 10644
"/Engine/EngineMaterials/Substrate/Glints2/dict_0000_0205" 10645
"/Engine/EngineMaterials/Substrate/Glints2/dict_0000_0206" 10646
"/Engine/EngineMaterials/Substrate/Glints2/dict_0000_0207" 10647
"/Engine/EngineMaterials/Substrate/Glints2/dict_0000_0208" 10648
"/Engine/EngineMaterials/Substrate/Glints2/dict_0000_0209" 10649
"/Engine/EngineMaterials/Substrate/Glints2/dict_0000_0210" 10650
"/Engine/EngineMaterials/Substrate/Glints2/dict_0000_0211" 10651
"/Engine/EngineMaterials/Substrate/Glints2/dict_0000_0212" 10652
"/Engine/EngineMaterials/Substrate/Glints2/dict_0000_0213" 10653
"/Engine/EngineMaterials/Substrate/Glints2/dict_0000_0214" 10654
"/Engine/EngineMaterials/Substrate/Glints2/dict_0000_0215" 10655
"/Engine/EngineMaterials/Substrate/Glints2/dict_0000_0216" 10656
"/Engine/EngineMaterials/Substrate/Glints2/dict_0000_0217" 10657
"/Engine/EngineMaterials/Substrate/Glints2/dict_0000_0218" 10658
"../../../Engine/Content/EngineMaterials/Substrate/Glints2/dict_0000_0185.uasset" 10659
"../../../Engine/Content/EngineMaterials/Substrate/Glints2/dict_0000_0184.uasset" 10660
"../../../Engine/Content/EngineMaterials/Substrate/Glints2/dict_0000_0186.uasset" 10661
"../../../Engine/Content/EngineMaterials/Substrate/Glints2/dict_0000_0183.uasset" 10662
"../../../Engine/Content/EngineMaterials/Substrate/Glints2/dict_0000_0182.uasset" 10663
"../../../Engine/Content/EngineMaterials/Substrate/Glints2/dict_0000_0181.uasset" 10664
"/Engine/EngineMaterials/Substrate/Glints2/dict_0000_0187" 10665
"../../../Engine/Content/EngineMaterials/Substrate/Glints2/dict_0000_0178.uasset" 10666
"../../../Engine/Content/EngineMaterials/Substrate/Glints2/dict_0000_0177.uasset" 10667
"../../../Engine/Content/EngineMaterials/Substrate/Glints2/dict_0000_0175.uasset" 10668
"../../../Engine/Content/EngineMaterials/Substrate/Glints2/dict_0000_0179.uasset" 10669
"../../../Engine/Content/EngineMaterials/Substrate/Glints2/dict_0000_0176.uasset" 10670
"../../../Engine/Content/EngineMaterials/Substrate/Glints2/dict_0000_0173.uasset" 10671
"../../../Engine/Content/EngineMaterials/Substrate/Glints2/dict_0000_0174.uasset" 10672
"../../../Engine/Content/EngineMaterials/Substrate/Glints2/dict_0000_0171.uasset" 10673
"../../../Engine/Content/EngineMaterials/Substrate/Glints2/dict_0000_0170.uasset" 10674
"../../../Engine/Content/EngineMaterials/Substrate/Glints2/dict_0000_0180.uasset" 10675
"../../../Engine/Content/EngineMaterials/Substrate/Glints2/dict_0000_0168.uasset" 10676
"../../../Engine/Content/EngineMaterials/Substrate/Glints2/dict_0000_0169.uasset" 10677
"../../../Engine/Content/EngineMaterials/Substrate/Glints2/dict_0000_0165.uasset" 10678
"../../../Engine/Content/EngineMaterials/Substrate/Glints2/dict_0000_0166.uasset" 10679
"../../../Engine/Content/EngineMaterials/Substrate/Glints2/dict_0000_0164.uasset" 10680
"../../../Engine/Content/EngineMaterials/Substrate/Glints2/dict_0000_0167.uasset" 10681
"../../../Engine/Content/EngineMaterials/Substrate/Glints2/dict_0000_0162.uasset" 10682
"../../../Engine/Content/EngineMaterials/Substrate/Glints2/dict_0000_0172.uasset" 10683
"../../../Engine/Content/EngineMaterials/Substrate/Glints2/dict_0000_0163.uasset" 10684
"../../../Engine/Content/EngineMaterials/Substrate/Glints2/dict_0000_0161.uasset" 10685
"/Engine/EngineMaterials/Substrate/Glints2/dict_0000_0188" 10686
"/Engine/EngineMaterials/Substrate/Glints2/dict_0000_0189" 10687
"/Engine/EngineMaterials/Substrate/Glints2/dict_0000_0190" 10688
"/Engine/EngineMaterials/Substrate/Glints2/dict_0000_0184" 10689
"/Engine/EngineMaterials/Substrate/Glints2/dict_0000_0185" 10690
"/Engine/EngineMaterials/Substrate/Glints2/dict_0000_0186" 10691
"/Engine/EngineMaterials/Substrate/Glints2/dict_0000_0191" 10692
"/Engine/EngineMaterials/Substrate/Glints2/dict_0000_0192" 10693
"../../../Engine/Content/EngineMaterials/Substrate/Glints2/dict_0000_0160.uasset" 10694
"../../../Engine/Content/EngineMaterials/Substrate/Glints2/dict_0000_0159.uasset" 10695
"../../../Engine/Content/EngineMaterials/Substrate/Glints2/dict_0000_0158.uasset" 10696
"../../../Engine/Content/EngineMaterials/Substrate/Glints2/dict_0000_0156.uasset" 10697
"../../../Engine/Content/EngineMaterials/Substrate/Glints2/dict_0000_0153.uasset" 10698
"../../../Engine/Content/EngineMaterials/Substrate/Glints2/dict_0000_0154.uasset" 10699
"../../../Engine/Content/EngineMaterials/Substrate/Glints2/dict_0000_0157.uasset" 10700
"../../../Engine/Content/EngineMaterials/Substrate/Glints2/dict_0000_0155.uasset" 10701
"/Engine/EngineMaterials/Substrate/Glints2/dict_0000_0161" 10702
"../../../Engine/Content/EngineMaterials/Substrate/Glints2/dict_0000_0152.uasset" 10703
"/Engine/EngineMaterials/Substrate/Glints2/dict_0000_0162" 10704
"/Engine/EngineMaterials/Substrate/Glints2/dict_0000_0163" 10705
"/Engine/EngineMaterials/Substrate/Glints2/dict_0000_0164" 10706
"/Engine/EngineMaterials/Substrate/Glints2/dict_0000_0165" 10707
"/Engine/EngineMaterials/Substrate/Glints2/dict_0000_0166" 10708
"/Engine/EngineMaterials/Substrate/Glints2/dict_0000_0167" 10709
"/Engine/EngineMaterials/Substrate/Glints2/dict_0000_0168" 10710
"/Engine/EngineMaterials/Substrate/Glints2/dict_0000_0169" 10711
"/Engine/EngineMaterials/Substrate/Glints2/dict_0000_0170" 10712
"/Engine/EngineMaterials/Substrate/Glints2/dict_0000_0171" 10713
"/Engine/EngineMaterials/Substrate/Glints2/dict_0000_0172" 10714
"/Engine/EngineMaterials/Substrate/Glints2/dict_0000_0173" 10715
"/Engine/EngineMaterials/Substrate/Glints2/dict_0000_0174" 10716
"/Engine/EngineMaterials/Substrate/Glints2/dict_0000_0175" 10717
"/Engine/EngineMaterials/Substrate/Glints2/dict_0000_0176" 10718
"/Engine/EngineMaterials/Substrate/Glints2/dict_0000_0177" 10719
"/Engine/EngineMaterials/Substrate/Glints2/dict_0000_0178" 10720
"/Engine/EngineMaterials/Substrate/Glints2/dict_0000_0179" 10721
"/Engine/EngineMaterials/Substrate/Glints2/dict_0000_0180" 10722
"/Engine/EngineMaterials/Substrate/Glints2/dict_0000_0181" 10723
"/Engine/EngineMaterials/Substrate/Glints2/dict_0000_0182" 10724
"/Engine/EngineMaterials/Substrate/Glints2/dict_0000_0183" 10725
"/Engine/EngineMaterials/Substrate/Glints2/dict_0000_0156" 10726
"/Engine/EngineMaterials/Substrate/Glints2/dict_0000_0158" 10727
"/Engine/EngineMaterials/Substrate/Glints2/dict_0000_0159" 10728
"/Engine/EngineMaterials/Substrate/Glints2/dict_0000_0160" 10729
"../../../Engine/Content/EngineMaterials/Substrate/Glints2/dict_0000_0150.uasset" 10730
"../../../Engine/Content/EngineMaterials/Substrate/Glints2/dict_0000_0151.uasset" 10731
"../../../Engine/Content/EngineMaterials/Substrate/Glints2/dict_0000_0146.uasset" 10732
"../../../Engine/Content/EngineMaterials/Substrate/Glints2/dict_0000_0145.uasset" 10733
"../../../Engine/Content/EngineMaterials/Substrate/Glints2/dict_0000_0147.uasset" 10734
"../../../Engine/Content/EngineMaterials/Substrate/Glints2/dict_0000_0144.uasset" 10735
"../../../Engine/Content/EngineMaterials/Substrate/Glints2/dict_0000_0143.uasset" 10736
"../../../Engine/Content/EngineMaterials/Substrate/Glints2/dict_0000_0142.uasset" 10737
"../../../Engine/Content/EngineMaterials/Substrate/Glints2/dict_0000_0140.uasset" 10738
"../../../Engine/Content/EngineMaterials/Substrate/Glints2/dict_0000_0141.uasset" 10739
"/Engine/EngineMaterials/Substrate/Glints2/dict_0000_0152" 10740
"../../../Engine/Content/EngineMaterials/Substrate/Glints2/dict_0000_0148.uasset" 10741
"../../../Engine/Content/EngineMaterials/Substrate/Glints2/dict_0000_0136.uasset" 10742
"../../../Engine/Content/EngineMaterials/Substrate/Glints2/dict_0000_0149.uasset" 10743
"../../../Engine/Content/EngineMaterials/Substrate/Glints2/dict_0000_0135.uasset" 10744
"../../../Engine/Content/EngineMaterials/Substrate/Glints2/dict_0000_0134.uasset" 10745
"../../../Engine/Content/EngineMaterials/Substrate/Glints2/dict_0000_0133.uasset" 10746
"../../../Engine/Content/EngineMaterials/Substrate/Glints2/dict_0000_0132.uasset" 10747
"../../../Engine/Content/EngineMaterials/Substrate/Glints2/dict_0000_0130.uasset" 10748
"../../../Engine/Content/EngineMaterials/Substrate/Glints2/dict_0000_0139.uasset" 10749
"../../../Engine/Content/EngineMaterials/Substrate/Glints2/dict_0000_0129.uasset" 10750
"../../../Engine/Content/EngineMaterials/Substrate/Glints2/dict_0000_0128.uasset" 10751
"../../../Engine/Content/EngineMaterials/Substrate/Glints2/dict_0000_0127.uasset" 10752
"../../../Engine/Content/EngineMaterials/Substrate/Glints2/dict_0000_0126.uasset" 10753
"../../../Engine/Content/EngineMaterials/Substrate/Glints2/dict_0000_0131.uasset" 10754
"../../../Engine/Content/EngineMaterials/Substrate/Glints2/dict_0000_0125.uasset" 10755
"../../../Engine/Content/EngineMaterials/Substrate/Glints2/dict_0000_0137.uasset" 10756
"../../../Engine/Content/EngineMaterials/Substrate/Glints2/dict_0000_0138.uasset" 10757
"/Engine/EngineMaterials/Substrate/Glints2/dict_0000_0153" 10758
"/Engine/EngineMaterials/Substrate/Glints2/dict_0000_0154" 10759
"/Engine/EngineMaterials/Substrate/Glints2/dict_0000_0155" 10760
"/Engine/EngineMaterials/Substrate/Glints2/dict_0000_0145" 10761
"/Engine/EngineMaterials/Substrate/Glints2/dict_0000_0146" 10762
"/Engine/EngineMaterials/Substrate/Glints2/dict_0000_0147" 10763
"/Engine/EngineMaterials/Substrate/Glints2/dict_0000_0157" 10764
"/Engine/EngineMaterials/Substrate/Glints2/dict_0000_0150" 10765
"/Engine/EngineMaterials/Substrate/Glints2/dict_0000_0151" 10766
"../../../Engine/Content/EngineMaterials/Substrate/Glints2/dict_0000_0123.uasset" 10767
"../../../Engine/Content/EngineMaterials/Substrate/Glints2/dict_0000_0124.uasset" 10768
"../../../Engine/Content/EngineMaterials/Substrate/Glints2/dict_0000_0121.uasset" 10769
"../../../Engine/Content/EngineMaterials/Substrate/Glints2/dict_0000_0122.uasset" 10770
"../../../Engine/Content/EngineMaterials/Substrate/Glints2/dict_0000_0118.uasset" 10771
"../../../Engine/Content/EngineMaterials/Substrate/Glints2/dict_0000_0119.uasset" 10772
"../../../Engine/Content/EngineMaterials/Substrate/Glints2/dict_0000_0117.uasset" 10773
"../../../Engine/Content/EngineMaterials/Substrate/Glints2/dict_0000_0120.uasset" 10774
"/Engine/EngineMaterials/Substrate/Glints2/dict_0000_0125" 10775
"../../../Engine/Content/EngineMaterials/Substrate/Glints2/dict_0000_0115.uasset" 10776
"../../../Engine/Content/EngineMaterials/Substrate/Glints2/dict_0000_0116.uasset" 10777
"/Engine/EngineMaterials/Substrate/Glints2/dict_0000_0126" 10778
"/Engine/EngineMaterials/Substrate/Glints2/dict_0000_0127" 10779
"/Engine/EngineMaterials/Substrate/Glints2/dict_0000_0128" 10780
"/Engine/EngineMaterials/Substrate/Glints2/dict_0000_0129" 10781
"/Engine/EngineMaterials/Substrate/Glints2/dict_0000_0130" 10782
"/Engine/EngineMaterials/Substrate/Glints2/dict_0000_0131" 10783
"/Engine/EngineMaterials/Substrate/Glints2/dict_0000_0132" 10784
"/Engine/EngineMaterials/Substrate/Glints2/dict_0000_0133" 10785
"/Engine/EngineMaterials/Substrate/Glints2/dict_0000_0134" 10786
"/Engine/EngineMaterials/Substrate/Glints2/dict_0000_0135" 10787
"/Engine/EngineMaterials/Substrate/Glints2/dict_0000_0136" 10788
"/Engine/EngineMaterials/Substrate/Glints2/dict_0000_0137" 10789
"/Engine/EngineMaterials/Substrate/Glints2/dict_0000_0138" 10790
"/Engine/EngineMaterials/Substrate/Glints2/dict_0000_0139" 10791
"/Engine/EngineMaterials/Substrate/Glints2/dict_0000_0140" 10792
"/Engine/EngineMaterials/Substrate/Glints2/dict_0000_0141" 10793
"/Engine/EngineMaterials/Substrate/Glints2/dict_0000_0142" 10794
"/Engine/EngineMaterials/Substrate/Glints2/dict_0000_0143" 10795
"/Engine/EngineMaterials/Substrate/Glints2/dict_0000_0144" 10796
"/Engine/EngineMaterials/Substrate/Glints2/dict_0000_0121" 10797
"/Engine/EngineMaterials/Substrate/Glints2/dict_0000_0148" 10798
"/Engine/EngineMaterials/Substrate/Glints2/dict_0000_0149" 10799
"/Engine/EngineMaterials/Substrate/Glints2/dict_0000_0123" 10800
"/Engine/EngineMaterials/Substrate/Glints2/dict_0000_0124" 10801
"../../../Engine/Content/EngineMaterials/Substrate/Glints2/dict_0000_0114.uasset" 10802
"../../../Engine/Content/EngineMaterials/Substrate/Glints2/dict_0000_0112.uasset" 10803
"../../../Engine/Content/EngineMaterials/Substrate/Glints2/dict_0000_0113.uasset" 10804
"../../../Engine/Content/EngineMaterials/Substrate/Glints2/dict_0000_0110.uasset" 10805
"../../../Engine/Content/EngineMaterials/Substrate/Glints2/dict_0000_0109.uasset" 10806
"../../../Engine/Content/EngineMaterials/Substrate/Glints2/dict_0000_0108.uasset" 10807
"../../../Engine/Content/EngineMaterials/Substrate/Glints2/dict_0000_0107.uasset" 10808
"../../../Engine/Content/EngineMaterials/Substrate/Glints2/dict_0000_0106.uasset" 10809
"/Engine/EngineMaterials/Substrate/Glints2/dict_0000_0115" 10810
"../../../Engine/Content/EngineMaterials/Substrate/Glints2/dict_0000_0111.uasset" 10811
"../../../Engine/Content/EngineMaterials/Substrate/Glints2/dict_0000_0103.uasset" 10812
"../../../Engine/Content/EngineMaterials/Substrate/Glints2/dict_0000_0105.uasset" 10813
"../../../Engine/Content/EngineMaterials/Substrate/Glints2/dict_0000_0102.uasset" 10814
"../../../Engine/Content/EngineMaterials/Substrate/Glints2/dict_0000_0101.uasset" 10815
"../../../Engine/Content/EngineMaterials/Substrate/Glints2/dict_0000_0100.uasset" 10816
"../../../Engine/Content/EngineMaterials/Substrate/Glints2/dict_0000_0098.uasset" 10817
"../../../Engine/Content/EngineMaterials/Substrate/Glints2/dict_0000_0099.uasset" 10818
"../../../Engine/Content/EngineMaterials/Substrate/Glints2/dict_0000_0097.uasset" 10819
"../../../Engine/Content/EngineMaterials/Substrate/Glints2/dict_0000_0095.uasset" 10820
"../../../Engine/Content/EngineMaterials/Substrate/Glints2/dict_0000_0096.uasset" 10821
"../../../Engine/Content/EngineMaterials/Substrate/Glints2/dict_0000_0094.uasset" 10822
"../../../Engine/Content/EngineMaterials/Substrate/Glints2/dict_0000_0093.uasset" 10823
"../../../Engine/Content/EngineMaterials/Substrate/Glints2/dict_0000_0092.uasset" 10824
"../../../Engine/Content/EngineMaterials/Substrate/Glints2/dict_0000_0091.uasset" 10825
"../../../Engine/Content/EngineMaterials/Substrate/Glints2/dict_0000_0104.uasset" 10826
"../../../Engine/Content/EngineMaterials/Substrate/Glints2/dict_0000_0090.uasset" 10827
"/Engine/EngineMaterials/Substrate/Glints2/dict_0000_0116" 10828
"/Engine/EngineMaterials/Substrate/Glints2/dict_0000_0117" 10829
"/Engine/EngineMaterials/Substrate/Glints2/dict_0000_0118" 10830
"/Engine/EngineMaterials/Substrate/Glints2/dict_0000_0119" 10831
"/Engine/EngineMaterials/Substrate/Glints2/dict_0000_0120" 10832
"/Engine/EngineMaterials/Substrate/Glints2/dict_0000_0122" 10833
"/Engine/EngineMaterials/Substrate/Glints2/dict_0000_0112" 10834
"/Engine/EngineMaterials/Substrate/Glints2/dict_0000_0113" 10835
"/Engine/EngineMaterials/Substrate/Glints2/dict_0000_0114" 10836
"../../../Engine/Content/EngineMaterials/Substrate/Glints2/dict_0000_0088.uasset" 10837
"../../../Engine/Content/EngineMaterials/Substrate/Glints2/dict_0000_0089.uasset" 10838
"../../../Engine/Content/EngineMaterials/Substrate/Glints2/dict_0000_0086.uasset" 10839
"/Engine/EngineMaterials/Substrate/Glints2/dict_0000_0090" 10840
"../../../Engine/Content/EngineMaterials/Substrate/Glints2/dict_0000_0085.uasset" 10841
"../../../Engine/Content/EngineMaterials/Substrate/Glints2/dict_0000_0084.uasset" 10842
"../../../Engine/Content/EngineMaterials/Substrate/Glints2/dict_0000_0082.uasset" 10843
"../../../Engine/Content/EngineMaterials/Substrate/Glints2/dict_0000_0083.uasset" 10844
"../../../Engine/Content/EngineMaterials/Substrate/Glints2/dict_0000_0081.uasset" 10845
"../../../Engine/Content/EngineMaterials/Substrate/Glints2/dict_0000_0087.uasset" 10846
"../../../Engine/Content/EngineMaterials/Substrate/Glints2/dict_0000_0080.uasset" 10847
"/Engine/EngineMaterials/Substrate/Glints2/dict_0000_0091" 10848
"/Engine/EngineMaterials/Substrate/Glints2/dict_0000_0092" 10849
"/Engine/EngineMaterials/Substrate/Glints2/dict_0000_0093" 10850
"/Engine/EngineMaterials/Substrate/Glints2/dict_0000_0094" 10851
"/Engine/EngineMaterials/Substrate/Glints2/dict_0000_0095" 10852
"/Engine/EngineMaterials/Substrate/Glints2/dict_0000_0096" 10853
"/Engine/EngineMaterials/Substrate/Glints2/dict_0000_0097" 10854
"/Engine/EngineMaterials/Substrate/Glints2/dict_0000_0098" 10855
"/Engine/EngineMaterials/Substrate/Glints2/dict_0000_0099" 10856
"/Engine/EngineMaterials/Substrate/Glints2/dict_0000_0100" 10857
"/Engine/EngineMaterials/Substrate/Glints2/dict_0000_0101" 10858
"/Engine/EngineMaterials/Substrate/Glints2/dict_0000_0102" 10859
"/Engine/EngineMaterials/Substrate/Glints2/dict_0000_0103" 10860
"/Engine/EngineMaterials/Substrate/Glints2/dict_0000_0104" 10861
"/Engine/EngineMaterials/Substrate/Glints2/dict_0000_0105" 10862
"/Engine/EngineMaterials/Substrate/Glints2/dict_0000_0106" 10863
"/Engine/EngineMaterials/Substrate/Glints2/dict_0000_0107" 10864
"/Engine/EngineMaterials/Substrate/Glints2/dict_0000_0108" 10865
"/Engine/EngineMaterials/Substrate/Glints2/dict_0000_0109" 10866
"/Engine/EngineMaterials/Substrate/Glints2/dict_0000_0110" 10867
"/Engine/EngineMaterials/Substrate/Glints2/dict_0000_0111" 10868
"../../../Engine/Content/EngineMaterials/Substrate/Glints2/dict_0000_0079.uasset" 10869
"../../../Engine/Content/EngineMaterials/Substrate/Glints2/dict_0000_0077.uasset" 10870
"../../../Engine/Content/EngineMaterials/Substrate/Glints2/dict_0000_0076.uasset" 10871
"../../../Engine/Content/EngineMaterials/Substrate/Glints2/dict_0000_0075.uasset" 10872
"../../../Engine/Content/EngineMaterials/Substrate/Glints2/dict_0000_0073.uasset" 10873
"../../../Engine/Content/EngineMaterials/Substrate/Glints2/dict_0000_0078.uasset" 10874
"../../../Engine/Content/EngineMaterials/Substrate/Glints2/dict_0000_0071.uasset" 10875
"../../../Engine/Content/EngineMaterials/Substrate/Glints2/dict_0000_0074.uasset" 10876
"/Engine/EngineMaterials/Substrate/Glints2/dict_0000_0080" 10877
"../../../Engine/Content/EngineMaterials/Substrate/Glints2/dict_0000_0068.uasset" 10878
"../../../Engine/Content/EngineMaterials/Substrate/Glints2/dict_0000_0067.uasset" 10879
"../../../Engine/Content/EngineMaterials/Substrate/Glints2/dict_0000_0066.uasset" 10880
"../../../Engine/Content/EngineMaterials/Substrate/Glints2/dict_0000_0065.uasset" 10881
"../../../Engine/Content/EngineMaterials/Substrate/Glints2/dict_0000_0063.uasset" 10882
"../../../Engine/Content/EngineMaterials/Substrate/Glints2/dict_0000_0062.uasset" 10883
"../../../Engine/Content/EngineMaterials/Substrate/Glints2/dict_0000_0061.uasset" 10884
"../../../Engine/Content/EngineMaterials/Substrate/Glints2/dict_0000_0060.uasset" 10885
"../../../Engine/Content/EngineMaterials/Substrate/Glints2/dict_0000_0059.uasset" 10886
"../../../Engine/Content/EngineMaterials/Substrate/Glints2/dict_0000_0069.uasset" 10887
"../../../Engine/Content/EngineMaterials/Substrate/Glints2/dict_0000_0058.uasset" 10888
"../../../Engine/Content/EngineMaterials/Substrate/Glints2/dict_0000_0070.uasset" 10889
"../../../Engine/Content/EngineMaterials/Substrate/Glints2/dict_0000_0064.uasset" 10890
"/Engine/EngineMaterials/Substrate/Glints2/dict_0000_0081" 10891
"../../../Engine/Content/EngineMaterials/Substrate/Glints2/dict_0000_0072.uasset" 10892
"/Engine/EngineMaterials/Substrate/Glints2/dict_0000_0082" 10893
"/Engine/EngineMaterials/Substrate/Glints2/dict_0000_0083" 10894
"/Engine/EngineMaterials/Substrate/Glints2/dict_0000_0075" 10895
"/Engine/EngineMaterials/Substrate/Glints2/dict_0000_0076" 10896
"/Engine/EngineMaterials/Substrate/Glints2/dict_0000_0077" 10897
"/Engine/EngineMaterials/Substrate/Glints2/dict_0000_0084" 10898
"/Engine/EngineMaterials/Substrate/Glints2/dict_0000_0085" 10899
"/Engine/EngineMaterials/Substrate/Glints2/dict_0000_0079" 10900
"/Engine/EngineMaterials/Substrate/Glints2/dict_0000_0086" 10901
"/Engine/EngineMaterials/Substrate/Glints2/dict_0000_0087" 10902
"/Engine/EngineMaterials/Substrate/Glints2/dict_0000_0088" 10903
"/Engine/EngineMaterials/Substrate/Glints2/dict_0000_0089" 10904
"../../../Engine/Content/EngineMaterials/Substrate/Glints2/dict_0000_0057.uasset" 10905
"../../../Engine/Content/EngineMaterials/Substrate/Glints2/dict_0000_0056.uasset" 10906
"../../../Engine/Content/EngineMaterials/Substrate/Glints2/dict_0000_0054.uasset" 10907
"../../../Engine/Content/EngineMaterials/Substrate/Glints2/dict_0000_0053.uasset" 10908
"../../../Engine/Content/EngineMaterials/Substrate/Glints2/dict_0000_0051.uasset" 10909
"../../../Engine/Content/EngineMaterials/Substrate/Glints2/dict_0000_0052.uasset" 10910
"../../../Engine/Content/EngineMaterials/Substrate/Glints2/dict_0000_0050.uasset" 10911
"../../../Engine/Content/EngineMaterials/Substrate/Glints2/dict_0000_0049.uasset" 10912
"../../../Engine/Content/EngineMaterials/Substrate/Glints2/dict_0000_0048.uasset" 10913
"../../../Engine/Content/EngineMaterials/Substrate/Glints2/dict_0000_0046.uasset" 10914
"../../../Engine/Content/EngineMaterials/Substrate/Glints2/dict_0000_0055.uasset" 10915
"/Engine/EngineMaterials/Substrate/Glints2/dict_0000_0058" 10916
"../../../Engine/Content/EngineMaterials/Substrate/Glints2/dict_0000_0044.uasset" 10917
"../../../Engine/Content/EngineMaterials/Substrate/Glints2/dict_0000_0047.uasset" 10918
"../../../Engine/Content/EngineMaterials/Substrate/Glints2/dict_0000_0045.uasset" 10919
"/Engine/EngineMaterials/Substrate/Glints2/dict_0000_0059" 10920
"/Engine/EngineMaterials/Substrate/Glints2/dict_0000_0060" 10921
"/Engine/EngineMaterials/Substrate/Glints2/dict_0000_0061" 10922
"/Engine/EngineMaterials/Substrate/Glints2/dict_0000_0062" 10923
"/Engine/EngineMaterials/Substrate/Glints2/dict_0000_0063" 10924
"/Engine/EngineMaterials/Substrate/Glints2/dict_0000_0064" 10925
"/Engine/EngineMaterials/Substrate/Glints2/dict_0000_0065" 10926
"/Engine/EngineMaterials/Substrate/Glints2/dict_0000_0066" 10927
"/Engine/EngineMaterials/Substrate/Glints2/dict_0000_0067" 10928
"/Engine/EngineMaterials/Substrate/Glints2/dict_0000_0068" 10929
"/Engine/EngineMaterials/Substrate/Glints2/dict_0000_0069" 10930
"/Engine/EngineMaterials/Substrate/Glints2/dict_0000_0070" 10931
"/Engine/EngineMaterials/Substrate/Glints2/dict_0000_0071" 10932
"/Engine/EngineMaterials/Substrate/Glints2/dict_0000_0072" 10933
"/Engine/EngineMaterials/Substrate/Glints2/dict_0000_0073" 10934
"/Engine/EngineMaterials/Substrate/Glints2/dict_0000_0074" 10935
"/Engine/EngineMaterials/Substrate/Glints2/dict_0000_0051" 10936
"/Engine/EngineMaterials/Substrate/Glints2/dict_0000_0078" 10937
"/Engine/EngineMaterials/Substrate/Glints2/dict_0000_0053" 10938
"/Engine/EngineMaterials/Substrate/Glints2/dict_0000_0054" 10939
"/Engine/EngineMaterials/Substrate/Glints2/dict_0000_0056" 10940
"/Engine/EngineMaterials/Substrate/Glints2/dict_0000_0057" 10941
"../../../Engine/Content/EngineMaterials/Substrate/Glints2/dict_0000_0043.uasset" 10942
"../../../Engine/Content/EngineMaterials/Substrate/Glints2/dict_0000_0042.uasset" 10943
"../../../Engine/Content/EngineMaterials/Substrate/Glints2/dict_0000_0041.uasset" 10944
"../../../Engine/Content/EngineMaterials/Substrate/Glints2/dict_0000_0040.uasset" 10945
"../../../Engine/Content/EngineMaterials/Substrate/Glints2/dict_0000_0038.uasset" 10946
"../../../Engine/Content/EngineMaterials/Substrate/Glints2/dict_0000_0036.uasset" 10947
"../../../Engine/Content/EngineMaterials/Substrate/Glints2/dict_0000_0039.uasset" 10948
"../../../Engine/Content/EngineMaterials/Substrate/Glints2/dict_0000_0035.uasset" 10949
"../../../Engine/Content/EngineMaterials/Substrate/Glints2/dict_0000_0033.uasset" 10950
"/Engine/EngineMaterials/Substrate/Glints2/dict_0000_0044" 10951
"../../../Engine/Content/EngineMaterials/Substrate/Glints2/dict_0000_0034.uasset" 10952
"../../../Engine/Content/EngineMaterials/Substrate/Glints2/dict_0000_0037.uasset" 10953
"../../../Engine/Content/EngineMaterials/Substrate/Glints2/dict_0000_0030.uasset" 10954
"../../../Engine/Content/EngineMaterials/Substrate/Glints2/dict_0000_0031.uasset" 10955
"../../../Engine/Content/EngineMaterials/Substrate/Glints2/dict_0000_0029.uasset" 10956
"../../../Engine/Content/EngineMaterials/Substrate/Glints2/dict_0000_0028.uasset" 10957
"../../../Engine/Content/EngineMaterials/Substrate/Glints2/dict_0000_0026.uasset" 10958
"../../../Engine/Content/EngineMaterials/Substrate/Glints2/dict_0000_0025.uasset" 10959
"../../../Engine/Content/EngineMaterials/Substrate/Glints2/dict_0000_0032.uasset" 10960
"../../../Engine/Content/EngineMaterials/Substrate/Glints2/dict_0000_0023.uasset" 10961
"../../../Engine/Content/EngineMaterials/Substrate/Glints2/dict_0000_0022.uasset" 10962
"../../../Engine/Content/EngineMaterials/Substrate/Glints2/dict_0000_0021.uasset" 10963
"../../../Engine/Content/EngineMaterials/Substrate/Glints2/dict_0000_0027.uasset" 10964
"../../../Engine/Content/EngineMaterials/Substrate/Glints2/dict_0000_0024.uasset" 10965
"/Engine/EngineMaterials/Substrate/Glints2/dict_0000_0045" 10966
"/Engine/EngineMaterials/Substrate/Glints2/dict_0000_0046" 10967
"/Engine/EngineMaterials/Substrate/Glints2/dict_0000_0047" 10968
"/Engine/EngineMaterials/Substrate/Glints2/dict_0000_0048" 10969
"/Engine/EngineMaterials/Substrate/Glints2/dict_0000_0049" 10970
"/Engine/EngineMaterials/Substrate/Glints2/dict_0000_0050" 10971
"/Engine/EngineMaterials/Substrate/Glints2/dict_0000_0038" 10972
"/Engine/EngineMaterials/Substrate/Glints2/dict_0000_0052" 10973
"/Engine/EngineMaterials/Substrate/Glints2/dict_0000_0040" 10974
"/Engine/EngineMaterials/Substrate/Glints2/dict_0000_0041" 10975
"/Engine/EngineMaterials/Substrate/Glints2/dict_0000_0055" 10976
"/Engine/EngineMaterials/Substrate/Glints2/dict_0000_0042" 10977
"/Engine/EngineMaterials/Substrate/Glints2/dict_0000_0043" 10978
"../../../Engine/Content/EngineMaterials/Substrate/Glints2/dict_0000_0020.uasset" 10979
"../../../Engine/Content/EngineMaterials/Substrate/Glints2/dict_0000_0019.uasset" 10980
"../../../Engine/Content/EngineMaterials/Substrate/Glints2/dict_0000_0018.uasset" 10981
"../../../Engine/Content/EngineMaterials/Substrate/Glints2/dict_0000_0016.uasset" 10982
"../../../Engine/Content/EngineMaterials/Substrate/Glints2/dict_0000_0015.uasset" 10983
"../../../Engine/Content/EngineMaterials/Substrate/Glints2/dict_0000_0014.uasset" 10984
"../../../Engine/Content/EngineMaterials/Substrate/Glints2/dict_0000_0013.uasset" 10985
"/Engine/EngineMaterials/Substrate/Glints2/dict_0000_0021" 10986
"../../../Engine/Content/EngineMaterials/Substrate/Glints2/dict_0000_0010.uasset" 10987
"../../../Engine/Content/EngineMaterials/Substrate/Glints2/dict_0000_0009.uasset" 10988
"../../../Engine/Content/EngineMaterials/Substrate/Glints2/dict_0000_0008.uasset" 10989
"../../../Engine/Content/EngineMaterials/Substrate/Glints2/dict_0000_0017.uasset" 10990
"../../../Engine/Content/EngineMaterials/Substrate/Glints2/dict_0000_0012.uasset" 10991
"../../../Engine/Content/EngineMaterials/Substrate/Glints2/dict_0000_0007.uasset" 10992
"../../../Engine/Content/EngineMaterials/Substrate/Glints2/dict_0000_0011.uasset" 10993
"/Engine/EngineMaterials/Substrate/Glints2/dict_0000_0022" 10994
"/Engine/EngineMaterials/Substrate/Glints2/dict_0000_0023" 10995
"/Engine/EngineMaterials/Substrate/Glints2/dict_0000_0024" 10996
"/Engine/EngineMaterials/Substrate/Glints2/dict_0000_0025" 10997
"/Engine/EngineMaterials/Substrate/Glints2/dict_0000_0026" 10998
"/Engine/EngineMaterials/Substrate/Glints2/dict_0000_0027" 10999
"/Engine/EngineMaterials/Substrate/Glints2/dict_0000_0028" 11000
"/Engine/EngineMaterials/Substrate/Glints2/dict_0000_0029" 11001
"/Engine/EngineMaterials/Substrate/Glints2/dict_0000_0030" 11002
"/Engine/EngineMaterials/Substrate/Glints2/dict_0000_0031" 11003
"/Engine/EngineMaterials/Substrate/Glints2/dict_0000_0032" 11004
"/Engine/EngineMaterials/Substrate/Glints2/dict_0000_0033" 11005
"/Engine/EngineMaterials/Substrate/Glints2/dict_0000_0034" 11006
"/Engine/EngineMaterials/Substrate/Glints2/dict_0000_0035" 11007
"/Engine/EngineMaterials/Substrate/Glints2/dict_0000_0036" 11008
"/Engine/EngineMaterials/Substrate/Glints2/dict_0000_0037" 11009
"/Engine/EngineMaterials/Substrate/Glints2/dict_0000_0039" 11010
"/Engine/EngineMaterials/Substrate/Glints2/dict_0000_0018" 11011
"/Engine/EngineMaterials/Substrate/Glints2/dict_0000_0019" 11012
"/Engine/EngineMaterials/Substrate/Glints2/dict_0000_0020" 11013
"../../../Engine/Content/EngineMaterials/Substrate/Glints2/dict_0000_0003.uasset" 11014
"../../../Engine/Content/EngineMaterials/Substrate/Glints2/dict_0000_0005.uasset" 11015
"../../../Engine/Content/EngineMaterials/Substrate/Glints2/dict_0000_0002.uasset" 11016
"../../../Engine/Content/EngineMaterials/Substrate/Glints2/dict_0000_0004.uasset" 11017
"/Engine/EngineMaterials/Substrate/Glints2/dict_0000_0007" 11018
"../../../Engine/Content/EngineMaterials/Substrate/Glints2/dict_0000_0000.uasset" 11019
"../../../Engine/Content/EngineMaterials/Substrate/Glints2/dict_0000_0001.uasset" 11020
"../../../Engine/Content/EngineMaterials/Substrate/Glints2/AGlintTex2dArray2.uasset" 11021
"../../../Engine/Content/EngineMaterials/Substrate/Volume/SubstrateSimpleVolumeLUT2D.uasset" 11022
"../../../Engine/Content/EngineMaterials/Substrate/Volume/SubstrateSimpleVolumeEnvLUT2D.uasset" 11023
"../../../Engine/Content/EngineMaterials/Substrate/Volume/SubstrateSimpleVolumeEnvLUT3D.uasset" 11024
"../../../Engine/Content/EngineMaterials/DefaultCalibrationColor.uasset" 11025
"../../../Engine/Content/EngineMaterials/PPM_DefaultCalibrationColor.uasset" 11026
"../../../Engine/Content/EngineMaterials/PPM_DefaultCalibrationGrayscale.uasset" 11027
"../../../Engine/Content/Functions/MaterialLayerFunctions/MatLayerBlend_OverrideOpacity.uasset" 11028
"../../../Engine/Content/EngineMaterials/DefaultCalibrationGrayscale.uasset" 11029
"../../../Engine/Plugins/Interchange/Assets/Content/Functions/MX_Surface.uasset" 11030
"../../../Engine/Content/Functions/Engine_MaterialFunctions03/Procedurals/HeightToNormalSmooth.uasset" 11031
"../../../Engine/Content/Functions/Engine_MaterialFunctions02/Utility/BlendAngleCorrectedNormals.uasset" 11032
"../../../Engine/Plugins/Interchange/Assets/Content/Functions/MX_Displacement.uasset" 11033
"../../../Engine/Content/EngineMaterials/Substrate/Volume/SubstrateSimpleVolumeLUT3D.uasset" 11034
"/Engine/EngineMaterials/Substrate/Glints2/dict_0000_0008" 11035
"../../../Engine/Content/EngineMaterials/Substrate/Glints2/dict_0000_0006.uasset" 11036
"/Engine/EngineMaterials/Substrate/Glints2/dict_0000_0009" 11037
"/Engine/EngineMaterials/Substrate/Glints2/dict_0000_0010" 11038
"/Engine/EngineMaterials/Substrate/Glints2/dict_0000_0011" 11039
"/Engine/EngineMaterials/Substrate/Glints2/dict_0000_0012" 11040
"/Engine/EngineMaterials/Substrate/Glints2/dict_0000_0013" 11041
"/Engine/EngineMaterials/Substrate/Glints2/dict_0000_0014" 11042
"/Engine/EngineMaterials/Substrate/Glints2/dict_0000_0015" 11043
"/Engine/EngineMaterials/Substrate/Glints2/dict_0000_0016" 11044
"/Engine/EngineMaterials/Substrate/Glints2/dict_0000_0017" 11045
"../../../Engine/Plugins/NNE/NNEDenoiser/Content/NNEDIM_ColorAlbedoNormal_Alpha.uasset" 11046
"../../../Engine/Plugins/NNE/NNEDenoiser/Content/NNEDIM_ColorAlbedoNormal_Default.uasset" 11047
"../../../Engine/Plugins/NNE/NNEDenoiser/Content/NNEDIM_HighQuality_Default.uasset" 11048
"../../../Engine/Plugins/NNE/NNEDenoiser/Content/NNEDIM_HighQuality_Alpha.uasset" 11049
"../../../Engine/Plugins/NNE/NNEDenoiser/Content/NNEDOM_Output_Alpha.uasset" 11050
"../../../Engine/Plugins/NNE/NNEDenoiser/Content/NNEDTIM_ColorAlbedoNormal_Alpha.uasset" 11051
"/InterchangeAssets/Functions/MX_Displacement" 11052
"../../../Engine/Plugins/NNE/NNEDenoiser/Content/NNEDOM_Output_Default.uasset" 11053
"../../../Engine/Plugins/NNE/NNEDenoiser/Content/NNEDTOM_Output_Alpha.uasset" 11054
"../../../Engine/Plugins/NNE/NNEDenoiser/Content/NNEDT_Oidn2-3_Balanced.uasset" 11055
"../../../Engine/Plugins/NNE/NNEDenoiser/Content/NNEDTOM_Output_Default.uasset" 11056
"../../../Engine/Plugins/NNE/NNEDenoiser/Content/NNEDTIM_ColorAlbedoNormal_Default.uasset" 11057
"/InterchangeAssets/Functions/MX_Surface" 11058
"/Engine/EngineMaterials/PPM_DefaultCalibrationGrayscale" 11059
"../../../../../Kool/Saxion/Semester 4/Unreal/AE_Unreal/Content/ExternalAssets/Fab/ProceduralNtr_vol2/pnp_v2_assets/Assets/eldeberry_bushes/Static_Meshes/Elderberry_Dead_Medium.uasset" 11060
"../../../../../Kool/Saxion/Semester 4/Unreal/AE_Unreal/Content/MyProject/Models/SM_WallTriangle.uasset" 11061
"../../../../../Kool/Saxion/Semester 4/Unreal/AE_Unreal/Content/MyProject/Models/SM_Grave_01.uasset" 11062
"../../../../../Kool/Saxion/Semester 4/Unreal/AE_Unreal/Content/MyProject/Models/SM_Grave_02.uasset" 11063
"../../../../../Kool/Saxion/Semester 4/Unreal/AE_Unreal/Content/MyProject/Models/SM_Grave_03.uasset" 11064
"../../../../../Kool/Saxion/Semester 4/Unreal/AE_Unreal/Content/MyProject/Models/Engel_C.uasset" 11065
"../../../../../Kool/Saxion/Semester 4/Unreal/AE_Unreal/Content/MyProject/Models/SM_GothicFence.uasset" 11066
"../../../../../Kool/Saxion/Semester 4/Unreal/AE_Unreal/Content/MyProject/Models/SM_SceneBlockout.uasset" 11067
"D:/Kool/Saxion/Semester 4/Unreal/AE_Unreal/DerivedDataCache/VT/TEXTURE_7C16439390E24F1F9468894FB4D4BC55_VTCHUNKBE3C457DBA21D9FAC203ABE5BB2B4610E2A75F57" 11068
"D:/Kool/Saxion/Semester 4/Unreal/AE_Unreal/DerivedDataCache/VT/TEXTURE_7C16439390E24F1F9468894FB4D4BC55_VTCHUNK0C22772F84F2C6378FDA784EC21C9D7B37E7AB09" 11069
"D:/Kool/Saxion/Semester 4/Unreal/AE_Unreal/DerivedDataCache/VT/TEXTURE_7C16439390E24F1F9468894FB4D4BC55_VTCHUNKB49700A0F012FC130FB01C126420BEED76C41853" 11070
"D:/Kool/Saxion/Semester 4/Unreal/AE_Unreal/DerivedDataCache/VT/TEXTURE_7C16439390E24F1F9468894FB4D4BC55_VTCHUNK111C6512FBD75CF28303B00F051F56B70E8A9564" 11071
"D:/Kool/Saxion/Semester 4/Unreal/AE_Unreal/DerivedDataCache/VT/TEXTURE_7C16439390E24F1F9468894FB4D4BC55_VTCHUNKD2DAB16BFF152507817E734DBB935160EA97A322" 11072
"D:/Kool/Saxion/Semester 4/Unreal/AE_Unreal/DerivedDataCache/VT/TEXTURE_7C16439390E24F1F9468894FB4D4BC55_VTCHUNK38740DBD4108040D6985AA56705D97D46F27920C" 11073
"D:/Kool/Saxion/Semester 4/Unreal/AE_Unreal/DerivedDataCache/VT/TEXTURE_7C16439390E24F1F9468894FB4D4BC55_VTCHUNK84C05FFC339C0CEFE446DED1628C0AFB5362331E" 11074
"D:/Kool/Saxion/Semester 4/Unreal/AE_Unreal/DerivedDataCache/VT/TEXTURE_7C16439390E24F1F9468894FB4D4BC55_VTCHUNKC0393DE8C5B4673D99D1BECB92AA8C1F72FEB491" 11075
"D:/Kool/Saxion/Semester 4/Unreal/AE_Unreal/DerivedDataCache/VT/TEXTURE_7C16439390E24F1F9468894FB4D4BC55_VTCHUNK02D4C3BCAD7DFA48AB32B8281FB06B8B83DB6275" 11076
"../../../Engine/Plugins/NNE/NNEDenoiser/Content/NNED_Oidn2-3_Balanced.uasset" 11077
"../../../Engine/Plugins/NNE/NNEDenoiser/Content/NNEDT_Oidn2-3_Balanced_Alpha.uasset" 11078
"../../../Engine/Plugins/NNE/NNEDenoiser/Content/NNED_Oidn2-3_Balanced_Alpha.uasset" 11079
"/NNEDenoiser/NNEDT_Oidn2-3_Balanced" 11080
"../../../Engine/Plugins/NNE/NNEDenoiser/Content/NNED_Oidn2-3_HighQuality.uasset" 11081
"../../../Engine/Plugins/NNE/NNEDenoiser/Content/NNED_Oidn2-3_Fast.uasset" 11082
"../../../Engine/Plugins/NNE/NNEDenoiser/Content/NNED_Oidn2-3_Fast_Alpha.uasset" 11083
"/NNEDenoiser/NNEDTOM_Output_Default" 11084
"../../../Engine/Plugins/NNE/NNEDenoiser/Content/NNED_Oidn2-3_HighQuality_Alpha.uasset" 11085
"/NNEDenoiser/NNEDTOM_Output_Alpha" 11086
"/NNEDenoiser/NNEDTIM_ColorAlbedoNormal_Default" 11087
"/Engine/EngineMaterials/Substrate/Glints2/dict_0000_0006" 11088
"/Engine/EngineMaterials/Substrate/Glints2/dict_0000_0005" 11089
"/Engine/EngineMaterials/Substrate/Glints2/dict_0000_0004" 11090
"/Engine/EngineMaterials/Substrate/Glints2/dict_0000_0003" 11091
"/Engine/EngineMaterials/Substrate/Glints2/dict_0000_0002" 11092
"/Engine/EngineMaterials/Substrate/Glints2/dict_0000_0001" 11093
"/Engine/EngineMaterials/Substrate/Glints2/dict_0000_0000" 11094
"/Engine/EngineMaterials/Substrate/Volume/SubstrateSimpleVolumeLUT2D" 11095
"/Engine/EngineMaterials/Substrate/Volume/SubstrateSimpleVolumeEnvLUT2D" 11096
"/Engine/EngineMaterials/DefaultCalibrationColor" 11097
"/NNEDenoiser/NNEDTIM_ColorAlbedoNormal_Alpha" 11098
"/NNEDenoiser/NNEDOM_Output_Default" 11099
"/NNEDenoiser/NNEDOM_Output_Alpha" 11100
"/NNEDenoiser/NNEDIM_HighQuality_Default" 11101
"/NNEDenoiser/NNEDIM_HighQuality_Alpha" 11102
"/NNEDenoiser/NNEDIM_ColorAlbedoNormal_Alpha" 11103
"/NNEDenoiser/NNEDIM_ColorAlbedoNormal_Default" 11104
"/Engine/EngineMaterials/PPM_DefaultCalibrationColor" 11105
"/Engine/EngineMaterials/Substrate/Volume/SubstrateSimpleVolumeEnvLUT3D" 11106
"/Engine/EngineMaterials/Substrate/Volume/SubstrateSimpleVolumeLUT3D" 11107
"/Engine/EngineMaterials/Substrate/Glints2/AGlintTex2dArray2" 11108
"../../../Engine/Plugins/NNE/NNEDenoiser/Content/NNE_oidn2-3-0_rt_hdr_alb_nrm_small__dyn__fp16_opset11_DenoiseAlpha.uasset" 11109
"../../../Engine/Plugins/NNE/NNEDenoiser/Content/NNE_oidn2-3-0_rt_hdr_alb_nrm__dyn__fp16_opset11_DenoiseAlpha.uasset" 11110
"../../../Engine/Plugins/NNE/NNEDenoiser/Content/NNE_oidn2-3-0_rt_hdr_alb_nrm_small__dyn__fp16_opset11_ForwardAlpha.uasset" 11111
"/NNEDenoiser/NNED_Oidn2-3_HighQuality_Alpha" 11112
"/NNEDenoiser/NNED_Oidn2-3_HighQuality" 11113
"../../../Engine/Plugins/NNE/NNEDenoiser/Content/NNE_oidn2-3-0_rt_hdr_alb_nrm__dyn__fp16_opset11_ForwardAlpha.uasset" 11114
"/NNEDenoiser/NNED_Oidn2-3_Fast_Alpha" 11115
"../../../Engine/Plugins/NNE/NNEDenoiser/Content/NNE_oidn2-3-0_rt_hdr_calb_cnrm_large__dyn__fp16_opset11_DenoiseAlpha.uasset" 11116
"/NNEDenoiser/NNED_Oidn2-3_Fast" 11117
"/NNEDenoiser/NNED_Oidn2-3_Balanced_Alpha" 11118
"/NNEDenoiser/NNED_Oidn2-3_Balanced" 11119
"/NNEDenoiser/NNEDT_Oidn2-3_Balanced_Alpha" 11120
"/NNEDenoiser/NNE_oidn2-3-0_rt_hdr_alb_nrm__dyn__fp16_opset11_DenoiseAlpha" 11121
"../../../Engine/Content/EditorResources/BSPVertex.uasset" 11122
"../../../Engine/Plugins/NNE/NNEDenoiser/Content/NNE_oidn2-3-0_rt_hdr_calb_cnrm_large__dyn__fp16_opset11_ForwardAlpha.uasset" 11123
"../../../Engine/Content/EngineMaterials/DefaultBloomKernel.uasset" 11124
"../../../Engine/Content/EngineResources/FilmGrains/Marcie_Grain_v3_128_M2_000.uasset" 11125
"../../../Engine/Content/EngineResources/Development/ZenLogo_64.uasset" 11126
"../../../Engine/Content/EngineDebugMaterials/DebugEditorMaterial.uasset" 11127
"../../../Engine/Content/EngineMaterials/FastBlueNoise_scalar_128x128x64.uasset" 11128
"../../../Engine/Content/EngineMaterials/FastBlueNoise_vec2_128x128x64.uasset" 11129
"../../../Engine/Content/EngineMaterials/FastBlueNoise_scalar_128x128x8.uasset" 11130
"../../../Engine/Content/EngineMaterials/EnergyConservation/SheenLegacy_Energy.uasset" 11131
"../../../Engine/Content/EngineMaterials/SMAAAreaTex.uasset" 11132
"../../../Engine/Content/EngineMaterials/SMAASearchTex.uasset" 11133
"../../../Engine/Content/EngineSounds/Master.uasset" 11134
"../../../Engine/Plugins/Interchange/Runtime/Content/Pipelines/DefaultAssetsPipeline.uasset" 11135
"../../../Engine/Plugins/Interchange/Runtime/Content/Pipelines/DefaultMaterialXPipeline.uasset" 11136
"../../../Engine/Plugins/Interchange/Runtime/Content/Pipelines/DefaultGLTFAssetsPipeline.uasset" 11137
"../../../Engine/Plugins/Interchange/Runtime/Content/Pipelines/DefaultGLTFPipeline.uasset" 11138
"../../../Engine/Plugins/Interchange/Runtime/Content/Pipelines/DefaultMaterialPipeline.uasset" 11139
"../../../Engine/Plugins/Interchange/Runtime/Content/Pipelines/DefaultTexturePipeline.uasset" 11140
"../../../Engine/Plugins/Interchange/Runtime/Content/Pipelines/DefaultAudioPipeline.uasset" 11141
"../../../Engine/Plugins/Interchange/Runtime/Content/Pipelines/DefaultSceneAssetsPipeline.uasset" 11142
"../../../Engine/Plugins/Interchange/Runtime/Content/Pipelines/DefaultSceneLevelPipeline.uasset" 11143
"../../../Engine/Plugins/Interchange/Assets/Content/Functions/MX_SurfaceUnlit.uasset" 11144
"../../../Engine/Plugins/Interchange/Assets/Content/Functions/MX_UsdPreviewSurface.uasset" 11145
"../../../Engine/Plugins/Interchange/Runtime/Content/Pipelines/DefaultGLTFSceneAssetsPipeline.uasset" 11146
"../../../Engine/Plugins/Interchange/Assets/Content/Substrate/MX_SimpleVolume.uasset" 11147
"../../../Engine/Plugins/Interchange/Assets/Content/Functions/MX_OrenNayarBSDF.uasset" 11148
"/NNEDenoiser/NNE_oidn2-3-0_rt_hdr_alb_nrm_small__dyn__fp16_opset11_DenoiseAlpha" 11149
"../../../Engine/Plugins/Interchange/Assets/Content/Functions/MX_BurleyDiffuseBSDF.uasset" 11150
"../../../Engine/Plugins/Interchange/Assets/Content/Functions/MX_TranslucentBSDF.uasset" 11151
"/InterchangeAssets/Functions/MX_OrenNayarBSDF" 11152
"/InterchangeAssets/Substrate/MX_SimpleVolume" 11153
"/InterchangeAssets/Functions/MX_UsdPreviewSurface" 11154
"/Interchange/Pipelines/DefaultAudioPipeline" 11155
"/Interchange/Pipelines/DefaultTexturePipeline" 11156
"/Interchange/Pipelines/DefaultMaterialPipeline" 11157
"/Interchange/Pipelines/DefaultGLTFPipeline" 11158
"D:/Kool/Saxion/Semester 4/Unreal/AE_Unreal/Intermediate/ORTOptimizerPass_OptimizedCA157B7041A72D20199EB59E35DE66D1.onnx" 11159
"D:/Kool/Saxion/Semester 4/Unreal/AE_Unreal/Intermediate/ORTOptimizerPass_Optimized7AF52FE140F11D99E642A7AAD162494A.onnx" 11160
"D:/Kool/Saxion/Semester 4/Unreal/AE_Unreal/Intermediate/ORTOptimizerPass_Optimized870AA8F148DFC72EB71342AD5C470959.onnx" 11161
"D:/Kool/Saxion/Semester 4/Unreal/AE_Unreal/Intermediate/ORTOptimizerPass_OptimizedD30EEF864ABDA2B905FCE5897FC6186C.onnx" 11162
"/InterchangeAssets/Functions/MX_SurfaceUnlit" 11163
"/Interchange/Pipelines/DefaultGLTFSceneAssetsPipeline" 11164
"/Interchange/Pipelines/DefaultSceneLevelPipeline" 11165
"/Interchange/Pipelines/DefaultSceneAssetsPipeline" 11166
"/Interchange/Pipelines/DefaultGLTFAssetsPipeline" 11167
"/Interchange/Pipelines/DefaultMaterialXPipeline" 11168
"/Interchange/Pipelines/DefaultAssetsPipeline" 11169
"/Engine/EngineSounds/Master" 11170
"/Engine/EngineMaterials/SMAASearchTex" 11171
"/Engine/EngineMaterials/SMAAAreaTex" 11172
"/Engine/EngineMaterials/EnergyConservation/SheenLegacy_Energy" 11173
"/Engine/EngineMaterials/FastBlueNoise_vec2_128x128x64" 11174
"/Engine/EngineMaterials/FastBlueNoise_scalar_128x128x8" 11175
"/Engine/EngineMaterials/FastBlueNoise_scalar_128x128x64" 11176
"/Engine/EngineDebugMaterials/DebugEditorMaterial" 11177
"/Engine/EngineResources/Development/ZenLogo_64" 11178
"/Engine/EngineResources/FilmGrains/Marcie_Grain_v3_128_M2_000" 11179
"/Engine/EngineMaterials/DefaultBloomKernel" 11180
"/Engine/EditorResources/BSPVertex" 11181
"/NNEDenoiser/NNE_oidn2-3-0_rt_hdr_calb_cnrm_large__dyn__fp16_opset11_ForwardAlpha" 11182
"/NNEDenoiser/NNE_oidn2-3-0_rt_hdr_calb_cnrm_large__dyn__fp16_opset11_DenoiseAlpha" 11183
"/NNEDenoiser/NNE_oidn2-3-0_rt_hdr_alb_nrm__dyn__fp16_opset11_ForwardAlpha" 11184
"/NNEDenoiser/NNE_oidn2-3-0_rt_hdr_alb_nrm_small__dyn__fp16_opset11_ForwardAlpha" 11185
"../../../Engine/Plugins/Interchange/Assets/Content/Functions/MX_GeneralizedSchlickBSDF.uasset" 11186
"../../../Engine/Plugins/Interchange/Assets/Content/Functions/MX_DielectricBSDF.uasset" 11187
"../../../Engine/Plugins/Interchange/Assets/Content/Functions/MX_ConductorBSDF.uasset" 11188
"../../../Engine/Plugins/Interchange/Assets/Content/Functions/MX_SheenBSDF.uasset" 11189
"../../../Engine/Plugins/Interchange/Assets/Content/Functions/MX_MeasuredEDF.uasset" 11190
"../../../Engine/Plugins/Interchange/Assets/Content/Functions/MX_AbsorptionVDF.uasset" 11191
"../../../Engine/Plugins/Interchange/Assets/Content/Functions/MX_ConicalEDF.uasset" 11192
"../../../Engine/Plugins/Animation/ControlRig/Content/Controls/ControlRigGizmoMaterial.uasset" 11193
"../../../Engine/Plugins/Interchange/Assets/Content/Functions/MX_SubsurfaceBSDF.uasset" 11194
"../../../Engine/Plugins/Interchange/Assets/Content/Functions/MX_UniformEDF.uasset" 11195
"/InterchangeAssets/Functions/MX_TranslucentBSDF" 11196
"../../../Engine/Plugins/Interchange/Assets/Content/Functions/MX_AnisotropicVDF.uasset" 11197
"../../../Engine/Plugins/Interchange/Assets/Content/Functions/MX_ChiangHairBSDF.uasset" 11198
"/InterchangeAssets/Functions/MX_BurleyDiffuseBSDF" 11199
"/ControlRig/Controls/ControlRigGizmoMaterial" 11200
"/InterchangeAssets/Functions/MX_AnisotropicVDF" 11201
"/InterchangeAssets/Functions/MX_AbsorptionVDF" 11202
"/InterchangeAssets/Functions/MX_MeasuredEDF" 11203
"D:/Kool/Saxion/Semester 4/Unreal/AE_Unreal/Intermediate/ORTOptimizerPass_Optimized4BE4878A459C3CE1D1E2FF9C5072DC4A.onnx" 11204
"C:/Users/annie/AppData/Local/Temp/UnrealShaderWorkingDir/9408057243EBE0109646C8A1E50DDDA1/0/WorkerOutputOnly.out" 11205
"D:/Kool/Saxion/Semester 4/Unreal/AE_Unreal/Intermediate/ORTOptimizerPass_Optimized11FA8ACE4DC1E2F9A646D0B62CF2B7ED.onnx" 11206
"D:/Kool/Saxion/Semester 4/Unreal/AE_Unreal/Intermediate/ORTOptimizerPass_OptimizedE3616D3B40775E77A8E16DA66FA6A2A7.onnx" 11207
"D:/Kool/Saxion/Semester 4/Unreal/AE_Unreal/Intermediate/ORTOptimizerPass_Optimized5FE987AD471D88F6C0019399DB94D80A.onnx" 11208
"D:/Kool/Saxion/Semester 4/Unreal/AE_Unreal/Intermediate/ORTOptimizerPass_Optimized2F5F0F6F42D47E8399E6CFAFF9738766.onnx" 11209
"D:/Kool/Saxion/Semester 4/Unreal/AE_Unreal/Intermediate/ORTOptimizerPass_Optimized904BC1704C0BA93767CAC2838BB2D092.onnx" 11210
"D:/Kool/Saxion/Semester 4/Unreal/AE_Unreal/Intermediate/ORTOptimizerPass_OptimizedDDF487354F7A93E9709DE6885E83E066.onnx" 11211
"D:/Kool/Saxion/Semester 4/Unreal/AE_Unreal/Intermediate/ORTOptimizerPass_Optimized824342344BF2DE6AC09D6282ED369164.onnx" 11212
"/InterchangeAssets/Functions/MX_ChiangHairBSDF" 11213
"/InterchangeAssets/Functions/MX_SubsurfaceBSDF" 11214
"/InterchangeAssets/Functions/MX_GeneralizedSchlickBSDF" 11215
"/InterchangeAssets/Functions/MX_ConductorBSDF" 11216
"/InterchangeAssets/Functions/MX_DielectricBSDF" 11217
"/InterchangeAssets/Functions/MX_ConicalEDF" 11218
"/InterchangeAssets/Functions/MX_UniformEDF" 11219
"/InterchangeAssets/Functions/MX_SheenBSDF" 11220
"C:/Users/annie/AppData/Local/Temp/UnrealShaderWorkingDir/9408057243EBE0109646C8A1E50DDDA1/9/WorkerOutputOnly.out" 11221
"C:/Users/annie/AppData/Local/Temp/UnrealShaderWorkingDir/9408057243EBE0109646C8A1E50DDDA1/14/WorkerOutputOnly.out" 11222
"C:/Users/annie/AppData/Local/Temp/UnrealShaderWorkingDir/9408057243EBE0109646C8A1E50DDDA1/20/WorkerOutputOnly.out" 11223
"C:/Users/annie/AppData/Local/Temp/UnrealShaderWorkingDir/9408057243EBE0109646C8A1E50DDDA1/19/WorkerOutputOnly.out" 11224
